<?xml version="1.0" encoding="UTF-8"?>
<gpx version="1.1" creator="cit" xmlns="http://www.topografix.com/GPX/1/1">
<trk><name>MR - Road 2</name><trkseg>
<trkpt lat="43.147322" lon="10.856059"><ele>513.4</ele></trkpt>
<trkpt lat="43.147439" lon="10.856339"><ele>511.2</ele></trkpt>
<trkpt lat="43.147529" lon="10.856438"><ele>510.8</ele></trkpt>
<trkpt lat="43.147899" lon="10.856669"><ele>515.3</ele></trkpt>
<trkpt lat="43.14804" lon="10.856799"><ele>517.1</ele></trkpt>
<trkpt lat="43.14814" lon="10.856999"><ele>516.8</ele></trkpt>
<trkpt lat="43.148159" lon="10.85717"><ele>516.5</ele></trkpt>
<trkpt lat="43.14815" lon="10.857239"><ele>516.5</ele></trkpt>
<trkpt lat="43.14808" lon="10.857419"><ele>516.2</ele></trkpt>
<trkpt lat="43.14788" lon="10.85751"><ele>515.9</ele></trkpt>
<trkpt lat="43.147419" lon="10.857649"><ele>516.1</ele></trkpt>
<trkpt lat="43.146789" lon="10.857939"><ele>518.0</ele></trkpt>
<trkpt lat="43.146478" lon="10.858149"><ele>519.0</ele></trkpt>
<trkpt lat="43.14637" lon="10.85826"><ele>519.5</ele></trkpt>
<trkpt lat="43.145859" lon="10.85889"><ele>521.5</ele></trkpt>
<trkpt lat="43.145699" lon="10.85915"><ele>521.3</ele></trkpt>
<trkpt lat="43.145659" lon="10.85924"><ele>521.3</ele></trkpt>
<trkpt lat="43.145639" lon="10.859459"><ele>523.6</ele></trkpt>
<trkpt lat="43.145639" lon="10.8596"><ele>525.4</ele></trkpt>
<trkpt lat="43.145729" lon="10.860139"><ele>533.7</ele></trkpt>
<trkpt lat="43.145729" lon="10.860219"><ele>534.5</ele></trkpt>
<trkpt lat="43.14569" lon="10.860349"><ele>535.4</ele></trkpt>
<trkpt lat="43.14552" lon="10.86052"><ele>535.5</ele></trkpt>
<trkpt lat="43.145299" lon="10.860669"><ele>535.5</ele></trkpt>
<trkpt lat="43.144589" lon="10.860899"><ele>531.2</ele></trkpt>
<trkpt lat="43.14443" lon="10.86102"><ele>530.9</ele></trkpt>
<trkpt lat="43.1443" lon="10.86124"><ele>532.4</ele></trkpt>
<trkpt lat="43.14414" lon="10.862"><ele>539.0</ele></trkpt>
<trkpt lat="43.14398" lon="10.86275"><ele>541.0</ele></trkpt>
<trkpt lat="43.143959" lon="10.862939"><ele>541.6</ele></trkpt>
<trkpt lat="43.143959" lon="10.86311"><ele>542.8</ele></trkpt>
<trkpt lat="43.14397" lon="10.86332"><ele>544.6</ele></trkpt>
<trkpt lat="43.144089" lon="10.864119"><ele>548.3</ele></trkpt>
<trkpt lat="43.14421" lon="10.86492"><ele>550.7</ele></trkpt>
<trkpt lat="43.14431" lon="10.865239"><ele>554.1</ele></trkpt>
<trkpt lat="43.1444" lon="10.86542"><ele>556.9</ele></trkpt>
<trkpt lat="43.14476" lon="10.866"><ele>565.6</ele></trkpt>
<trkpt lat="43.14492" lon="10.866289"><ele>568.3</ele></trkpt>
<trkpt lat="43.145009" lon="10.866478"><ele>569.3</ele></trkpt>
<trkpt lat="43.14522" lon="10.867239"><ele>571.1</ele></trkpt>
<trkpt lat="43.145439" lon="10.867999"><ele>570.4</ele></trkpt>
<trkpt lat="43.145669" lon="10.868909"><ele>575.2</ele></trkpt>
<trkpt lat="43.145699" lon="10.86912"><ele>576.9</ele></trkpt>
<trkpt lat="43.145699" lon="10.86935"><ele>580.0</ele></trkpt>
<trkpt lat="43.14565" lon="10.86955"><ele>582.1</ele></trkpt>
<trkpt lat="43.14542" lon="10.87017"><ele>587.1</ele></trkpt>
<trkpt lat="43.145369" lon="10.870419"><ele>589.8</ele></trkpt>
<trkpt lat="43.145369" lon="10.87064"><ele>593.1</ele></trkpt>
<trkpt lat="43.145399" lon="10.8709"><ele>597.3</ele></trkpt>
<trkpt lat="43.14561" lon="10.87158"><ele>608.2</ele></trkpt>
<trkpt lat="43.145599" lon="10.871799"><ele>611.8</ele></trkpt>
<trkpt lat="43.145569" lon="10.87188"><ele>613.1</ele></trkpt>
<trkpt lat="43.145509" lon="10.871959"><ele>613.9</ele></trkpt>
<trkpt lat="43.145449" lon="10.871989"><ele>613.5</ele></trkpt>
<trkpt lat="43.145359" lon="10.872029"><ele>612.8</ele></trkpt>
<trkpt lat="43.144589" lon="10.872229"><ele>604.8</ele></trkpt>
<trkpt lat="43.144389" lon="10.872319"><ele>603.4</ele></trkpt>
<trkpt lat="43.144219" lon="10.87247"><ele>603.4</ele></trkpt>
<trkpt lat="43.14414" lon="10.8726"><ele>603.6</ele></trkpt>
<trkpt lat="43.144019" lon="10.872949"><ele>605.0</ele></trkpt>
<trkpt lat="43.14398" lon="10.873189"><ele>607.2</ele></trkpt>
<trkpt lat="43.143889" lon="10.874259"><ele>616.8</ele></trkpt>
<trkpt lat="43.14388" lon="10.87481"><ele>621.3</ele></trkpt>
<trkpt lat="43.14397" lon="10.875479"><ele>623.8</ele></trkpt>
<trkpt lat="43.144059" lon="10.875939"><ele>623.3</ele></trkpt>
<trkpt lat="43.14418" lon="10.87631"><ele>622.6</ele></trkpt>
<trkpt lat="43.144359" lon="10.876619"><ele>624.9</ele></trkpt>
<trkpt lat="43.1447" lon="10.877089"><ele>627.2</ele></trkpt>
<trkpt lat="43.144809" lon="10.877309"><ele>627.2</ele></trkpt>
<trkpt lat="43.1449" lon="10.877549"><ele>626.7</ele></trkpt>
<trkpt lat="43.14496" lon="10.877809"><ele>625.7</ele></trkpt>
<trkpt lat="43.14512" lon="10.878889"><ele>623.8</ele></trkpt>
<trkpt lat="43.145268" lon="10.87996"><ele>624.6</ele></trkpt>
<trkpt lat="43.145429" lon="10.88104"><ele>628.2</ele></trkpt>
<trkpt lat="43.145429" lon="10.881249"><ele>629.5</ele></trkpt>
<trkpt lat="43.145409" lon="10.88147"><ele>630.6</ele></trkpt>
<trkpt lat="43.145339" lon="10.88169"><ele>630.4</ele></trkpt>
<trkpt lat="43.145239" lon="10.881879"><ele>629.1</ele></trkpt>
<trkpt lat="43.14493" lon="10.882338"><ele>626.2</ele></trkpt>
<trkpt lat="43.14463" lon="10.882809"><ele>626.5</ele></trkpt>
<trkpt lat="43.144519" lon="10.88311"><ele>625.8</ele></trkpt>
<trkpt lat="43.1445" lon="10.883389"><ele>625.3</ele></trkpt>
<trkpt lat="43.14456" lon="10.88387"><ele>625.7</ele></trkpt>
<trkpt lat="43.144619" lon="10.884149"><ele>625.8</ele></trkpt>
<trkpt lat="43.1447" lon="10.88439"><ele>627.0</ele></trkpt>
<trkpt lat="43.144809" lon="10.884638"><ele>628.0</ele></trkpt>
<trkpt lat="43.145239" lon="10.88538"><ele>627.5</ele></trkpt>
<trkpt lat="43.145339" lon="10.88564"><ele>627.0</ele></trkpt>
<trkpt lat="43.145369" lon="10.88576"><ele>626.9</ele></trkpt>
<trkpt lat="43.14538" lon="10.8859"><ele>626.8</ele></trkpt>
<trkpt lat="43.145369" lon="10.88606"><ele>626.3</ele></trkpt>
<trkpt lat="43.145279" lon="10.886699"><ele>624.2</ele></trkpt>
<trkpt lat="43.14529" lon="10.886859"><ele>623.5</ele></trkpt>
<trkpt lat="43.145339" lon="10.887089"><ele>622.6</ele></trkpt>
<trkpt lat="43.14546" lon="10.88728"><ele>622.3</ele></trkpt>
<trkpt lat="43.145509" lon="10.88744"><ele>622.2</ele></trkpt>
<trkpt lat="43.14552" lon="10.88757"><ele>622.0</ele></trkpt>
<trkpt lat="43.14526" lon="10.88794"><ele>620.6</ele></trkpt>
<trkpt lat="43.14515" lon="10.888209"><ele>620.7</ele></trkpt>
<trkpt lat="43.14512" lon="10.88856"><ele>621.1</ele></trkpt>
<trkpt lat="43.145179" lon="10.889199"><ele>621.1</ele></trkpt>
<trkpt lat="43.14522" lon="10.8902"><ele>616.0</ele></trkpt>
<trkpt lat="43.145268" lon="10.891199"><ele>611.9</ele></trkpt>
<trkpt lat="43.14523" lon="10.891529"><ele>611.8</ele></trkpt>
<trkpt lat="43.145049" lon="10.89262"><ele>612.9</ele></trkpt>
<trkpt lat="43.144969" lon="10.892939"><ele>613.6</ele></trkpt>
<trkpt lat="43.144879" lon="10.893169"><ele>613.2</ele></trkpt>
<trkpt lat="43.144879" lon="10.893169"><ele>613.2</ele></trkpt>
<trkpt lat="43.14483" lon="10.89329"><ele>613.1</ele></trkpt>
<trkpt lat="43.1447" lon="10.89345"><ele>611.7</ele></trkpt>
<trkpt lat="43.144149" lon="10.893649"><ele>604.2</ele></trkpt>
<trkpt lat="43.14407" lon="10.89374"><ele>603.1</ele></trkpt>
<trkpt lat="43.14401" lon="10.89385"><ele>602.5</ele></trkpt>
<trkpt lat="43.14398" lon="10.893949"><ele>602.4</ele></trkpt>
<trkpt lat="43.143959" lon="10.894069"><ele>602.6</ele></trkpt>
<trkpt lat="43.14397" lon="10.894189"><ele>603.0</ele></trkpt>
<trkpt lat="43.14407" lon="10.894419"><ele>602.9</ele></trkpt>
<trkpt lat="43.144219" lon="10.894538"><ele>604.2</ele></trkpt>
<trkpt lat="43.144418" lon="10.89476"><ele>605.3</ele></trkpt>
<trkpt lat="43.14447" lon="10.894849"><ele>605.3</ele></trkpt>
<trkpt lat="43.144479" lon="10.89503"><ele>604.0</ele></trkpt>
<trkpt lat="43.14446" lon="10.89512"><ele>603.0</ele></trkpt>
<trkpt lat="43.144329" lon="10.895429"><ele>598.5</ele></trkpt>
<trkpt lat="43.144319" lon="10.89552"><ele>597.7</ele></trkpt>
<trkpt lat="43.144329" lon="10.89561"><ele>597.2</ele></trkpt>
<trkpt lat="43.14437" lon="10.89572"><ele>597.0</ele></trkpt>
<trkpt lat="43.144709" lon="10.896159"><ele>599.0</ele></trkpt>
<trkpt lat="43.144749" lon="10.896279"><ele>598.8</ele></trkpt>
<trkpt lat="43.14476" lon="10.896389"><ele>598.1</ele></trkpt>
<trkpt lat="43.144749" lon="10.89689"><ele>594.3</ele></trkpt>
<trkpt lat="43.14479" lon="10.89715"><ele>593.1</ele></trkpt>
<trkpt lat="43.14486" lon="10.89735"><ele>592.8</ele></trkpt>
<trkpt lat="43.145009" lon="10.89762"><ele>593.6</ele></trkpt>
<trkpt lat="43.145139" lon="10.897929"><ele>594.4</ele></trkpt>
<trkpt lat="43.14516" lon="10.898029"><ele>594.2</ele></trkpt>
<trkpt lat="43.145139" lon="10.89821"><ele>592.9</ele></trkpt>
<trkpt lat="43.145099" lon="10.89837"><ele>591.9</ele></trkpt>
<trkpt lat="43.144978" lon="10.8987"><ele>593.2</ele></trkpt>
<trkpt lat="43.14492" lon="10.898808"><ele>593.1</ele></trkpt>
<trkpt lat="43.14483" lon="10.898909"><ele>592.4</ele></trkpt>
<trkpt lat="43.14456" lon="10.899138"><ele>589.3</ele></trkpt>
<trkpt lat="43.14447" lon="10.899239"><ele>588.7</ele></trkpt>
<trkpt lat="43.14434" lon="10.89946"><ele>588.8</ele></trkpt>
<trkpt lat="43.144029" lon="10.900329"><ele>590.7</ele></trkpt>
<trkpt lat="43.14381" lon="10.900879"><ele>588.7</ele></trkpt>
<trkpt lat="43.143629" lon="10.90165"><ele>588.1</ele></trkpt>
<trkpt lat="43.14352" lon="10.901899"><ele>586.6</ele></trkpt>
<trkpt lat="43.14341" lon="10.902069"><ele>585.5</ele></trkpt>
<trkpt lat="43.14329" lon="10.902188"><ele>584.5</ele></trkpt>
<trkpt lat="43.14306" lon="10.902319"><ele>583.0</ele></trkpt>
<trkpt lat="43.142769" lon="10.902429"><ele>581.0</ele></trkpt>
<trkpt lat="43.14247" lon="10.902489"><ele>578.6</ele></trkpt>
<trkpt lat="43.142019" lon="10.902429"><ele>573.3</ele></trkpt>
<trkpt lat="43.14187" lon="10.90244"><ele>572.0</ele></trkpt>
<trkpt lat="43.141789" lon="10.902489"><ele>572.0</ele></trkpt>
<trkpt lat="43.141688" lon="10.902619"><ele>571.2</ele></trkpt>
<trkpt lat="43.14161" lon="10.90281"><ele>570.0</ele></trkpt>
<trkpt lat="43.14145" lon="10.903249"><ele>567.1</ele></trkpt>
<trkpt lat="43.141399" lon="10.90343"><ele>565.9</ele></trkpt>
<trkpt lat="43.14139" lon="10.90356"><ele>565.3</ele></trkpt>
<trkpt lat="43.141399" lon="10.903669"><ele>565.1</ele></trkpt>
<trkpt lat="43.14158" lon="10.90419"><ele>565.7</ele></trkpt>
<trkpt lat="43.141589" lon="10.90441"><ele>564.5</ele></trkpt>
<trkpt lat="43.14148" lon="10.904599"><ele>562.7</ele></trkpt>
<trkpt lat="43.14093" lon="10.90514"><ele>561.0</ele></trkpt>
<trkpt lat="43.140379" lon="10.905669"><ele>562.4</ele></trkpt>
<trkpt lat="43.140219" lon="10.90579"><ele>563.8</ele></trkpt>
<trkpt lat="43.140099" lon="10.90582"><ele>564.5</ele></trkpt>
<trkpt lat="43.139718" lon="10.905799"><ele>567.5</ele></trkpt>
<trkpt lat="43.13934" lon="10.905739"><ele>570.3</ele></trkpt>
<trkpt lat="43.13872" lon="10.90569"><ele>573.1</ele></trkpt>
<trkpt lat="43.138089" lon="10.905649"><ele>574.6</ele></trkpt>
<trkpt lat="43.13747" lon="10.905649"><ele>575.0</ele></trkpt>
<trkpt lat="43.137169" lon="10.90569"><ele>573.2</ele></trkpt>
<trkpt lat="43.13699" lon="10.905739"><ele>572.5</ele></trkpt>
<trkpt lat="43.136449" lon="10.90606"><ele>570.3</ele></trkpt>
<trkpt lat="43.135909" lon="10.906369"><ele>565.9</ele></trkpt>
<trkpt lat="43.135759" lon="10.906489"><ele>564.8</ele></trkpt>
<trkpt lat="43.1357" lon="10.906589"><ele>564.8</ele></trkpt>
<trkpt lat="43.135419" lon="10.907538"><ele>563.7</ele></trkpt>
<trkpt lat="43.135289" lon="10.907739"><ele>561.2</ele></trkpt>
<trkpt lat="43.135089" lon="10.907879"><ele>559.2</ele></trkpt>
<trkpt lat="43.134639" lon="10.90809"><ele>557.3</ele></trkpt>
<trkpt lat="43.13445" lon="10.90809"><ele>557.0</ele></trkpt>
<trkpt lat="43.133718" lon="10.907869"><ele>549.0</ele></trkpt>
<trkpt lat="43.13361" lon="10.907869"><ele>547.9</ele></trkpt>
<trkpt lat="43.133519" lon="10.907899"><ele>547.5</ele></trkpt>
<trkpt lat="43.13344" lon="10.907969"><ele>547.9</ele></trkpt>
<trkpt lat="43.13337" lon="10.90806"><ele>548.7</ele></trkpt>
<trkpt lat="43.13331" lon="10.90818"><ele>550.1</ele></trkpt>
<trkpt lat="43.133158" lon="10.90877"><ele>551.4</ele></trkpt>
<trkpt lat="43.133119" lon="10.90887"><ele>551.3</ele></trkpt>
<trkpt lat="43.133059" lon="10.90894"><ele>551.1</ele></trkpt>
<trkpt lat="43.132779" lon="10.90921"><ele>551.7</ele></trkpt>
<trkpt lat="43.132179" lon="10.909639"><ele>558.0</ele></trkpt>
<trkpt lat="43.131589" lon="10.91006"><ele>564.6</ele></trkpt>
<trkpt lat="43.130989" lon="10.91049"><ele>567.8</ele></trkpt>
<trkpt lat="43.13084" lon="10.910629"><ele>569.2</ele></trkpt>
<trkpt lat="43.13082" lon="10.91072"><ele>571.3</ele></trkpt>
<trkpt lat="43.13084" lon="10.910789"><ele>573.1</ele></trkpt>
<trkpt lat="43.13105" lon="10.910959"><ele>578.1</ele></trkpt>
<trkpt lat="43.13111" lon="10.91105"><ele>579.7</ele></trkpt>
<trkpt lat="43.1312" lon="10.91151"><ele>584.8</ele></trkpt>
<trkpt lat="43.1313" lon="10.911749"><ele>587.4</ele></trkpt>
<trkpt lat="43.131709" lon="10.912339"><ele>589.5</ele></trkpt>
<trkpt lat="43.131748" lon="10.912469"><ele>589.3</ele></trkpt>
<trkpt lat="43.13174" lon="10.912569"><ele>589.9</ele></trkpt>
<trkpt lat="43.131689" lon="10.912639"><ele>590.9</ele></trkpt>
<trkpt lat="43.13164" lon="10.91268"><ele>591.7</ele></trkpt>
<trkpt lat="43.13101" lon="10.91265"><ele>596.4</ele></trkpt>
<trkpt lat="43.130929" lon="10.912659"><ele>597.2</ele></trkpt>
<trkpt lat="43.13085" lon="10.91271"><ele>598.4</ele></trkpt>
<trkpt lat="43.13074" lon="10.91281"><ele>600.9</ele></trkpt>
<trkpt lat="43.130699" lon="10.91291"><ele>602.7</ele></trkpt>
<trkpt lat="43.130699" lon="10.913028"><ele>604.2</ele></trkpt>
<trkpt lat="43.130729" lon="10.913289"><ele>607.2</ele></trkpt>
<trkpt lat="43.130699" lon="10.913549"><ele>609.2</ele></trkpt>
<trkpt lat="43.130659" lon="10.9137"><ele>610.8</ele></trkpt>
<trkpt lat="43.130409" lon="10.91435"><ele>620.3</ele></trkpt>
<trkpt lat="43.13039" lon="10.914469"><ele>620.6</ele></trkpt>
<trkpt lat="43.130399" lon="10.91459"><ele>620.0</ele></trkpt>
<trkpt lat="43.13045" lon="10.914829"><ele>617.8</ele></trkpt>
<trkpt lat="43.130459" lon="10.914929"><ele>617.2</ele></trkpt>
<trkpt lat="43.130439" lon="10.91502"><ele>617.5</ele></trkpt>
<trkpt lat="43.13029" lon="10.915299"><ele>620.4</ele></trkpt>
<trkpt lat="43.130249" lon="10.9154"><ele>621.0</ele></trkpt>
<trkpt lat="43.13023" lon="10.915559"><ele>620.5</ele></trkpt>
<trkpt lat="43.13019" lon="10.91573"><ele>620.8</ele></trkpt>
<trkpt lat="43.130079" lon="10.916"><ele>622.6</ele></trkpt>
<trkpt lat="43.12977" lon="10.91642"><ele>627.6</ele></trkpt>
<trkpt lat="43.12957" lon="10.91708"><ele>625.2</ele></trkpt>
<trkpt lat="43.12943" lon="10.91731"><ele>625.9</ele></trkpt>
<trkpt lat="43.12927" lon="10.917439"><ele>628.2</ele></trkpt>
<trkpt lat="43.12911" lon="10.91754"><ele>630.2</ele></trkpt>
<trkpt lat="43.12861" lon="10.917759"><ele>633.7</ele></trkpt>
<trkpt lat="43.128109" lon="10.917989"><ele>633.7</ele></trkpt>
<trkpt lat="43.12757" lon="10.91829"><ele>631.9</ele></trkpt>
<trkpt lat="43.127019" lon="10.918579"><ele>632.6</ele></trkpt>
<trkpt lat="43.126869" lon="10.918679"><ele>633.3</ele></trkpt>
<trkpt lat="43.12677" lon="10.918779"><ele>634.4</ele></trkpt>
<trkpt lat="43.126719" lon="10.91885"><ele>635.3</ele></trkpt>
<trkpt lat="43.12671" lon="10.91892"><ele>636.3</ele></trkpt>
<trkpt lat="43.12671" lon="10.919099"><ele>639.1</ele></trkpt>
<trkpt lat="43.126849" lon="10.919529"><ele>644.6</ele></trkpt>
<trkpt lat="43.12703" lon="10.919849"><ele>647.4</ele></trkpt>
<trkpt lat="43.127059" lon="10.919949"><ele>648.2</ele></trkpt>
<trkpt lat="43.127079" lon="10.9201"><ele>649.3</ele></trkpt>
<trkpt lat="43.127059" lon="10.92026"><ele>650.7</ele></trkpt>
<trkpt lat="43.12701" lon="10.920409"><ele>652.2</ele></trkpt>
<trkpt lat="43.1268" lon="10.92089"><ele>657.1</ele></trkpt>
<trkpt lat="43.126779" lon="10.921029"><ele>657.5</ele></trkpt>
<trkpt lat="43.126819" lon="10.92148"><ele>658.0</ele></trkpt>
<trkpt lat="43.1268" lon="10.921599"><ele>658.3</ele></trkpt>
<trkpt lat="43.12652" lon="10.92247"><ele>655.4</ele></trkpt>
<trkpt lat="43.12625" lon="10.923349"><ele>650.8</ele></trkpt>
<trkpt lat="43.12619" lon="10.923469"><ele>649.2</ele></trkpt>
<trkpt lat="43.126099" lon="10.923589"><ele>647.2</ele></trkpt>
<trkpt lat="43.125999" lon="10.923669"><ele>645.5</ele></trkpt>
<trkpt lat="43.125739" lon="10.923789"><ele>641.8</ele></trkpt>
<trkpt lat="43.125739" lon="10.923789"><ele>641.8</ele></trkpt>
<trkpt lat="43.1253" lon="10.923929"><ele>637.6</ele></trkpt>
<trkpt lat="43.12524" lon="10.923919"><ele>637.3</ele></trkpt>
<trkpt lat="43.125179" lon="10.92387"><ele>637.3</ele></trkpt>
<trkpt lat="43.125109" lon="10.923669"><ele>637.7</ele></trkpt>
<trkpt lat="43.125089" lon="10.923359"><ele>639.0</ele></trkpt>
<trkpt lat="43.125019" lon="10.92306"><ele>640.2</ele></trkpt>
<trkpt lat="43.124979" lon="10.92296"><ele>640.6</ele></trkpt>
<trkpt lat="43.124919" lon="10.922879"><ele>640.8</ele></trkpt>
<trkpt lat="43.124859" lon="10.92283"><ele>640.9</ele></trkpt>
<trkpt lat="43.124749" lon="10.92283"><ele>640.4</ele></trkpt>
<trkpt lat="43.12418" lon="10.923229"><ele>633.2</ele></trkpt>
<trkpt lat="43.123609" lon="10.923629"><ele>634.3</ele></trkpt>
<trkpt lat="43.123149" lon="10.92414"><ele>628.5</ele></trkpt>
<trkpt lat="43.123009" lon="10.924319"><ele>627.9</ele></trkpt>
<trkpt lat="43.122559" lon="10.92513"><ele>616.6</ele></trkpt>
<trkpt lat="43.122489" lon="10.92523"><ele>615.2</ele></trkpt>
<trkpt lat="43.122089" lon="10.925649"><ele>614.3</ele></trkpt>
<trkpt lat="43.12182" lon="10.926149"><ele>610.8</ele></trkpt>
<trkpt lat="43.121509" lon="10.92696"><ele>605.4</ele></trkpt>
<trkpt lat="43.121439" lon="10.927169"><ele>604.9</ele></trkpt>
<trkpt lat="43.1214" lon="10.92736"><ele>603.7</ele></trkpt>
<trkpt lat="43.1214" lon="10.927758"><ele>601.4</ele></trkpt>
<trkpt lat="43.121369" lon="10.92791"><ele>601.2</ele></trkpt>
<trkpt lat="43.121239" lon="10.92815"><ele>600.3</ele></trkpt>
<trkpt lat="43.120979" lon="10.928349"><ele>597.8</ele></trkpt>
<trkpt lat="43.12028" lon="10.92871"><ele>597.4</ele></trkpt>
<trkpt lat="43.120099" lon="10.92887"><ele>595.2</ele></trkpt>
<trkpt lat="43.12005" lon="10.92897"><ele>593.8</ele></trkpt>
<trkpt lat="43.119999" lon="10.929119"><ele>591.6</ele></trkpt>
<trkpt lat="43.11985" lon="10.92975"><ele>589.0</ele></trkpt>
<trkpt lat="43.11979" lon="10.92988"><ele>587.9</ele></trkpt>
<trkpt lat="43.119599" lon="10.93015"><ele>584.5</ele></trkpt>
<trkpt lat="43.119499" lon="10.93035"><ele>582.6</ele></trkpt>
<trkpt lat="43.119439" lon="10.93048"><ele>581.3</ele></trkpt>
<trkpt lat="43.11942" lon="10.930779"><ele>579.6</ele></trkpt>
<trkpt lat="43.11945" lon="10.93097"><ele>581.0</ele></trkpt>
<trkpt lat="43.119539" lon="10.93119"><ele>584.1</ele></trkpt>
<trkpt lat="43.119599" lon="10.93129"><ele>585.5</ele></trkpt>
<trkpt lat="43.11966" lon="10.931349"><ele>586.5</ele></trkpt>
<trkpt lat="43.119728" lon="10.931379"><ele>587.3</ele></trkpt>
<trkpt lat="43.11992" lon="10.931419"><ele>589.2</ele></trkpt>
<trkpt lat="43.12018" lon="10.931449"><ele>590.1</ele></trkpt>
<trkpt lat="43.12041" lon="10.931539"><ele>590.2</ele></trkpt>
<trkpt lat="43.12093" lon="10.931839"><ele>590.7</ele></trkpt>
<trkpt lat="43.121439" lon="10.932129"><ele>591.2</ele></trkpt>
<trkpt lat="43.121669" lon="10.93231"><ele>590.5</ele></trkpt>
<trkpt lat="43.12185" lon="10.93247"><ele>590.8</ele></trkpt>
<trkpt lat="43.121969" lon="10.93261"><ele>591.5</ele></trkpt>
<trkpt lat="43.12205" lon="10.93278"><ele>592.4</ele></trkpt>
<trkpt lat="43.12211" lon="10.932959"><ele>593.0</ele></trkpt>
<trkpt lat="43.12212" lon="10.933089"><ele>593.6</ele></trkpt>
<trkpt lat="43.12212" lon="10.93375"><ele>595.1</ele></trkpt>
<trkpt lat="43.12212" lon="10.93375"><ele>595.1</ele></trkpt>
<trkpt lat="43.12212" lon="10.93375"><ele>595.1</ele></trkpt>
<trkpt lat="43.12211" lon="10.934159"><ele>595.6</ele></trkpt>
<trkpt lat="43.12205" lon="10.934459"><ele>594.9</ele></trkpt>
<trkpt lat="43.121829" lon="10.934859"><ele>598.7</ele></trkpt>
<trkpt lat="43.12175" lon="10.935219"><ele>596.1</ele></trkpt>
<trkpt lat="43.121699" lon="10.93566"><ele>589.3</ele></trkpt>
<trkpt lat="43.12165" lon="10.935749"><ele>588.8</ele></trkpt>
<trkpt lat="43.121509" lon="10.93589"><ele>587.5</ele></trkpt>
<trkpt lat="43.121379" lon="10.935969"><ele>587.1</ele></trkpt>
<trkpt lat="43.12126" lon="10.936009"><ele>587.5</ele></trkpt>
<trkpt lat="43.12093" lon="10.935999"><ele>591.2</ele></trkpt>
<trkpt lat="43.12034" lon="10.935909"><ele>595.3</ele></trkpt>
<trkpt lat="43.120129" lon="10.93595"><ele>595.2</ele></trkpt>
<trkpt lat="43.12001" lon="10.936069"><ele>594.1</ele></trkpt>
<trkpt lat="43.119969" lon="10.936158"><ele>593.6</ele></trkpt>
<trkpt lat="43.119928" lon="10.93638"><ele>592.0</ele></trkpt>
<trkpt lat="43.119869" lon="10.937319"><ele>583.7</ele></trkpt>
<trkpt lat="43.11981" lon="10.93825"><ele>581.9</ele></trkpt>
<trkpt lat="43.11979" lon="10.93904"><ele>575.7</ele></trkpt>
<trkpt lat="43.11985" lon="10.939379"><ele>572.3</ele></trkpt>
<trkpt lat="43.120259" lon="10.94038"><ele>563.6</ele></trkpt>
<trkpt lat="43.120669" lon="10.94138"><ele>562.6</ele></trkpt>
<trkpt lat="43.12109" lon="10.942379"><ele>566.4</ele></trkpt>
<trkpt lat="43.121179" lon="10.942739"><ele>568.6</ele></trkpt>
<trkpt lat="43.1213" lon="10.943329"><ele>573.3</ele></trkpt>
<trkpt lat="43.12132" lon="10.943478"><ele>574.3</ele></trkpt>
<trkpt lat="43.121309" lon="10.9437"><ele>575.2</ele></trkpt>
<trkpt lat="43.12119" lon="10.944339"><ele>575.6</ele></trkpt>
<trkpt lat="43.1212" lon="10.94459"><ele>575.7</ele></trkpt>
<trkpt lat="43.121379" lon="10.945169"><ele>579.0</ele></trkpt>
<trkpt lat="43.12155" lon="10.945749"><ele>583.6</ele></trkpt>
<trkpt lat="43.121599" lon="10.945989"><ele>585.6</ele></trkpt>
<trkpt lat="43.121599" lon="10.946108"><ele>586.2</ele></trkpt>
<trkpt lat="43.121469" lon="10.94696"><ele>587.3</ele></trkpt>
<trkpt lat="43.121469" lon="10.94708"><ele>587.6</ele></trkpt>
<trkpt lat="43.121499" lon="10.94738"><ele>588.7</ele></trkpt>
<trkpt lat="43.12162" lon="10.948049"><ele>590.5</ele></trkpt>
<trkpt lat="43.12162" lon="10.948189"><ele>590.4</ele></trkpt>
<trkpt lat="43.121569" lon="10.948539"><ele>590.2</ele></trkpt>
<trkpt lat="43.121409" lon="10.949239"><ele>591.4</ele></trkpt>
<trkpt lat="43.121239" lon="10.94994"><ele>594.0</ele></trkpt>
<trkpt lat="43.120959" lon="10.95067"><ele>595.6</ele></trkpt>
<trkpt lat="43.120679" lon="10.95139"><ele>597.0</ele></trkpt>
<trkpt lat="43.120459" lon="10.95227"><ele>596.9</ele></trkpt>
<trkpt lat="43.12041" lon="10.95246"><ele>596.7</ele></trkpt>
<trkpt lat="43.120299" lon="10.95266"><ele>595.4</ele></trkpt>
<trkpt lat="43.120229" lon="10.952719"><ele>595.1</ele></trkpt>
<trkpt lat="43.120059" lon="10.952779"><ele>595.3</ele></trkpt>
<trkpt lat="43.119928" lon="10.95279"><ele>595.5</ele></trkpt>
<trkpt lat="43.119168" lon="10.9527"><ele>596.1</ele></trkpt>
<trkpt lat="43.118899" lon="10.95269"><ele>598.0</ele></trkpt>
<trkpt lat="43.118699" lon="10.952749"><ele>598.9</ele></trkpt>
<trkpt lat="43.11857" lon="10.95293"><ele>598.6</ele></trkpt>
<trkpt lat="43.118489" lon="10.953079"><ele>598.2</ele></trkpt>
<trkpt lat="43.118129" lon="10.95405"><ele>596.7</ele></trkpt>
<trkpt lat="43.11808" lon="10.95424"><ele>596.3</ele></trkpt>
<trkpt lat="43.11795" lon="10.955149"><ele>593.2</ele></trkpt>
<trkpt lat="43.11781" lon="10.956059"><ele>591.7</ele></trkpt>
<trkpt lat="43.11768" lon="10.956979"><ele>592.4</ele></trkpt>
<trkpt lat="43.117579" lon="10.957729"><ele>595.4</ele></trkpt>
<trkpt lat="43.11748" lon="10.958489"><ele>595.3</ele></trkpt>
<trkpt lat="43.117399" lon="10.959019"><ele>593.1</ele></trkpt>
<trkpt lat="43.11735" lon="10.959249"><ele>592.3</ele></trkpt>
<trkpt lat="43.117269" lon="10.959499"><ele>591.6</ele></trkpt>
<trkpt lat="43.117169" lon="10.95969"><ele>591.4</ele></trkpt>
<trkpt lat="43.117069" lon="10.95985"><ele>591.5</ele></trkpt>
<trkpt lat="43.11644" lon="10.960589"><ele>594.2</ele></trkpt>
<trkpt lat="43.11637" lon="10.960719"><ele>594.5</ele></trkpt>
<trkpt lat="43.11631" lon="10.96087"><ele>595.1</ele></trkpt>
<trkpt lat="43.115988" lon="10.961919"><ele>602.6</ele></trkpt>
<trkpt lat="43.11587" lon="10.96218"><ele>604.6</ele></trkpt>
<trkpt lat="43.115329" lon="10.963089"><ele>606.8</ele></trkpt>
<trkpt lat="43.115228" lon="10.963278"><ele>607.7</ele></trkpt>
<trkpt lat="43.11515" lon="10.963509"><ele>607.8</ele></trkpt>
<trkpt lat="43.11512" lon="10.963769"><ele>608.4</ele></trkpt>
<trkpt lat="43.115109" lon="10.96402"><ele>609.2</ele></trkpt>
<trkpt lat="43.115138" lon="10.964299"><ele>610.0</ele></trkpt>
<trkpt lat="43.115299" lon="10.96514"><ele>610.8</ele></trkpt>
<trkpt lat="43.115429" lon="10.965609"><ele>610.6</ele></trkpt>
<trkpt lat="43.115729" lon="10.966399"><ele>615.0</ele></trkpt>
<trkpt lat="43.116029" lon="10.967189"><ele>617.9</ele></trkpt>
<trkpt lat="43.116159" lon="10.967389"><ele>618.0</ele></trkpt>
<trkpt lat="43.1166" lon="10.96776"><ele>620.3</ele></trkpt>
<trkpt lat="43.11703" lon="10.96812"><ele>622.6</ele></trkpt>
<trkpt lat="43.117209" lon="10.968309"><ele>624.1</ele></trkpt>
<trkpt lat="43.11732" lon="10.968529"><ele>625.5</ele></trkpt>
<trkpt lat="43.117399" lon="10.968789"><ele>627.1</ele></trkpt>
<trkpt lat="43.117629" lon="10.969649"><ele>629.2</ele></trkpt>
<trkpt lat="43.117729" lon="10.97016"><ele>629.5</ele></trkpt>
<trkpt lat="43.117729" lon="10.97026"><ele>629.6</ele></trkpt>
<trkpt lat="43.11768" lon="10.970459"><ele>630.4</ele></trkpt>
<trkpt lat="43.11739" lon="10.97118"><ele>635.1</ele></trkpt>
<trkpt lat="43.11736" lon="10.97138"><ele>636.3</ele></trkpt>
<trkpt lat="43.117369" lon="10.97161"><ele>636.7</ele></trkpt>
<trkpt lat="43.117409" lon="10.97171"><ele>636.5</ele></trkpt>
<trkpt lat="43.117509" lon="10.971849"><ele>636.4</ele></trkpt>
<trkpt lat="43.11769" lon="10.971979"><ele>637.2</ele></trkpt>
<trkpt lat="43.118159" lon="10.972279"><ele>638.0</ele></trkpt>
<trkpt lat="43.11863" lon="10.972569"><ele>636.5</ele></trkpt>
<trkpt lat="43.118849" lon="10.972739"><ele>635.3</ele></trkpt>
<trkpt lat="43.11893" lon="10.97288"><ele>635.1</ele></trkpt>
<trkpt lat="43.11897" lon="10.973059"><ele>635.6</ele></trkpt>
<trkpt lat="43.118989" lon="10.97321"><ele>636.1</ele></trkpt>
<trkpt lat="43.118989" lon="10.973749"><ele>638.8</ele></trkpt>
<trkpt lat="43.119019" lon="10.973989"><ele>639.2</ele></trkpt>
<trkpt lat="43.11906" lon="10.97416"><ele>638.9</ele></trkpt>
<trkpt lat="43.11923" lon="10.974479"><ele>639.0</ele></trkpt>
<trkpt lat="43.119899" lon="10.975198"><ele>635.8</ele></trkpt>
<trkpt lat="43.119989" lon="10.97532"><ele>635.1</ele></trkpt>
<trkpt lat="43.120109" lon="10.975589"><ele>634.4</ele></trkpt>
<trkpt lat="43.120189" lon="10.97591"><ele>634.7</ele></trkpt>
<trkpt lat="43.120299" lon="10.97653"><ele>636.5</ele></trkpt>
<trkpt lat="43.12031" lon="10.976709"><ele>637.1</ele></trkpt>
<trkpt lat="43.120289" lon="10.977009"><ele>637.0</ele></trkpt>
<trkpt lat="43.120219" lon="10.977299"><ele>638.0</ele></trkpt>
<trkpt lat="43.12008" lon="10.977619"><ele>639.8</ele></trkpt>
<trkpt lat="43.119999" lon="10.97794"><ele>639.4</ele></trkpt>
<trkpt lat="43.11998" lon="10.97814"><ele>638.7</ele></trkpt>
<trkpt lat="43.12001" lon="10.978349"><ele>639.4</ele></trkpt>
<trkpt lat="43.120059" lon="10.978529"><ele>640.0</ele></trkpt>
<trkpt lat="43.12051" lon="10.97931"><ele>643.3</ele></trkpt>
<trkpt lat="43.1206" lon="10.97945"><ele>644.0</ele></trkpt>
<trkpt lat="43.120779" lon="10.979659"><ele>645.1</ele></trkpt>
<trkpt lat="43.121009" lon="10.979789"><ele>647.5</ele></trkpt>
<trkpt lat="43.121149" lon="10.97984"><ele>648.2</ele></trkpt>
<trkpt lat="43.12123" lon="10.97985"><ele>648.3</ele></trkpt>
<trkpt lat="43.12146" lon="10.97981"><ele>648.8</ele></trkpt>
<trkpt lat="43.121599" lon="10.979749"><ele>649.1</ele></trkpt>
<trkpt lat="43.121999" lon="10.97951"><ele>650.1</ele></trkpt>
<trkpt lat="43.122419" lon="10.97925"><ele>651.2</ele></trkpt>
<trkpt lat="43.122839" lon="10.978998"><ele>653.3</ele></trkpt>
<trkpt lat="43.123079" lon="10.97892"><ele>654.5</ele></trkpt>
<trkpt lat="43.12319" lon="10.97893"><ele>656.0</ele></trkpt>
<trkpt lat="43.123868" lon="10.97912"><ele>664.7</ele></trkpt>
<trkpt lat="43.124199" lon="10.97915"><ele>667.1</ele></trkpt>
<trkpt lat="43.12467" lon="10.979109"><ele>671.1</ele></trkpt>
<trkpt lat="43.124829" lon="10.979069"><ele>672.2</ele></trkpt>
<trkpt lat="43.125368" lon="10.978849"><ele>674.4</ele></trkpt>
<trkpt lat="43.125569" lon="10.978839"><ele>675.8</ele></trkpt>
<trkpt lat="43.12573" lon="10.978879"><ele>677.5</ele></trkpt>
<trkpt lat="43.12595" lon="10.978979"><ele>679.3</ele></trkpt>
<trkpt lat="43.126199" lon="10.97915"><ele>680.1</ele></trkpt>
<trkpt lat="43.126259" lon="10.979229"><ele>681.0</ele></trkpt>
<trkpt lat="43.12648" lon="10.979669"><ele>687.2</ele></trkpt>
<trkpt lat="43.12661" lon="10.979899"><ele>689.9</ele></trkpt>
<trkpt lat="43.12697" lon="10.98034"><ele>693.1</ele></trkpt>
<trkpt lat="43.1271" lon="10.980489"><ele>694.2</ele></trkpt>
<trkpt lat="43.127289" lon="10.980679"><ele>695.8</ele></trkpt>
<trkpt lat="43.127409" lon="10.98077"><ele>695.9</ele></trkpt>
<trkpt lat="43.12795" lon="10.981079"><ele>701.3</ele></trkpt>
<trkpt lat="43.128229" lon="10.981169"><ele>703.8</ele></trkpt>
<trkpt lat="43.12841" lon="10.981209"><ele>705.3</ele></trkpt>
<trkpt lat="43.12923" lon="10.98123"><ele>711.2</ele></trkpt>
<trkpt lat="43.129359" lon="10.98119"><ele>712.8</ele></trkpt>
<trkpt lat="43.129549" lon="10.981069"><ele>714.3</ele></trkpt>
<trkpt lat="43.12963" lon="10.980939"><ele>714.1</ele></trkpt>
<trkpt lat="43.129719" lon="10.980779"><ele>714.3</ele></trkpt>
<trkpt lat="43.129879" lon="10.980379"><ele>716.6</ele></trkpt>
<trkpt lat="43.130039" lon="10.980189"><ele>718.8</ele></trkpt>
<trkpt lat="43.13013" lon="10.980129"><ele>719.9</ele></trkpt>
<trkpt lat="43.13029" lon="10.980089"><ele>722.1</ele></trkpt>
<trkpt lat="43.130369" lon="10.980089"><ele>723.2</ele></trkpt>
<trkpt lat="43.130889" lon="10.98023"><ele>728.5</ele></trkpt>
<trkpt lat="43.13101" lon="10.9803"><ele>726.6</ele></trkpt>
<trkpt lat="43.1311" lon="10.980379"><ele>725.1</ele></trkpt>
<trkpt lat="43.1312" lon="10.980519"><ele>723.2</ele></trkpt>
<trkpt lat="43.131259" lon="10.98067"><ele>721.6</ele></trkpt>
<trkpt lat="43.1313" lon="10.980979"><ele>720.0</ele></trkpt>
<trkpt lat="43.131259" lon="10.98138"><ele>719.8</ele></trkpt>
<trkpt lat="43.1311" lon="10.982259"><ele>717.7</ele></trkpt>
<trkpt lat="43.130889" lon="10.98325"><ele>712.2</ele></trkpt>
<trkpt lat="43.130799" lon="10.98348"><ele>711.2</ele></trkpt>
<trkpt lat="43.13071" lon="10.98361"><ele>710.8</ele></trkpt>
<trkpt lat="43.130599" lon="10.98372"><ele>710.7</ele></trkpt>
<trkpt lat="43.13015" lon="10.984129"><ele>708.9</ele></trkpt>
<trkpt lat="43.130009" lon="10.98431"><ele>707.9</ele></trkpt>
<trkpt lat="43.129959" lon="10.984429"><ele>707.8</ele></trkpt>
<trkpt lat="43.1299" lon="10.984749"><ele>706.8</ele></trkpt>
<trkpt lat="43.12983" lon="10.985369"><ele>705.2</ele></trkpt>
<trkpt lat="43.12976" lon="10.98598"><ele>706.4</ele></trkpt>
<trkpt lat="43.12976" lon="10.986169"><ele>707.5</ele></trkpt>
<trkpt lat="43.129778" lon="10.98634"><ele>707.9</ele></trkpt>
<trkpt lat="43.129939" lon="10.98671"><ele>705.4</ele></trkpt>
<trkpt lat="43.130428" lon="10.987439"><ele>703.7</ele></trkpt>
<trkpt lat="43.13091" lon="10.98818"><ele>705.6</ele></trkpt>
<trkpt lat="43.131389" lon="10.988919"><ele>710.1</ele></trkpt>
<trkpt lat="43.13187" lon="10.989649"><ele>711.8</ele></trkpt>
<trkpt lat="43.131969" lon="10.989909"><ele>713.8</ele></trkpt>
<trkpt lat="43.131979" lon="10.990139"><ele>714.5</ele></trkpt>
<trkpt lat="43.131929" lon="10.99038"><ele>714.7</ele></trkpt>
<trkpt lat="43.131779" lon="10.99061"><ele>716.7</ele></trkpt>
<trkpt lat="43.131389" lon="10.991119"><ele>720.9</ele></trkpt>
<trkpt lat="43.13101" lon="10.991639"><ele>723.3</ele></trkpt>
<trkpt lat="43.13082" lon="10.991869"><ele>724.5</ele></trkpt>
<trkpt lat="43.13039" lon="10.992269"><ele>729.7</ele></trkpt>
<trkpt lat="43.130079" lon="10.99267"><ele>732.1</ele></trkpt>
<trkpt lat="43.13002" lon="10.99281"><ele>732.7</ele></trkpt>
<trkpt lat="43.129979" lon="10.99298"><ele>732.9</ele></trkpt>
<trkpt lat="43.12999" lon="10.993079"><ele>731.9</ele></trkpt>
<trkpt lat="43.130009" lon="10.993189"><ele>730.8</ele></trkpt>
<trkpt lat="43.130139" lon="10.993379"><ele>730.3</ele></trkpt>
<trkpt lat="43.130239" lon="10.993419"><ele>730.8</ele></trkpt>
<trkpt lat="43.130329" lon="10.993419"><ele>730.2</ele></trkpt>
<trkpt lat="43.13042" lon="10.9934"><ele>729.1</ele></trkpt>
<trkpt lat="43.130809" lon="10.993189"><ele>722.2</ele></trkpt>
<trkpt lat="43.130929" lon="10.9932"><ele>720.5</ele></trkpt>
<trkpt lat="43.130989" lon="10.993219"><ele>719.8</ele></trkpt>
<trkpt lat="43.131519" lon="10.9936"><ele>724.8</ele></trkpt>
<trkpt lat="43.13164" lon="10.993619"><ele>724.1</ele></trkpt>
<trkpt lat="43.13202" lon="10.993579"><ele>716.6</ele></trkpt>
<trkpt lat="43.132149" lon="10.993609"><ele>715.9</ele></trkpt>
<trkpt lat="43.13242" lon="10.99373"><ele>717.3</ele></trkpt>
<trkpt lat="43.132799" lon="10.9938"><ele>711.1</ele></trkpt>
<trkpt lat="43.132889" lon="10.99383"><ele>710.0</ele></trkpt>
<trkpt lat="43.133229" lon="10.994069"><ele>710.9</ele></trkpt>
<trkpt lat="43.13338" lon="10.994139"><ele>709.9</ele></trkpt>
<trkpt lat="43.13373" lon="10.994239"><ele>706.4</ele></trkpt>
<trkpt lat="43.13406" lon="10.994399"><ele>704.5</ele></trkpt>
<trkpt lat="43.134269" lon="10.99452"><ele>703.8</ele></trkpt>
<trkpt lat="43.134439" lon="10.994659"><ele>704.5</ele></trkpt>
<trkpt lat="43.134599" lon="10.994889"><ele>707.1</ele></trkpt>
<trkpt lat="43.13482" lon="10.99544"><ele>712.2</ele></trkpt>
<trkpt lat="43.13511" lon="10.9959"><ele>709.5</ele></trkpt>
<trkpt lat="43.135169" lon="10.99603"><ele>708.7</ele></trkpt>
<trkpt lat="43.13521" lon="10.996179"><ele>708.9</ele></trkpt>
<trkpt lat="43.13525" lon="10.99652"><ele>711.3</ele></trkpt>
<trkpt lat="43.13534" lon="10.996828"><ele>710.0</ele></trkpt>
<trkpt lat="43.135599" lon="10.997479"><ele>705.3</ele></trkpt>
<trkpt lat="43.13587" lon="10.998139"><ele>702.6</ele></trkpt>
<trkpt lat="43.135919" lon="10.99839"><ele>703.6</ele></trkpt>
<trkpt lat="43.135919" lon="10.998529"><ele>703.8</ele></trkpt>
<trkpt lat="43.13584" lon="10.99875"><ele>705.8</ele></trkpt>
<trkpt lat="43.13567" lon="10.99894"><ele>708.3</ele></trkpt>
<trkpt lat="43.135159" lon="10.99917"><ele>712.5</ele></trkpt>
<trkpt lat="43.135039" lon="10.99924"><ele>713.4</ele></trkpt>
<trkpt lat="43.134839" lon="10.999419"><ele>717.6</ele></trkpt>
<trkpt lat="43.13478" lon="10.99953"><ele>719.0</ele></trkpt>
<trkpt lat="43.134749" lon="10.999649"><ele>719.7</ele></trkpt>
<trkpt lat="43.134729" lon="10.999889"><ele>719.9</ele></trkpt>
<trkpt lat="43.134759" lon="11.000079"><ele>719.8</ele></trkpt>
<trkpt lat="43.134869" lon="11.00055"><ele>721.6</ele></trkpt>
<trkpt lat="43.13501" lon="11.00091"><ele>721.3</ele></trkpt>
<trkpt lat="43.135389" lon="11.00137"><ele>720.0</ele></trkpt>
<trkpt lat="43.135489" lon="11.001529"><ele>719.1</ele></trkpt>
<trkpt lat="43.13557" lon="11.001719"><ele>718.5</ele></trkpt>
<trkpt lat="43.135679" lon="11.002079"><ele>716.9</ele></trkpt>
<trkpt lat="43.135719" lon="11.00249"><ele>717.4</ele></trkpt>
<trkpt lat="43.13571" lon="11.002709"><ele>718.0</ele></trkpt>
<trkpt lat="43.13564" lon="11.003068"><ele>720.7</ele></trkpt>
<trkpt lat="43.135449" lon="11.003869"><ele>723.2</ele></trkpt>
<trkpt lat="43.135259" lon="11.004669"><ele>724.3</ele></trkpt>
<trkpt lat="43.13508" lon="11.005469"><ele>726.8</ele></trkpt>
<trkpt lat="43.134959" lon="11.00587"><ele>728.7</ele></trkpt>
<trkpt lat="43.134899" lon="11.005989"><ele>729.4</ele></trkpt>
<trkpt lat="43.13469" lon="11.006209"><ele>733.3</ele></trkpt>
<trkpt lat="43.13462" lon="11.006319"><ele>734.3</ele></trkpt>
<trkpt lat="43.13458" lon="11.006439"><ele>734.6</ele></trkpt>
<trkpt lat="43.13456" lon="11.006549"><ele>734.4</ele></trkpt>
<trkpt lat="43.13458" lon="11.00666"><ele>733.1</ele></trkpt>
<trkpt lat="43.134769" lon="11.00696"><ele>729.2</ele></trkpt>
<trkpt lat="43.134829" lon="11.00709"><ele>727.7</ele></trkpt>
<trkpt lat="43.134859" lon="11.007198"><ele>727.0</ele></trkpt>
<trkpt lat="43.134869" lon="11.007369"><ele>727.0</ele></trkpt>
<trkpt lat="43.134859" lon="11.00752"><ele>727.6</ele></trkpt>
<trkpt lat="43.134829" lon="11.00768"><ele>727.9</ele></trkpt>
<trkpt lat="43.134539" lon="11.008619"><ele>736.1</ele></trkpt>
<trkpt lat="43.134499" lon="11.00893"><ele>736.1</ele></trkpt>
<trkpt lat="43.13452" lon="11.009309"><ele>735.2</ele></trkpt>
<trkpt lat="43.134568" lon="11.00951"><ele>734.9</ele></trkpt>
<trkpt lat="43.134839" lon="11.01024"><ele>730.0</ele></trkpt>
<trkpt lat="43.135059" lon="11.010779"><ele>725.4</ele></trkpt>
<trkpt lat="43.135217" lon="11.011219"><ele>722.1</ele></trkpt>
<trkpt lat="43.135185" lon="11.011437"><ele>721.8</ele></trkpt>
<trkpt lat="43.135148" lon="11.011563"><ele>722.2</ele></trkpt>
<trkpt lat="43.135135" lon="11.01173"><ele>723.0</ele></trkpt>
<trkpt lat="43.135119" lon="11.011916"><ele>724.0</ele></trkpt>
<trkpt lat="43.135081" lon="11.011958"><ele>724.3</ele></trkpt>
<trkpt lat="43.135" lon="11.012067"><ele>724.7</ele></trkpt>
<trkpt lat="43.134956" lon="11.012101"><ele>725.0</ele></trkpt>
<trkpt lat="43.134798" lon="11.012184"><ele>726.1</ele></trkpt>
<trkpt lat="43.134585" lon="11.012243"><ele>727.7</ele></trkpt>
<trkpt lat="43.134415" lon="11.012293"><ele>728.8</ele></trkpt>
<trkpt lat="43.134233" lon="11.01231"><ele>730.4</ele></trkpt>
<trkpt lat="43.133764" lon="11.012467"><ele>732.4</ele></trkpt>
<trkpt lat="43.133663" lon="11.012576"><ele>731.6</ele></trkpt>
<trkpt lat="43.13343" lon="11.012694"><ele>731.3</ele></trkpt>
<trkpt lat="43.133267" lon="11.012761"><ele>731.3</ele></trkpt>
<trkpt lat="43.133128" lon="11.012761"><ele>732.0</ele></trkpt>
<trkpt lat="43.132971" lon="11.012736"><ele>733.1</ele></trkpt>
<trkpt lat="43.132732" lon="11.012727"><ele>734.8</ele></trkpt>
<trkpt lat="43.132594" lon="11.012752"><ele>735.5</ele></trkpt>
<trkpt lat="43.132475" lon="11.012752"><ele>736.3</ele></trkpt>
<trkpt lat="43.13233" lon="11.012752"><ele>737.4</ele></trkpt>
<trkpt lat="43.132204" lon="11.012836"><ele>737.0</ele></trkpt>
<trkpt lat="43.132129" lon="11.013012"><ele>734.8</ele></trkpt>
<trkpt lat="43.132072" lon="11.013188"><ele>732.4</ele></trkpt>
<trkpt lat="43.131953" lon="11.013356"><ele>730.9</ele></trkpt>
<trkpt lat="43.131858" lon="11.013524"><ele>729.0</ele></trkpt>
<trkpt lat="43.13177" lon="11.013725"><ele>726.3</ele></trkpt>
<trkpt lat="43.131613" lon="11.013993"><ele>722.4</ele></trkpt>
<trkpt lat="43.131462" lon="11.014077"><ele>721.3</ele></trkpt>
<trkpt lat="43.131273" lon="11.014202"><ele>719.6</ele></trkpt>
<trkpt lat="43.131066" lon="11.014311"><ele>719.4</ele></trkpt>
<trkpt lat="43.130865" lon="11.014471"><ele>718.3</ele></trkpt>
<trkpt lat="43.130689" lon="11.014571"><ele>717.6</ele></trkpt>
<trkpt lat="43.130412" lon="11.014714"><ele>716.3</ele></trkpt>
<trkpt lat="43.130236" lon="11.014831"><ele>718.0</ele></trkpt>
<trkpt lat="43.130236" lon="11.014831"><ele>718.0</ele></trkpt>
<trkpt lat="43.130047" lon="11.015007"><ele>719.3</ele></trkpt>
<trkpt lat="43.130003" lon="11.015032"><ele>720.0</ele></trkpt>
<trkpt lat="43.129921" lon="11.015049"><ele>721.9</ele></trkpt>
<trkpt lat="43.12984" lon="11.015079"><ele>722.7</ele></trkpt>
<trkpt lat="43.129783" lon="11.015158"><ele>723.3</ele></trkpt>
<trkpt lat="43.129716" lon="11.015273"><ele>721.8</ele></trkpt>
<trkpt lat="43.129651" lon="11.015368"><ele>722.1</ele></trkpt>
<trkpt lat="43.129607" lon="11.015468"><ele>721.0</ele></trkpt>
<trkpt lat="43.129619" lon="11.015561"><ele>718.5</ele></trkpt>
<trkpt lat="43.129624" lon="11.015661"><ele>716.2</ele></trkpt>
<trkpt lat="43.129552" lon="11.015801"><ele>716.5</ele></trkpt>
<trkpt lat="43.129513" lon="11.015938"><ele>714.2</ele></trkpt>
<trkpt lat="43.129532" lon="11.016139"><ele>709.7</ele></trkpt>
<trkpt lat="43.129498" lon="11.016319"><ele>708.8</ele></trkpt>
<trkpt lat="43.129406" lon="11.016524"><ele>708.5</ele></trkpt>
<trkpt lat="43.129406" lon="11.016633"><ele>706.6</ele></trkpt>
<trkpt lat="43.129439" lon="11.016829"><ele>704.0</ele></trkpt>
<trkpt lat="43.129406" lon="11.016927"><ele>703.6</ele></trkpt>
<trkpt lat="43.129428" lon="11.017141"><ele>702.0</ele></trkpt>
<trkpt lat="43.129498" lon="11.017181"><ele>698.9</ele></trkpt>
<trkpt lat="43.129588" lon="11.017245"><ele>694.0</ele></trkpt>
<trkpt lat="43.129815" lon="11.016692"><ele>695.2</ele></trkpt>
<trkpt lat="43.129984" lon="11.016809"><ele>691.2</ele></trkpt>
<trkpt lat="43.129978" lon="11.016905"><ele>690.3</ele></trkpt>
<trkpt lat="43.130158" lon="11.017031"><ele>685.7</ele></trkpt>
<trkpt lat="43.13017" lon="11.016939"><ele>686.5</ele></trkpt>
<trkpt lat="43.130195" lon="11.01683"><ele>687.4</ele></trkpt>
<trkpt lat="43.130233" lon="11.016679"><ele>688.6</ele></trkpt>
<trkpt lat="43.130321" lon="11.016385"><ele>690.9</ele></trkpt>
<trkpt lat="43.130428" lon="11.016209"><ele>691.7</ele></trkpt>
<trkpt lat="43.13056" lon="11.016226"><ele>690.9</ele></trkpt>
<trkpt lat="43.13068" lon="11.016293"><ele>689.5</ele></trkpt>
<trkpt lat="43.130918" lon="11.016517"><ele>686.5</ele></trkpt>
<trkpt lat="43.131214" lon="11.016628"><ele>683.2</ele></trkpt>
<trkpt lat="43.131829" lon="11.016165"><ele>683.8</ele></trkpt>
<trkpt lat="43.132088" lon="11.015838"><ele>685.9</ele></trkpt>
<trkpt lat="43.132273" lon="11.015741"><ele>687.8</ele></trkpt>
<trkpt lat="43.132583" lon="11.016043"><ele>684.6</ele></trkpt>
<trkpt lat="43.132935" lon="11.01646"><ele>679.5</ele></trkpt>
<trkpt lat="43.133375" lon="11.016233"><ele>678.8</ele></trkpt>
<trkpt lat="43.133613" lon="11.016329"><ele>678.1</ele></trkpt>
<trkpt lat="43.133977" lon="11.016526"><ele>673.2</ele></trkpt>
<trkpt lat="43.134134" lon="11.016688"><ele>672.4</ele></trkpt>
<trkpt lat="43.135055" lon="11.016784"><ele>674.9</ele></trkpt>
<trkpt lat="43.135251" lon="11.017049"><ele>676.9</ele></trkpt>
<trkpt lat="43.13544" lon="11.017767"><ele>675.9</ele></trkpt>
<trkpt lat="43.135763" lon="11.018234"><ele>677.7</ele></trkpt>
<trkpt lat="43.13606" lon="11.018629"><ele>679.7</ele></trkpt>
<trkpt lat="43.136049" lon="11.018819"><ele>678.6</ele></trkpt>
<trkpt lat="43.136049" lon="11.018819"><ele>678.6</ele></trkpt>
<trkpt lat="43.136049" lon="11.018819"><ele>678.6</ele></trkpt>
<trkpt lat="43.13603" lon="11.019509"><ele>674.8</ele></trkpt>
<trkpt lat="43.136069" lon="11.019669"><ele>674.6</ele></trkpt>
<trkpt lat="43.13613" lon="11.01979"><ele>674.9</ele></trkpt>
<trkpt lat="43.1362" lon="11.01989"><ele>675.2</ele></trkpt>
<trkpt lat="43.13626" lon="11.019939"><ele>675.6</ele></trkpt>
<trkpt lat="43.136349" lon="11.019939"><ele>676.7</ele></trkpt>
<trkpt lat="43.136569" lon="11.01982"><ele>681.0</ele></trkpt>
<trkpt lat="43.13692" lon="11.01969"><ele>681.1</ele></trkpt>
<trkpt lat="43.137489" lon="11.01936"><ele>679.9</ele></trkpt>
<trkpt lat="43.137619" lon="11.019339"><ele>682.0</ele></trkpt>
<trkpt lat="43.137689" lon="11.019349"><ele>683.0</ele></trkpt>
<trkpt lat="43.137819" lon="11.01943"><ele>683.9</ele></trkpt>
<trkpt lat="43.137859" lon="11.01949"><ele>683.8</ele></trkpt>
<trkpt lat="43.137959" lon="11.019669"><ele>683.2</ele></trkpt>
<trkpt lat="43.13814" lon="11.020099"><ele>680.6</ele></trkpt>
<trkpt lat="43.138309" lon="11.020288"><ele>679.9</ele></trkpt>
<trkpt lat="43.13846" lon="11.020429"><ele>678.1</ele></trkpt>
<trkpt lat="43.138579" lon="11.020459"><ele>678.4</ele></trkpt>
<trkpt lat="43.13886" lon="11.02045"><ele>680.7</ele></trkpt>
<trkpt lat="43.13895" lon="11.020479"><ele>680.8</ele></trkpt>
<trkpt lat="43.13921" lon="11.02081"><ele>677.9</ele></trkpt>
<trkpt lat="43.139329" lon="11.020919"><ele>678.2</ele></trkpt>
<trkpt lat="43.139849" lon="11.02126"><ele>681.2</ele></trkpt>
<trkpt lat="43.1403" lon="11.021749"><ele>682.2</ele></trkpt>
<trkpt lat="43.140639" lon="11.02235"><ele>681.5</ele></trkpt>
<trkpt lat="43.140809" lon="11.022539"><ele>682.6</ele></trkpt>
<trkpt lat="43.141399" lon="11.02291"><ele>680.7</ele></trkpt>
<trkpt lat="43.141978" lon="11.023289"><ele>684.4</ele></trkpt>
<trkpt lat="43.14224" lon="11.023339"><ele>685.2</ele></trkpt>
<trkpt lat="43.14246" lon="11.0233"><ele>684.4</ele></trkpt>
<trkpt lat="43.142779" lon="11.02318"><ele>684.3</ele></trkpt>
<trkpt lat="43.14305" lon="11.023049"><ele>683.3</ele></trkpt>
<trkpt lat="43.14305" lon="11.023049"><ele>683.3</ele></trkpt>
<trkpt lat="43.14332" lon="11.022899"><ele>681.0</ele></trkpt>
<trkpt lat="43.14355" lon="11.022759"><ele>680.0</ele></trkpt>
<trkpt lat="43.143999" lon="11.02235"><ele>675.3</ele></trkpt>
<trkpt lat="43.14424" lon="11.022199"><ele>673.1</ele></trkpt>
<trkpt lat="43.1445" lon="11.02216"><ele>669.7</ele></trkpt>
<trkpt lat="43.144709" lon="11.022209"><ele>668.5</ele></trkpt>
<trkpt lat="43.144879" lon="11.022269"><ele>667.7</ele></trkpt>
<trkpt lat="43.14503" lon="11.022369"><ele>668.1</ele></trkpt>
<trkpt lat="43.145239" lon="11.02242"><ele>669.7</ele></trkpt>
<trkpt lat="43.145439" lon="11.022369"><ele>669.6</ele></trkpt>
<trkpt lat="43.14614" lon="11.02183"><ele>661.1</ele></trkpt>
<trkpt lat="43.146289" lon="11.021739"><ele>660.1</ele></trkpt>
<trkpt lat="43.14653" lon="11.021699"><ele>660.8</ele></trkpt>
<trkpt lat="43.1468" lon="11.021679"><ele>662.4</ele></trkpt>
<trkpt lat="43.14699" lon="11.021649"><ele>663.5</ele></trkpt>
<trkpt lat="43.147169" lon="11.02159"><ele>664.7</ele></trkpt>
<trkpt lat="43.14726" lon="11.02147"><ele>663.7</ele></trkpt>
<trkpt lat="43.147328" lon="11.021309"><ele>662.1</ele></trkpt>
<trkpt lat="43.14739" lon="11.021049"><ele>658.9</ele></trkpt>
<trkpt lat="43.147469" lon="11.020829"><ele>656.6</ele></trkpt>
<trkpt lat="43.14765" lon="11.02058"><ele>653.7</ele></trkpt>
<trkpt lat="43.14792" lon="11.020359"><ele>651.7</ele></trkpt>
<trkpt lat="43.148029" lon="11.02031"><ele>651.5</ele></trkpt>
<trkpt lat="43.14838" lon="11.020099"><ele>650.9</ele></trkpt>
<trkpt lat="43.148579" lon="11.019879"><ele>651.2</ele></trkpt>
<trkpt lat="43.14871" lon="11.01959"><ele>651.1</ele></trkpt>
<trkpt lat="43.14906" lon="11.018648"><ele>647.9</ele></trkpt>
<trkpt lat="43.14919" lon="11.01845"><ele>647.2</ele></trkpt>
<trkpt lat="43.14936" lon="11.01828"><ele>646.4</ele></trkpt>
<trkpt lat="43.15012" lon="11.01785"><ele>645.7</ele></trkpt>
<trkpt lat="43.150489" lon="11.017599"><ele>643.2</ele></trkpt>
<trkpt lat="43.15073" lon="11.017479"><ele>641.9</ele></trkpt>
<trkpt lat="43.15096" lon="11.017469"><ele>640.9</ele></trkpt>
<trkpt lat="43.151239" lon="11.017539"><ele>639.9</ele></trkpt>
<trkpt lat="43.151439" lon="11.017539"><ele>638.8</ele></trkpt>
<trkpt lat="43.15156" lon="11.017449"><ele>636.9</ele></trkpt>
<trkpt lat="43.15163" lon="11.017309"><ele>634.5</ele></trkpt>
<trkpt lat="43.151699" lon="11.01706"><ele>630.7</ele></trkpt>
<trkpt lat="43.151809" lon="11.01683"><ele>627.6</ele></trkpt>
<trkpt lat="43.151919" lon="11.01677"><ele>626.9</ele></trkpt>
<trkpt lat="43.15205" lon="11.01674"><ele>626.6</ele></trkpt>
<trkpt lat="43.15228" lon="11.016759"><ele>627.2</ele></trkpt>
<trkpt lat="43.15251" lon="11.016749"><ele>627.5</ele></trkpt>
<trkpt lat="43.15267" lon="11.016678"><ele>627.2</ele></trkpt>
<trkpt lat="43.153049" lon="11.016159"><ele>620.6</ele></trkpt>
<trkpt lat="43.153339" lon="11.01601"><ele>620.0</ele></trkpt>
<trkpt lat="43.15352" lon="11.015839"><ele>619.1</ele></trkpt>
<trkpt lat="43.1536" lon="11.01565"><ele>619.0</ele></trkpt>
<trkpt lat="43.153639" lon="11.015349"><ele>617.9</ele></trkpt>
<trkpt lat="43.153609" lon="11.015019"><ele>616.1</ele></trkpt>
<trkpt lat="43.153509" lon="11.014779"><ele>615.4</ele></trkpt>
<trkpt lat="43.15307" lon="11.014219"><ele>610.6</ele></trkpt>
<trkpt lat="43.153019" lon="11.01408"><ele>609.3</ele></trkpt>
<trkpt lat="43.153" lon="11.013959"><ele>608.5</ele></trkpt>
<trkpt lat="43.152989" lon="11.01385"><ele>607.8</ele></trkpt>
<trkpt lat="43.15301" lon="11.013739"><ele>607.6</ele></trkpt>
<trkpt lat="43.153049" lon="11.01362"><ele>607.8</ele></trkpt>
<trkpt lat="43.15316" lon="11.013409"><ele>609.0</ele></trkpt>
<trkpt lat="43.15327" lon="11.013239"><ele>609.9</ele></trkpt>
<trkpt lat="43.153739" lon="11.012349"><ele>606.0</ele></trkpt>
<trkpt lat="43.15421" lon="11.01146"><ele>598.1</ele></trkpt>
<trkpt lat="43.15432" lon="11.011199"><ele>595.1</ele></trkpt>
<trkpt lat="43.154459" lon="11.01041"><ele>593.2</ele></trkpt>
<trkpt lat="43.15451" lon="11.01027"><ele>593.2</ele></trkpt>
<trkpt lat="43.154599" lon="11.010129"><ele>592.9</ele></trkpt>
<trkpt lat="43.154859" lon="11.009929"><ele>592.0</ele></trkpt>
<trkpt lat="43.15517" lon="11.009919"><ele>590.6</ele></trkpt>
<trkpt lat="43.155319" lon="11.009989"><ele>589.4</ele></trkpt>
<trkpt lat="43.15546" lon="11.010109"><ele>587.3</ele></trkpt>
<trkpt lat="43.15557" lon="11.01031"><ele>583.6</ele></trkpt>
<trkpt lat="43.15563" lon="11.0105"><ele>579.7</ele></trkpt>
<trkpt lat="43.15573" lon="11.011069"><ele>571.0</ele></trkpt>
<trkpt lat="43.15576" lon="11.011199"><ele>569.8</ele></trkpt>
<trkpt lat="43.155809" lon="11.011339"><ele>568.1</ele></trkpt>
<trkpt lat="43.15609" lon="11.011789"><ele>563.0</ele></trkpt>
<trkpt lat="43.15619" lon="11.011889"><ele>562.4</ele></trkpt>
<trkpt lat="43.156369" lon="11.011969"><ele>560.3</ele></trkpt>
<trkpt lat="43.15674" lon="11.012029"><ele>554.6</ele></trkpt>
<trkpt lat="43.156899" lon="11.01211"><ele>552.4</ele></trkpt>
<trkpt lat="43.157019" lon="11.012199"><ele>551.1</ele></trkpt>
<trkpt lat="43.1571" lon="11.01238"><ele>551.5</ele></trkpt>
<trkpt lat="43.157189" lon="11.012749"><ele>551.5</ele></trkpt>
<trkpt lat="43.157279" lon="11.01336"><ele>551.3</ele></trkpt>
<trkpt lat="43.15737" lon="11.013969"><ele>550.5</ele></trkpt>
<trkpt lat="43.15744" lon="11.014199"><ele>549.7</ele></trkpt>
<trkpt lat="43.157509" lon="11.014329"><ele>549.8</ele></trkpt>
<trkpt lat="43.157619" lon="11.014419"><ele>549.6</ele></trkpt>
<trkpt lat="43.158199" lon="11.014779"><ele>545.9</ele></trkpt>
<trkpt lat="43.15836" lon="11.01493"><ele>544.9</ele></trkpt>
<trkpt lat="43.158639" lon="11.015349"><ele>542.2</ele></trkpt>
<trkpt lat="43.15891" lon="11.015879"><ele>539.9</ele></trkpt>
<trkpt lat="43.1593" lon="11.016389"><ele>534.9</ele></trkpt>
<trkpt lat="43.159489" lon="11.01674"><ele>532.8</ele></trkpt>
<trkpt lat="43.15966" lon="11.017239"><ele>532.0</ele></trkpt>
<trkpt lat="43.159779" lon="11.017809"><ele>529.9</ele></trkpt>
<trkpt lat="43.159849" lon="11.017999"><ele>527.8</ele></trkpt>
<trkpt lat="43.15993" lon="11.018099"><ele>525.5</ele></trkpt>
<trkpt lat="43.160039" lon="11.01821"><ele>522.8</ele></trkpt>
<trkpt lat="43.16061" lon="11.01848"><ele>512.9</ele></trkpt>
<trkpt lat="43.160759" lon="11.01854"><ele>510.0</ele></trkpt>
<trkpt lat="43.16088" lon="11.01855"><ele>508.4</ele></trkpt>
<trkpt lat="43.161479" lon="11.018389"><ele>505.1</ele></trkpt>
<trkpt lat="43.162079" lon="11.018229"><ele>498.3</ele></trkpt>
<trkpt lat="43.16222" lon="11.01815"><ele>497.0</ele></trkpt>
<trkpt lat="43.16233" lon="11.01805"><ele>496.5</ele></trkpt>
<trkpt lat="43.16243" lon="11.01792"><ele>496.7</ele></trkpt>
<trkpt lat="43.162509" lon="11.017769"><ele>497.5</ele></trkpt>
<trkpt lat="43.16275" lon="11.01706"><ele>496.8</ele></trkpt>
<trkpt lat="43.162829" lon="11.01687"><ele>496.1</ele></trkpt>
<trkpt lat="43.162939" lon="11.01674"><ele>494.7</ele></trkpt>
<trkpt lat="43.163219" lon="11.016519"><ele>490.8</ele></trkpt>
<trkpt lat="43.16331" lon="11.016389"><ele>490.0</ele></trkpt>
<trkpt lat="43.163379" lon="11.016209"><ele>489.8</ele></trkpt>
<trkpt lat="43.1634" lon="11.016068"><ele>490.2</ele></trkpt>
<trkpt lat="43.163419" lon="11.015509"><ele>491.8</ele></trkpt>
<trkpt lat="43.163469" lon="11.015249"><ele>491.6</ele></trkpt>
<trkpt lat="43.163519" lon="11.015079"><ele>491.6</ele></trkpt>
<trkpt lat="43.16364" lon="11.01494"><ele>490.8</ele></trkpt>
<trkpt lat="43.164119" lon="11.014708"><ele>488.8</ele></trkpt>
<trkpt lat="43.164479" lon="11.014719"><ele>488.7</ele></trkpt>
<trkpt lat="43.165269" lon="11.015219"><ele>485.1</ele></trkpt>
<trkpt lat="43.165749" lon="11.015279"><ele>486.1</ele></trkpt>
<trkpt lat="43.166219" lon="11.015339"><ele>485.9</ele></trkpt>
<trkpt lat="43.166549" lon="11.01543"><ele>485.4</ele></trkpt>
<trkpt lat="43.166699" lon="11.015539"><ele>485.1</ele></trkpt>
<trkpt lat="43.167028" lon="11.015929"><ele>485.4</ele></trkpt>
<trkpt lat="43.167199" lon="11.01608"><ele>486.1</ele></trkpt>
<trkpt lat="43.16731" lon="11.01624"><ele>486.8</ele></trkpt>
<trkpt lat="43.167629" lon="11.01694"><ele>491.9</ele></trkpt>
<trkpt lat="43.16771" lon="11.01716"><ele>494.4</ele></trkpt>
<trkpt lat="43.16774" lon="11.017479"><ele>496.7</ele></trkpt>
<trkpt lat="43.167729" lon="11.01763"><ele>496.9</ele></trkpt>
<trkpt lat="43.167599" lon="11.018269"><ele>494.4</ele></trkpt>
<trkpt lat="43.167559" lon="11.018589"><ele>491.5</ele></trkpt>
<trkpt lat="43.16757" lon="11.018759"><ele>490.8</ele></trkpt>
<trkpt lat="43.167619" lon="11.018949"><ele>491.3</ele></trkpt>
<trkpt lat="43.16767" lon="11.019079"><ele>492.1</ele></trkpt>
<trkpt lat="43.167749" lon="11.019179"><ele>494.0</ele></trkpt>
<trkpt lat="43.168119" lon="11.019399"><ele>504.5</ele></trkpt>
<trkpt lat="43.16817" lon="11.01946"><ele>505.8</ele></trkpt>
<trkpt lat="43.168209" lon="11.019538"><ele>506.6</ele></trkpt>
<trkpt lat="43.168189" lon="11.0197"><ele>504.9</ele></trkpt>
<trkpt lat="43.16807" lon="11.02002"><ele>498.7</ele></trkpt>
<trkpt lat="43.16804" lon="11.020139"><ele>496.8</ele></trkpt>
<trkpt lat="43.168049" lon="11.020339"><ele>495.6</ele></trkpt>
<trkpt lat="43.168079" lon="11.02045"><ele>495.6</ele></trkpt>
<trkpt lat="43.16816" lon="11.020529"><ele>497.1</ele></trkpt>
<trkpt lat="43.168438" lon="11.020719"><ele>502.1</ele></trkpt>
<trkpt lat="43.168569" lon="11.02084"><ele>504.2</ele></trkpt>
<trkpt lat="43.16869" lon="11.02098"><ele>506.9</ele></trkpt>
<trkpt lat="43.168809" lon="11.021179"><ele>508.9</ele></trkpt>
<trkpt lat="43.169069" lon="11.022039"><ele>509.0</ele></trkpt>
<trkpt lat="43.16919" lon="11.02222"><ele>508.6</ele></trkpt>
<trkpt lat="43.169599" lon="11.02261"><ele>509.7</ele></trkpt>
<trkpt lat="43.169689" lon="11.022728"><ele>509.7</ele></trkpt>
<trkpt lat="43.16988" lon="11.023359"><ele>506.8</ele></trkpt>
<trkpt lat="43.17007" lon="11.023739"><ele>499.8</ele></trkpt>
<trkpt lat="43.170159" lon="11.023808"><ele>497.8</ele></trkpt>
<trkpt lat="43.170249" lon="11.023849"><ele>496.5</ele></trkpt>
<trkpt lat="43.170318" lon="11.02386"><ele>495.8</ele></trkpt>
<trkpt lat="43.170449" lon="11.023779"><ele>496.9</ele></trkpt>
<trkpt lat="43.17057" lon="11.0236"><ele>500.3</ele></trkpt>
<trkpt lat="43.17093" lon="11.022629"><ele>515.1</ele></trkpt>
<trkpt lat="43.17116" lon="11.022199"><ele>518.3</ele></trkpt>
<trkpt lat="43.171229" lon="11.022109"><ele>518.6</ele></trkpt>
<trkpt lat="43.17132" lon="11.022069"><ele>518.3</ele></trkpt>
<trkpt lat="43.171439" lon="11.02205"><ele>517.6</ele></trkpt>
<trkpt lat="43.17155" lon="11.02206"><ele>516.7</ele></trkpt>
<trkpt lat="43.17161" lon="11.022079"><ele>516.0</ele></trkpt>
<trkpt lat="43.17165" lon="11.02216"><ele>514.8</ele></trkpt>
<trkpt lat="43.17168" lon="11.022269"><ele>513.7</ele></trkpt>
<trkpt lat="43.171659" lon="11.022689"><ele>507.9</ele></trkpt>
<trkpt lat="43.171669" lon="11.02284"><ele>505.4</ele></trkpt>
<trkpt lat="43.171728" lon="11.02295"><ele>504.7</ele></trkpt>
<trkpt lat="43.171818" lon="11.023058"><ele>504.7</ele></trkpt>
<trkpt lat="43.171919" lon="11.023129"><ele>505.7</ele></trkpt>
<trkpt lat="43.172259" lon="11.023199"><ele>511.7</ele></trkpt>
<trkpt lat="43.172349" lon="11.023249"><ele>512.9</ele></trkpt>
<trkpt lat="43.172519" lon="11.02344"><ele>515.2</ele></trkpt>
<trkpt lat="43.17257" lon="11.023529"><ele>516.4</ele></trkpt>
<trkpt lat="43.1726" lon="11.023609"><ele>517.1</ele></trkpt>
<trkpt lat="43.1726" lon="11.023739"><ele>516.8</ele></trkpt>
<trkpt lat="43.17253" lon="11.02403"><ele>513.6</ele></trkpt>
<trkpt lat="43.172359" lon="11.02445"><ele>509.1</ele></trkpt>
<trkpt lat="43.17233" lon="11.024558"><ele>508.7</ele></trkpt>
<trkpt lat="43.172319" lon="11.024699"><ele>509.0</ele></trkpt>
<trkpt lat="43.17234" lon="11.02488"><ele>510.3</ele></trkpt>
<trkpt lat="43.1725" lon="11.02543"><ele>509.3</ele></trkpt>
<trkpt lat="43.1726" lon="11.025609"><ele>509.5</ele></trkpt>
<trkpt lat="43.17316" lon="11.02646"><ele>507.4</ele></trkpt>
<trkpt lat="43.17329" lon="11.026739"><ele>504.8</ele></trkpt>
<trkpt lat="43.173399" lon="11.02708"><ele>500.7</ele></trkpt>
<trkpt lat="43.17346" lon="11.027229"><ele>498.9</ele></trkpt>
<trkpt lat="43.17355" lon="11.0273"><ele>499.0</ele></trkpt>
<trkpt lat="43.173669" lon="11.027349"><ele>499.8</ele></trkpt>
<trkpt lat="43.17398" lon="11.0273"><ele>505.7</ele></trkpt>
<trkpt lat="43.174079" lon="11.02731"><ele>507.0</ele></trkpt>
<trkpt lat="43.174189" lon="11.0274"><ele>506.7</ele></trkpt>
<trkpt lat="43.174459" lon="11.02773"><ele>502.6</ele></trkpt>
<trkpt lat="43.174649" lon="11.02787"><ele>502.0</ele></trkpt>
<trkpt lat="43.17519" lon="11.0281"><ele>504.5</ele></trkpt>
<trkpt lat="43.175309" lon="11.028219"><ele>503.0</ele></trkpt>
<trkpt lat="43.17548" lon="11.028509"><ele>497.6</ele></trkpt>
<trkpt lat="43.175849" lon="11.028899"><ele>491.7</ele></trkpt>
<trkpt lat="43.176129" lon="11.029019"><ele>493.9</ele></trkpt>
<trkpt lat="43.176228" lon="11.02911"><ele>493.6</ele></trkpt>
<trkpt lat="43.176329" lon="11.029319"><ele>490.2</ele></trkpt>
<trkpt lat="43.17644" lon="11.029429"><ele>489.5</ele></trkpt>
<trkpt lat="43.176549" lon="11.02948"><ele>490.4</ele></trkpt>
<trkpt lat="43.17684" lon="11.029519"><ele>494.9</ele></trkpt>
<trkpt lat="43.177" lon="11.02957"><ele>496.5</ele></trkpt>
<trkpt lat="43.177209" lon="11.02974"><ele>496.1</ele></trkpt>
<trkpt lat="43.177439" lon="11.030019"><ele>493.5</ele></trkpt>
<trkpt lat="43.17768" lon="11.03055"><ele>486.9</ele></trkpt>
<trkpt lat="43.17778" lon="11.030699"><ele>485.0</ele></trkpt>
<trkpt lat="43.17792" lon="11.03079"><ele>484.6</ele></trkpt>
<trkpt lat="43.178069" lon="11.03082"><ele>485.5</ele></trkpt>
<trkpt lat="43.178449" lon="11.030769"><ele>488.8</ele></trkpt>
<trkpt lat="43.178789" lon="11.030599"><ele>491.5</ele></trkpt>
<trkpt lat="43.17919" lon="11.030659"><ele>486.9</ele></trkpt>
<trkpt lat="43.179349" lon="11.030659"><ele>485.7</ele></trkpt>
<trkpt lat="43.179739" lon="11.03053"><ele>487.1</ele></trkpt>
<trkpt lat="43.180189" lon="11.030509"><ele>484.6</ele></trkpt>
<trkpt lat="43.180499" lon="11.03039"><ele>485.9</ele></trkpt>
<trkpt lat="43.18068" lon="11.030369"><ele>485.2</ele></trkpt>
<trkpt lat="43.180959" lon="11.03042"><ele>481.9</ele></trkpt>
<trkpt lat="43.18107" lon="11.03039"><ele>481.6</ele></trkpt>
<trkpt lat="43.181119" lon="11.030349"><ele>482.0</ele></trkpt>
<trkpt lat="43.181179" lon="11.030238"><ele>483.8</ele></trkpt>
<trkpt lat="43.18123" lon="11.030009"><ele>488.0</ele></trkpt>
<trkpt lat="43.18133" lon="11.029769"><ele>491.3</ele></trkpt>
<trkpt lat="43.18139" lon="11.02973"><ele>491.3</ele></trkpt>
<trkpt lat="43.181489" lon="11.02971"><ele>490.4</ele></trkpt>
<trkpt lat="43.181578" lon="11.02974"><ele>488.8</ele></trkpt>
<trkpt lat="43.18172" lon="11.0299"><ele>485.2</ele></trkpt>
<trkpt lat="43.182199" lon="11.03063"><ele>478.3</ele></trkpt>
<trkpt lat="43.18267" lon="11.031289"><ele>476.5</ele></trkpt>
<trkpt lat="43.18284" lon="11.03145"><ele>476.2</ele></trkpt>
<trkpt lat="43.1835" lon="11.03197"><ele>480.8</ele></trkpt>
<trkpt lat="43.18416" lon="11.032489"><ele>478.9</ele></trkpt>
<trkpt lat="43.18462" lon="11.03299"><ele>478.0</ele></trkpt>
<trkpt lat="43.185159" lon="11.033709"><ele>477.4</ele></trkpt>
<trkpt lat="43.18531" lon="11.03384"><ele>477.4</ele></trkpt>
<trkpt lat="43.185429" lon="11.03387"><ele>477.1</ele></trkpt>
<trkpt lat="43.185619" lon="11.033859"><ele>476.2</ele></trkpt>
<trkpt lat="43.185979" lon="11.03378"><ele>473.8</ele></trkpt>
<trkpt lat="43.186109" lon="11.033789"><ele>473.5</ele></trkpt>
<trkpt lat="43.18645" lon="11.033859"><ele>473.3</ele></trkpt>
<trkpt lat="43.186839" lon="11.03403"><ele>472.5</ele></trkpt>
<trkpt lat="43.18695" lon="11.034119"><ele>472.0</ele></trkpt>
<trkpt lat="43.1872" lon="11.03457"><ele>472.1</ele></trkpt>
<trkpt lat="43.18724" lon="11.03476"><ele>473.0</ele></trkpt>
<trkpt lat="43.187309" lon="11.035439"><ele>475.8</ele></trkpt>
<trkpt lat="43.187389" lon="11.035689"><ele>475.4</ele></trkpt>
<trkpt lat="43.1876" lon="11.03611"><ele>475.4</ele></trkpt>
<trkpt lat="43.188139" lon="11.036969"><ele>479.1</ele></trkpt>
<trkpt lat="43.188269" lon="11.037039"><ele>479.3</ele></trkpt>
<trkpt lat="43.188439" lon="11.03703"><ele>480.7</ele></trkpt>
<trkpt lat="43.18855" lon="11.0369"><ele>480.6</ele></trkpt>
<trkpt lat="43.18869" lon="11.036409"><ele>476.5</ele></trkpt>
<trkpt lat="43.188799" lon="11.03614"><ele>475.3</ele></trkpt>
<trkpt lat="43.189019" lon="11.03585"><ele>475.2</ele></trkpt>
<trkpt lat="43.18957" lon="11.03528"><ele>474.2</ele></trkpt>
<trkpt lat="43.190109" lon="11.034709"><ele>471.1</ele></trkpt>
<trkpt lat="43.190308" lon="11.034539"><ele>470.4</ele></trkpt>
<trkpt lat="43.19052" lon="11.034479"><ele>471.0</ele></trkpt>
<trkpt lat="43.19082" lon="11.034539"><ele>473.5</ele></trkpt>
<trkpt lat="43.191199" lon="11.034439"><ele>470.9</ele></trkpt>
<trkpt lat="43.19183" lon="11.03414"><ele>463.8</ele></trkpt>
<trkpt lat="43.1921" lon="11.0341"><ele>462.0</ele></trkpt>
<trkpt lat="43.192379" lon="11.03426"><ele>463.0</ele></trkpt>
<trkpt lat="43.193059" lon="11.034909"><ele>466.0</ele></trkpt>
<trkpt lat="43.19335" lon="11.03508"><ele>465.2</ele></trkpt>
<trkpt lat="43.193789" lon="11.035139"><ele>464.7</ele></trkpt>
<trkpt lat="43.194349" lon="11.035199"><ele>464.9</ele></trkpt>
<trkpt lat="43.19492" lon="11.03525"><ele>466.8</ele></trkpt>
<trkpt lat="43.19515" lon="11.035209"><ele>467.2</ele></trkpt>
<trkpt lat="43.19551" lon="11.03492"><ele>464.9</ele></trkpt>
<trkpt lat="43.195689" lon="11.03482"><ele>464.5</ele></trkpt>
<trkpt lat="43.195919" lon="11.034789"><ele>463.9</ele></trkpt>
<trkpt lat="43.196249" lon="11.03495"><ele>462.2</ele></trkpt>
<trkpt lat="43.19649" lon="11.03518"><ele>463.5</ele></trkpt>
<trkpt lat="43.196669" lon="11.035299"><ele>463.8</ele></trkpt>
<trkpt lat="43.19682" lon="11.03532"><ele>464.9</ele></trkpt>
<trkpt lat="43.19706" lon="11.035229"><ele>464.4</ele></trkpt>
<trkpt lat="43.197229" lon="11.035039"><ele>462.1</ele></trkpt>
<trkpt lat="43.197529" lon="11.03466"><ele>458.0</ele></trkpt>
<trkpt lat="43.19807" lon="11.034"><ele>456.2</ele></trkpt>
<trkpt lat="43.19833" lon="11.03377"><ele>457.6</ele></trkpt>
<trkpt lat="43.198749" lon="11.03345"><ele>457.1</ele></trkpt>
<trkpt lat="43.199169" lon="11.033129"><ele>454.8</ele></trkpt>
<trkpt lat="43.199509" lon="11.032958"><ele>452.1</ele></trkpt>
<trkpt lat="43.20031" lon="11.03273"><ele>447.0</ele></trkpt>
<trkpt lat="43.201109" lon="11.032509"><ele>442.9</ele></trkpt>
<trkpt lat="43.20135" lon="11.032379"><ele>441.7</ele></trkpt>
<trkpt lat="43.201629" lon="11.032179"><ele>440.7</ele></trkpt>
<trkpt lat="43.20191" lon="11.0318"><ele>440.3</ele></trkpt>
<trkpt lat="43.202019" lon="11.031599"><ele>440.2</ele></trkpt>
<trkpt lat="43.20247" lon="11.030909"><ele>441.8</ele></trkpt>
<trkpt lat="43.202919" lon="11.030209"><ele>439.9</ele></trkpt>
<trkpt lat="43.20306" lon="11.03004"><ele>440.7</ele></trkpt>
<trkpt lat="43.203309" lon="11.02993"><ele>445.0</ele></trkpt>
<trkpt lat="43.20411" lon="11.03004"><ele>451.0</ele></trkpt>
<trkpt lat="43.204289" lon="11.030079"><ele>452.6</ele></trkpt>
<trkpt lat="43.204478" lon="11.029949"><ele>453.1</ele></trkpt>
<trkpt lat="43.204619" lon="11.029719"><ele>452.2</ele></trkpt>
<trkpt lat="43.20483" lon="11.029199"><ele>450.0</ele></trkpt>
<trkpt lat="43.204979" lon="11.028969"><ele>449.8</ele></trkpt>
<trkpt lat="43.2052" lon="11.028879"><ele>448.8</ele></trkpt>
<trkpt lat="43.205499" lon="11.02899"><ele>449.3</ele></trkpt>
<trkpt lat="43.206158" lon="11.02937"><ele>451.8</ele></trkpt>
<trkpt lat="43.20681" lon="11.029759"><ele>449.7</ele></trkpt>
<trkpt lat="43.207369" lon="11.03003"><ele>445.7</ele></trkpt>
<trkpt lat="43.20776" lon="11.03019"><ele>443.6</ele></trkpt>
<trkpt lat="43.20837" lon="11.030219"><ele>441.0</ele></trkpt>
<trkpt lat="43.208989" lon="11.03026"><ele>437.4</ele></trkpt>
<trkpt lat="43.209609" lon="11.03029"><ele>436.0</ele></trkpt>
<trkpt lat="43.21025" lon="11.0303"><ele>436.8</ele></trkpt>
<trkpt lat="43.210789" lon="11.030378"><ele>439.3</ele></trkpt>
<trkpt lat="43.211319" lon="11.030469"><ele>436.9</ele></trkpt>
<trkpt lat="43.21182" lon="11.030609"><ele>434.1</ele></trkpt>
<trkpt lat="43.212229" lon="11.030909"><ele>432.8</ele></trkpt>
<trkpt lat="43.212559" lon="11.03125"><ele>432.1</ele></trkpt>
<trkpt lat="43.21287" lon="11.03141"><ele>433.6</ele></trkpt>
<trkpt lat="43.21317" lon="11.031429"><ele>435.1</ele></trkpt>
<trkpt lat="43.21359" lon="11.03131"><ele>435.7</ele></trkpt>
<trkpt lat="43.214009" lon="11.031229"><ele>436.9</ele></trkpt>
<trkpt lat="43.214309" lon="11.03122"><ele>438.5</ele></trkpt>
<trkpt lat="43.21448" lon="11.031259"><ele>439.8</ele></trkpt>
<trkpt lat="43.214759" lon="11.031429"><ele>442.0</ele></trkpt>
<trkpt lat="43.2154" lon="11.03214"><ele>440.9</ele></trkpt>
<trkpt lat="43.216039" lon="11.03286"><ele>434.7</ele></trkpt>
<trkpt lat="43.21669" lon="11.033569"><ele>426.9</ele></trkpt>
<trkpt lat="43.217329" lon="11.034289"><ele>424.7</ele></trkpt>
<trkpt lat="43.21797" lon="11.034999"><ele>419.7</ele></trkpt>
<trkpt lat="43.218609" lon="11.035719"><ele>413.1</ele></trkpt>
<trkpt lat="43.218959" lon="11.036179"><ele>412.4</ele></trkpt>
<trkpt lat="43.219419" lon="11.036909"><ele>415.1</ele></trkpt>
<trkpt lat="43.21987" lon="11.03764"><ele>418.1</ele></trkpt>
<trkpt lat="43.22033" lon="11.03837"><ele>419.8</ele></trkpt>
<trkpt lat="43.22055" lon="11.038649"><ele>419.8</ele></trkpt>
<trkpt lat="43.22076" lon="11.03879"><ele>421.1</ele></trkpt>
<trkpt lat="43.221558" lon="11.03909"><ele>419.1</ele></trkpt>
<trkpt lat="43.221779" lon="11.039209"><ele>418.2</ele></trkpt>
<trkpt lat="43.22196" lon="11.039339"><ele>417.2</ele></trkpt>
<trkpt lat="43.222379" lon="11.039789"><ele>419.3</ele></trkpt>
<trkpt lat="43.222839" lon="11.04031"><ele>420.6</ele></trkpt>
<trkpt lat="43.22331" lon="11.040839"><ele>426.2</ele></trkpt>
<trkpt lat="43.22348" lon="11.041"><ele>426.7</ele></trkpt>
<trkpt lat="43.2237" lon="11.041078"><ele>425.1</ele></trkpt>
<trkpt lat="43.2244" lon="11.04126"><ele>421.9</ele></trkpt>
<trkpt lat="43.22472" lon="11.041629"><ele>424.8</ele></trkpt>
<trkpt lat="43.225009" lon="11.042059"><ele>420.8</ele></trkpt>
<trkpt lat="43.225259" lon="11.04234"><ele>420.2</ele></trkpt>
<trkpt lat="43.22603" lon="11.042908"><ele>421.7</ele></trkpt>
<trkpt lat="43.2268" lon="11.043479"><ele>421.5</ele></trkpt>
<trkpt lat="43.22695" lon="11.04365"><ele>421.1</ele></trkpt>
<trkpt lat="43.22706" lon="11.043829"><ele>420.1</ele></trkpt>
<trkpt lat="43.22716" lon="11.044128"><ele>417.6</ele></trkpt>
<trkpt lat="43.22722" lon="11.044739"><ele>414.1</ele></trkpt>
<trkpt lat="43.227269" lon="11.04536"><ele>409.9</ele></trkpt>
<trkpt lat="43.227359" lon="11.045539"><ele>409.3</ele></trkpt>
<trkpt lat="43.22745" lon="11.045679"><ele>409.0</ele></trkpt>
<trkpt lat="43.227569" lon="11.045779"><ele>408.9</ele></trkpt>
<trkpt lat="43.227699" lon="11.04585"><ele>408.9</ele></trkpt>
<trkpt lat="43.228289" lon="11.04612"><ele>407.9</ele></trkpt>
<trkpt lat="43.228869" lon="11.046399"><ele>404.8</ele></trkpt>
<trkpt lat="43.229459" lon="11.04668"><ele>402.8</ele></trkpt>
<trkpt lat="43.229799" lon="11.04693"><ele>401.0</ele></trkpt>
<trkpt lat="43.230479" lon="11.04759"><ele>400.8</ele></trkpt>
<trkpt lat="43.23116" lon="11.04825"><ele>404.4</ele></trkpt>
<trkpt lat="43.23184" lon="11.04891"><ele>409.0</ele></trkpt>
<trkpt lat="43.232519" lon="11.049568"><ele>414.1</ele></trkpt>
<trkpt lat="43.232919" lon="11.050038"><ele>417.4</ele></trkpt>
<trkpt lat="43.233269" lon="11.05052"><ele>422.2</ele></trkpt>
<trkpt lat="43.23362" lon="11.051"><ele>428.2</ele></trkpt>
<trkpt lat="43.23372" lon="11.05121"><ele>429.7</ele></trkpt>
<trkpt lat="43.23375" lon="11.051379"><ele>430.2</ele></trkpt>
<trkpt lat="43.233769" lon="11.05225"><ele>427.9</ele></trkpt>
<trkpt lat="43.233859" lon="11.052469"><ele>428.6</ele></trkpt>
<trkpt lat="43.233989" lon="11.05259"><ele>429.6</ele></trkpt>
<trkpt lat="43.234139" lon="11.052629"><ele>431.5</ele></trkpt>
<trkpt lat="43.234299" lon="11.052599"><ele>433.5</ele></trkpt>
<trkpt lat="43.23454" lon="11.052459"><ele>437.5</ele></trkpt>
<trkpt lat="43.23481" lon="11.052329"><ele>441.2</ele></trkpt>
<trkpt lat="43.23496" lon="11.052329"><ele>442.7</ele></trkpt>
<trkpt lat="43.23532" lon="11.05255"><ele>446.9</ele></trkpt>
<trkpt lat="43.23609" lon="11.053149"><ele>447.1</ele></trkpt>
<trkpt lat="43.236389" lon="11.05328"><ele>447.8</ele></trkpt>
<trkpt lat="43.236589" lon="11.0533"><ele>449.8</ele></trkpt>
<trkpt lat="43.237219" lon="11.05327"><ele>454.3</ele></trkpt>
<trkpt lat="43.237698" lon="11.05327"><ele>456.5</ele></trkpt>
<trkpt lat="43.238168" lon="11.05327"><ele>458.2</ele></trkpt>
<trkpt lat="43.2387" lon="11.05317"><ele>462.3</ele></trkpt>
<trkpt lat="43.239049" lon="11.05317"><ele>464.6</ele></trkpt>
<trkpt lat="43.239309" lon="11.05327"><ele>463.8</ele></trkpt>
<trkpt lat="43.239439" lon="11.053389"><ele>462.6</ele></trkpt>
<trkpt lat="43.23953" lon="11.053519"><ele>462.1</ele></trkpt>
<trkpt lat="43.23966" lon="11.053779"><ele>461.5</ele></trkpt>
<trkpt lat="43.239799" lon="11.054149"><ele>461.2</ele></trkpt>
<trkpt lat="43.240039" lon="11.054739"><ele>465.5</ele></trkpt>
<trkpt lat="43.24028" lon="11.05534"><ele>469.0</ele></trkpt>
<trkpt lat="43.24038" lon="11.055519"><ele>469.7</ele></trkpt>
<trkpt lat="43.240489" lon="11.055679"><ele>470.0</ele></trkpt>
<trkpt lat="43.240988" lon="11.056009"><ele>469.9</ele></trkpt>
<trkpt lat="43.241479" lon="11.056339"><ele>471.7</ele></trkpt>
<trkpt lat="43.241679" lon="11.05639"><ele>471.4</ele></trkpt>
<trkpt lat="43.241869" lon="11.056369"><ele>471.7</ele></trkpt>
<trkpt lat="43.242599" lon="11.056109"><ele>470.2</ele></trkpt>
<trkpt lat="43.24288" lon="11.05606"><ele>471.1</ele></trkpt>
<trkpt lat="43.243219" lon="11.05613"><ele>473.6</ele></trkpt>
<trkpt lat="43.243649" lon="11.056309"><ele>473.9</ele></trkpt>
<trkpt lat="43.243849" lon="11.056468"><ele>472.9</ele></trkpt>
<trkpt lat="43.244" lon="11.056629"><ele>471.7</ele></trkpt>
<trkpt lat="43.244409" lon="11.057329"><ele>469.6</ele></trkpt>
<trkpt lat="43.244599" lon="11.05757"><ele>469.2</ele></trkpt>
<trkpt lat="43.24478" lon="11.057649"><ele>468.1</ele></trkpt>
<trkpt lat="43.244959" lon="11.0577"><ele>466.6</ele></trkpt>
<trkpt lat="43.24543" lon="11.057649"><ele>463.6</ele></trkpt>
<trkpt lat="43.246149" lon="11.057879"><ele>462.0</ele></trkpt>
<trkpt lat="43.24671" lon="11.058119"><ele>459.6</ele></trkpt>
<trkpt lat="43.246869" lon="11.05823"><ele>458.8</ele></trkpt>
<trkpt lat="43.246988" lon="11.058469"><ele>459.0</ele></trkpt>
<trkpt lat="43.247159" lon="11.059429"><ele>459.1</ele></trkpt>
<trkpt lat="43.247319" lon="11.06039"><ele>456.9</ele></trkpt>
<trkpt lat="43.24741" lon="11.060689"><ele>455.9</ele></trkpt>
<trkpt lat="43.24757" lon="11.061029"><ele>455.4</ele></trkpt>
<trkpt lat="43.24776" lon="11.061289"><ele>455.7</ele></trkpt>
<trkpt lat="43.24796" lon="11.061459"><ele>454.9</ele></trkpt>
<trkpt lat="43.248739" lon="11.061749"><ele>449.6</ele></trkpt>
<trkpt lat="43.248969" lon="11.0619"><ele>449.4</ele></trkpt>
<trkpt lat="43.249319" lon="11.062249"><ele>450.1</ele></trkpt>
<trkpt lat="43.249759" lon="11.062669"><ele>452.9</ele></trkpt>
<trkpt lat="43.25007" lon="11.062849"><ele>454.6</ele></trkpt>
<trkpt lat="43.25082" lon="11.063009"><ele>451.9</ele></trkpt>
<trkpt lat="43.25105" lon="11.063099"><ele>450.3</ele></trkpt>
<trkpt lat="43.251599" lon="11.063569"><ele>447.8</ele></trkpt>
<trkpt lat="43.25229" lon="11.06404"><ele>445.0</ele></trkpt>
<trkpt lat="43.25296" lon="11.06444"><ele>438.4</ele></trkpt>
<trkpt lat="43.25358" lon="11.06476"><ele>433.9</ele></trkpt>
<trkpt lat="43.25381" lon="11.064909"><ele>433.6</ele></trkpt>
<trkpt lat="43.254159" lon="11.06519"><ele>431.6</ele></trkpt>
<trkpt lat="43.2547" lon="11.06581"><ele>428.3</ele></trkpt>
<trkpt lat="43.255239" lon="11.06643"><ele>428.4</ele></trkpt>
<trkpt lat="43.25578" lon="11.067049"><ele>429.9</ele></trkpt>
<trkpt lat="43.256119" lon="11.067339"><ele>429.1</ele></trkpt>
<trkpt lat="43.25667" lon="11.067728"><ele>430.2</ele></trkpt>
<trkpt lat="43.257219" lon="11.06811"><ele>429.1</ele></trkpt>
<trkpt lat="43.257369" lon="11.06818"><ele>429.4</ele></trkpt>
<trkpt lat="43.257889" lon="11.068249"><ele>430.5</ele></trkpt>
<trkpt lat="43.25811" lon="11.068319"><ele>432.2</ele></trkpt>
<trkpt lat="43.258349" lon="11.068449"><ele>434.8</ele></trkpt>
<trkpt lat="43.258489" lon="11.0685"><ele>435.6</ele></trkpt>
<trkpt lat="43.25899" lon="11.06857"><ele>436.9</ele></trkpt>
<trkpt lat="43.25948" lon="11.06864"><ele>437.8</ele></trkpt>
<trkpt lat="43.25994" lon="11.06866"><ele>438.3</ele></trkpt>
<trkpt lat="43.26015" lon="11.068549"><ele>438.6</ele></trkpt>
<trkpt lat="43.2604" lon="11.068349"><ele>439.0</ele></trkpt>
<trkpt lat="43.2605" lon="11.068229"><ele>439.2</ele></trkpt>
<trkpt lat="43.260599" lon="11.068019"><ele>438.4</ele></trkpt>
<trkpt lat="43.260789" lon="11.06683"><ele>431.8</ele></trkpt>
<trkpt lat="43.261159" lon="11.065799"><ele>429.6</ele></trkpt>
<trkpt lat="43.261299" lon="11.06552"><ele>429.2</ele></trkpt>
<trkpt lat="43.26152" lon="11.065339"><ele>429.9</ele></trkpt>
<trkpt lat="43.261839" lon="11.065109"><ele>428.8</ele></trkpt>
<trkpt lat="43.262419" lon="11.06492"><ele>424.0</ele></trkpt>
<trkpt lat="43.263101" lon="11.064729"><ele>423.6</ele></trkpt>
<trkpt lat="43.263272" lon="11.064598"><ele>422.6</ele></trkpt>
<trkpt lat="43.263281" lon="11.064466"><ele>421.9</ele></trkpt>
<trkpt lat="43.263272" lon="11.064394"><ele>421.1</ele></trkpt>
<trkpt lat="43.263119" lon="11.064286"><ele>420.4</ele></trkpt>
<trkpt lat="43.263" lon="11.06417"><ele>419.0</ele></trkpt>
<trkpt lat="43.26287" lon="11.06404"><ele>417.9</ele></trkpt>
<trkpt lat="43.26287" lon="11.06404"><ele>417.9</ele></trkpt>
<trkpt lat="43.26234" lon="11.063489"><ele>413.4</ele></trkpt>
<trkpt lat="43.26182" lon="11.06293"><ele>407.6</ele></trkpt>
<trkpt lat="43.261599" lon="11.062539"><ele>403.5</ele></trkpt>
<trkpt lat="43.26142" lon="11.06197"><ele>398.4</ele></trkpt>
<trkpt lat="43.261309" lon="11.061769"><ele>396.8</ele></trkpt>
<trkpt lat="43.261169" lon="11.061619"><ele>395.7</ele></trkpt>
<trkpt lat="43.260939" lon="11.06158"><ele>396.0</ele></trkpt>
<trkpt lat="43.260319" lon="11.06158"><ele>392.3</ele></trkpt>
<trkpt lat="43.26021" lon="11.06154"><ele>391.3</ele></trkpt>
<trkpt lat="43.26014" lon="11.061488"><ele>390.6</ele></trkpt>
<trkpt lat="43.260059" lon="11.06138"><ele>389.7</ele></trkpt>
<trkpt lat="43.25998" lon="11.061199"><ele>388.5</ele></trkpt>
<trkpt lat="43.25995" lon="11.061009"><ele>387.5</ele></trkpt>
<trkpt lat="43.25988" lon="11.06"><ele>386.8</ele></trkpt>
<trkpt lat="43.25988" lon="11.05993"><ele>387.4</ele></trkpt>
<trkpt lat="43.25988" lon="11.05993"><ele>387.4</ele></trkpt>
<trkpt lat="43.25988" lon="11.05993"><ele>387.4</ele></trkpt>
<trkpt lat="43.259889" lon="11.059689"><ele>389.6</ele></trkpt>
<trkpt lat="43.26015" lon="11.058719"><ele>398.8</ele></trkpt>
<trkpt lat="43.26027" lon="11.05852"><ele>400.1</ele></trkpt>
<trkpt lat="43.26043" lon="11.058349"><ele>401.3</ele></trkpt>
<trkpt lat="43.260909" lon="11.057949"><ele>402.9</ele></trkpt>
<trkpt lat="43.26093" lon="11.057889"><ele>403.1</ele></trkpt>
<trkpt lat="43.26093" lon="11.057889"><ele>403.1</ele></trkpt>
<trkpt lat="43.26096" lon="11.057779"><ele>403.7</ele></trkpt>
<trkpt lat="43.26096" lon="11.057659"><ele>405.0</ele></trkpt>
<trkpt lat="43.2609" lon="11.057549"><ele>407.2</ele></trkpt>
<trkpt lat="43.26084" lon="11.057499"><ele>408.9</ele></trkpt>
<trkpt lat="43.26076" lon="11.057499"><ele>409.0</ele></trkpt>
<trkpt lat="43.260359" lon="11.057639"><ele>407.8</ele></trkpt>
<trkpt lat="43.260199" lon="11.05763"><ele>408.0</ele></trkpt>
<trkpt lat="43.260039" lon="11.057499"><ele>409.0</ele></trkpt>
<trkpt lat="43.25998" lon="11.057259"><ele>411.0</ele></trkpt>
<trkpt lat="43.25991" lon="11.05635"><ele>419.6</ele></trkpt>
<trkpt lat="43.259669" lon="11.055519"><ele>423.3</ele></trkpt>
<trkpt lat="43.25962" lon="11.05527"><ele>424.4</ele></trkpt>
<trkpt lat="43.25962" lon="11.054989"><ele>426.6</ele></trkpt>
<trkpt lat="43.25988" lon="11.054149"><ele>430.9</ele></trkpt>
<trkpt lat="43.259929" lon="11.053939"><ele>432.4</ele></trkpt>
<trkpt lat="43.259999" lon="11.05305"><ele>440.1</ele></trkpt>
<trkpt lat="43.259999" lon="11.05284"><ele>443.1</ele></trkpt>
<trkpt lat="43.259989" lon="11.05278"><ele>443.9</ele></trkpt>
<trkpt lat="43.25995" lon="11.05268"><ele>444.9</ele></trkpt>
<trkpt lat="43.259859" lon="11.05258"><ele>445.5</ele></trkpt>
<trkpt lat="43.25948" lon="11.05235"><ele>445.4</ele></trkpt>
<trkpt lat="43.259399" lon="11.052239"><ele>446.4</ele></trkpt>
<trkpt lat="43.259239" lon="11.05186"><ele>451.3</ele></trkpt>
<trkpt lat="43.25892" lon="11.051019"><ele>452.6</ele></trkpt>
<trkpt lat="43.258879" lon="11.05075"><ele>453.5</ele></trkpt>
<trkpt lat="43.258939" lon="11.05016"><ele>456.6</ele></trkpt>
<trkpt lat="43.258969" lon="11.04973"><ele>458.3</ele></trkpt>
<trkpt lat="43.25893" lon="11.04933"><ele>457.4</ele></trkpt>
<trkpt lat="43.25892" lon="11.048989"><ele>455.9</ele></trkpt>
<trkpt lat="43.258969" lon="11.048849"><ele>456.8</ele></trkpt>
<trkpt lat="43.259049" lon="11.04874"><ele>459.2</ele></trkpt>
<trkpt lat="43.25955" lon="11.048529"><ele>472.5</ele></trkpt>
<trkpt lat="43.259729" lon="11.048489"><ele>477.0</ele></trkpt>
<trkpt lat="43.25992" lon="11.048359"><ele>481.1</ele></trkpt>
<trkpt lat="43.260159" lon="11.048139"><ele>484.7</ele></trkpt>
<trkpt lat="43.260249" lon="11.04799"><ele>486.1</ele></trkpt>
<trkpt lat="43.26027" lon="11.04785"><ele>486.0</ele></trkpt>
<trkpt lat="43.26014" lon="11.047119"><ele>481.1</ele></trkpt>
<trkpt lat="43.260099" lon="11.046819"><ele>480.7</ele></trkpt>
<trkpt lat="43.26017" lon="11.04658"><ele>482.8</ele></trkpt>
<trkpt lat="43.260199" lon="11.046529"><ele>483.4</ele></trkpt>
<trkpt lat="43.260199" lon="11.046529"><ele>483.4</ele></trkpt>
<trkpt lat="43.260329" lon="11.04634"><ele>485.7</ele></trkpt>
<trkpt lat="43.260549" lon="11.046159"><ele>489.7</ele></trkpt>
<trkpt lat="43.261079" lon="11.04608"><ele>495.4</ele></trkpt>
<trkpt lat="43.26133" lon="11.04601"><ele>494.8</ele></trkpt>
<trkpt lat="43.261439" lon="11.04595"><ele>494.6</ele></trkpt>
<trkpt lat="43.26152" lon="11.04588"><ele>494.6</ele></trkpt>
<trkpt lat="43.261599" lon="11.04576"><ele>495.1</ele></trkpt>
<trkpt lat="43.26165" lon="11.045609"><ele>496.2</ele></trkpt>
<trkpt lat="43.26168" lon="11.04539"><ele>497.2</ele></trkpt>
<trkpt lat="43.261669" lon="11.045119"><ele>499.2</ele></trkpt>
<trkpt lat="43.261669" lon="11.045119"><ele>499.2</ele></trkpt>
<trkpt lat="43.26165" lon="11.044889"><ele>500.7</ele></trkpt>
<trkpt lat="43.261609" lon="11.04477"><ele>501.1</ele></trkpt>
<trkpt lat="43.261569" lon="11.044739"><ele>500.8</ele></trkpt>
<trkpt lat="43.261529" lon="11.044361"><ele>500.8</ele></trkpt>
<trkpt lat="43.261331" lon="11.043643"><ele>497.1</ele></trkpt>
<trkpt lat="43.26126" lon="11.043056"><ele>495.2</ele></trkpt>
<trkpt lat="43.261224" lon="11.042469"><ele>494.7</ele></trkpt>
<trkpt lat="43.261197" lon="11.041763"><ele>492.6</ele></trkpt>
<trkpt lat="43.261206" lon="11.041021"><ele>491.2</ele></trkpt>
<trkpt lat="43.261197" lon="11.040841"><ele>482.5</ele></trkpt>
<trkpt lat="43.261304" lon="11.040446"><ele>478.0</ele></trkpt>
<trkpt lat="43.261188" lon="11.040314"><ele>487.2</ele></trkpt>
<trkpt lat="43.26108" lon="11.040146"><ele>484.8</ele></trkpt>
<trkpt lat="43.260954" lon="11.040099"><ele>482.3</ele></trkpt>
<trkpt lat="43.260846" lon="11.040015"><ele>479.9</ele></trkpt>
<trkpt lat="43.26072" lon="11.040015"><ele>478.1</ele></trkpt>
<trkpt lat="43.260658" lon="11.040099"><ele>478.0</ele></trkpt>
<trkpt lat="43.26064" lon="11.040134"><ele>478.1</ele></trkpt>
<trkpt lat="43.260586" lon="11.040278"><ele>478.5</ele></trkpt>
<trkpt lat="43.260514" lon="11.040446"><ele>478.6</ele></trkpt>
<trkpt lat="43.260514" lon="11.040494"><ele>479.0</ele></trkpt>
<trkpt lat="43.260487" lon="11.040637"><ele>479.6</ele></trkpt>
<trkpt lat="43.260487" lon="11.040781"><ele>480.6</ele></trkpt>
<trkpt lat="43.260478" lon="11.041045"><ele>481.8</ele></trkpt>
<trkpt lat="43.260478" lon="11.041236"><ele>482.8</ele></trkpt>
<trkpt lat="43.260478" lon="11.041416"><ele>483.7</ele></trkpt>
<trkpt lat="43.260478" lon="11.041571"><ele>484.5</ele></trkpt>
<trkpt lat="43.260469" lon="11.041751"><ele>484.5</ele></trkpt>
<trkpt lat="43.260451" lon="11.041871"><ele>484.2</ele></trkpt>
<trkpt lat="43.260451" lon="11.041955"><ele>484.2</ele></trkpt>
<trkpt lat="43.260451" lon="11.042122"><ele>484.4</ele></trkpt>
<trkpt lat="43.260451" lon="11.042206"><ele>484.5</ele></trkpt>
<trkpt lat="43.260361" lon="11.042134"><ele>482.0</ele></trkpt>
<trkpt lat="43.26021" lon="11.040608"><ele>471.6</ele></trkpt>
<trkpt lat="43.26011" lon="11.040229"><ele>467.3</ele></trkpt>
<trkpt lat="43.26007" lon="11.04005"><ele>465.8</ele></trkpt>
<trkpt lat="43.26011" lon="11.039789"><ele>463.6</ele></trkpt>
<trkpt lat="43.26018" lon="11.039629"><ele>462.3</ele></trkpt>
<trkpt lat="43.260259" lon="11.03952"><ele>461.6</ele></trkpt>
<trkpt lat="43.26043" lon="11.039369"><ele>460.5</ele></trkpt>
<trkpt lat="43.260549" lon="11.03929"><ele>459.7</ele></trkpt>
<trkpt lat="43.26077" lon="11.039239"><ele>459.9</ele></trkpt>
<trkpt lat="43.26096" lon="11.03926"><ele>460.3</ele></trkpt>
<trkpt lat="43.260961" lon="11.039257"><ele>460.2</ele></trkpt>
<trkpt lat="43.26096" lon="11.03926"><ele>460.3</ele></trkpt>
<trkpt lat="43.26129" lon="11.03929"><ele>459.6</ele></trkpt>
<trkpt lat="43.26155" lon="11.039249"><ele>457.1</ele></trkpt>
<trkpt lat="43.261799" lon="11.039179"><ele>453.6</ele></trkpt>
<trkpt lat="43.262219" lon="11.038979"><ele>447.2</ele></trkpt>
<trkpt lat="43.262789" lon="11.038839"><ele>438.0</ele></trkpt>
<trkpt lat="43.262849" lon="11.0388"><ele>436.6</ele></trkpt>
<trkpt lat="43.262919" lon="11.03866"><ele>434.3</ele></trkpt>
<trkpt lat="43.262919" lon="11.038579"><ele>433.7</ele></trkpt>
<trkpt lat="43.2629" lon="11.038479"><ele>433.2</ele></trkpt>
<trkpt lat="43.262849" lon="11.0384"><ele>433.1</ele></trkpt>
<trkpt lat="43.262748" lon="11.038349"><ele>433.4</ele></trkpt>
<trkpt lat="43.262679" lon="11.038359"><ele>434.0</ele></trkpt>
<trkpt lat="43.26244" lon="11.038459"><ele>437.2</ele></trkpt>
<trkpt lat="43.262259" lon="11.038459"><ele>437.6</ele></trkpt>
<trkpt lat="43.262089" lon="11.038359"><ele>436.0</ele></trkpt>
<trkpt lat="43.26198" lon="11.0382"><ele>433.9</ele></trkpt>
<trkpt lat="43.26195" lon="11.03811"><ele>432.9</ele></trkpt>
<trkpt lat="43.26192" lon="11.037919"><ele>430.7</ele></trkpt>
<trkpt lat="43.261899" lon="11.037419"><ele>424.7</ele></trkpt>
<trkpt lat="43.261869" lon="11.03726"><ele>422.6</ele></trkpt>
<trkpt lat="43.26182" lon="11.03712"><ele>421.0</ele></trkpt>
<trkpt lat="43.261729" lon="11.03705"><ele>420.8</ele></trkpt>
<trkpt lat="43.26165" lon="11.03703"><ele>421.0</ele></trkpt>
<trkpt lat="43.261569" lon="11.037039"><ele>420.7</ele></trkpt>
<trkpt lat="43.261249" lon="11.037228"><ele>422.5</ele></trkpt>
<trkpt lat="43.26096" lon="11.03729"><ele>422.5</ele></trkpt>
<trkpt lat="43.26066" lon="11.03728"><ele>422.2</ele></trkpt>
<trkpt lat="43.260519" lon="11.03725"><ele>422.0</ele></trkpt>
<trkpt lat="43.26034" lon="11.03712"><ele>419.6</ele></trkpt>
<trkpt lat="43.260189" lon="11.036939"><ele>416.1</ele></trkpt>
<trkpt lat="43.260039" lon="11.03673"><ele>412.2</ele></trkpt>
<trkpt lat="43.25995" lon="11.036539"><ele>410.4</ele></trkpt>
<trkpt lat="43.25985" lon="11.03621"><ele>408.2</ele></trkpt>
<trkpt lat="43.259729" lon="11.035719"><ele>403.2</ele></trkpt>
<trkpt lat="43.25968" lon="11.03562"><ele>402.0</ele></trkpt>
<trkpt lat="43.25956" lon="11.03548"><ele>400.4</ele></trkpt>
<trkpt lat="43.259469" lon="11.035439"><ele>400.1</ele></trkpt>
<trkpt lat="43.259368" lon="11.035429"><ele>400.4</ele></trkpt>
<trkpt lat="43.25896" lon="11.035499"><ele>404.1</ele></trkpt>
<trkpt lat="43.25883" lon="11.035499"><ele>405.0</ele></trkpt>
<trkpt lat="43.258749" lon="11.035469"><ele>404.9</ele></trkpt>
<trkpt lat="43.258679" lon="11.03542"><ele>404.3</ele></trkpt>
<trkpt lat="43.258419" lon="11.035129"><ele>398.9</ele></trkpt>
<trkpt lat="43.258349" lon="11.03508"><ele>397.9</ele></trkpt>
<trkpt lat="43.25784" lon="11.034928"><ele>392.6</ele></trkpt>
<trkpt lat="43.257329" lon="11.034769"><ele>387.5</ele></trkpt>
<trkpt lat="43.257128" lon="11.034779"><ele>386.3</ele></trkpt>
<trkpt lat="43.25683" lon="11.034879"><ele>385.3</ele></trkpt>
<trkpt lat="43.25654" lon="11.03508"><ele>384.2</ele></trkpt>
<trkpt lat="43.255899" lon="11.035819"><ele>378.0</ele></trkpt>
<trkpt lat="43.255689" lon="11.036019"><ele>375.2</ele></trkpt>
<trkpt lat="43.25558" lon="11.0361"><ele>374.3</ele></trkpt>
<trkpt lat="43.25548" lon="11.03614"><ele>373.7</ele></trkpt>
<trkpt lat="43.255199" lon="11.03621"><ele>372.5</ele></trkpt>
<trkpt lat="43.254959" lon="11.03624"><ele>370.9</ele></trkpt>
<trkpt lat="43.254709" lon="11.036148"><ele>367.6</ele></trkpt>
<trkpt lat="43.25447" lon="11.035959"><ele>365.8</ele></trkpt>
<trkpt lat="43.254349" lon="11.035859"><ele>364.8</ele></trkpt>
<trkpt lat="43.254319" lon="11.035799"><ele>364.7</ele></trkpt>
<trkpt lat="43.254179" lon="11.03531"><ele>365.0</ele></trkpt>
<trkpt lat="43.253949" lon="11.034899"><ele>359.0</ele></trkpt>
<trkpt lat="43.25391" lon="11.034809"><ele>357.1</ele></trkpt>
<trkpt lat="43.25388" lon="11.03459"><ele>355.1</ele></trkpt>
<trkpt lat="43.2539" lon="11.034379"><ele>354.7</ele></trkpt>
<trkpt lat="43.254019" lon="11.03394"><ele>356.6</ele></trkpt>
<trkpt lat="43.254119" lon="11.03374"><ele>358.6</ele></trkpt>
<trkpt lat="43.254249" lon="11.03364"><ele>359.1</ele></trkpt>
<trkpt lat="43.2547" lon="11.033569"><ele>356.5</ele></trkpt>
<trkpt lat="43.2548" lon="11.033469"><ele>354.6</ele></trkpt>
<trkpt lat="43.25485" lon="11.03332"><ele>352.1</ele></trkpt>
<trkpt lat="43.254868" lon="11.033199"><ele>350.5</ele></trkpt>
<trkpt lat="43.25485" lon="11.03299"><ele>348.2</ele></trkpt>
<trkpt lat="43.254669" lon="11.03227"><ele>341.9</ele></trkpt>
<trkpt lat="43.25462" lon="11.0321"><ele>339.8</ele></trkpt>
<trkpt lat="43.25456" lon="11.032"><ele>338.9</ele></trkpt>
<trkpt lat="43.254439" lon="11.031878"><ele>338.2</ele></trkpt>
<trkpt lat="43.25371" lon="11.031489"><ele>330.6</ele></trkpt>
<trkpt lat="43.25361" lon="11.031458"><ele>329.4</ele></trkpt>
<trkpt lat="43.25348" lon="11.03148"><ele>329.0</ele></trkpt>
<trkpt lat="43.25283" lon="11.031849"><ele>324.4</ele></trkpt>
<trkpt lat="43.252739" lon="11.031919"><ele>323.6</ele></trkpt>
<trkpt lat="43.25266" lon="11.032019"><ele>323.2</ele></trkpt>
<trkpt lat="43.252609" lon="11.032119"><ele>323.3</ele></trkpt>
<trkpt lat="43.252349" lon="11.032779"><ele>320.3</ele></trkpt>
<trkpt lat="43.252189" lon="11.03295"><ele>316.4</ele></trkpt>
<trkpt lat="43.252048" lon="11.032999"><ele>313.8</ele></trkpt>
<trkpt lat="43.251959" lon="11.032999"><ele>312.4</ele></trkpt>
<trkpt lat="43.25181" lon="11.032929"><ele>310.6</ele></trkpt>
<trkpt lat="43.25167" lon="11.032799"><ele>309.5</ele></trkpt>
<trkpt lat="43.251589" lon="11.032699"><ele>308.6</ele></trkpt>
<trkpt lat="43.25155" lon="11.03259"><ele>308.5</ele></trkpt>
<trkpt lat="43.25154" lon="11.032489"><ele>308.9</ele></trkpt>
<trkpt lat="43.25155" lon="11.03237"><ele>308.6</ele></trkpt>
<trkpt lat="43.25157" lon="11.03227"><ele>308.5</ele></trkpt>
<trkpt lat="43.251789" lon="11.031759"><ele>309.1</ele></trkpt>
<trkpt lat="43.25181" lon="11.031659"><ele>308.7</ele></trkpt>
<trkpt lat="43.251789" lon="11.03141"><ele>305.9</ele></trkpt>
<trkpt lat="43.251729" lon="11.031259"><ele>303.8</ele></trkpt>
<trkpt lat="43.251529" lon="11.030929"><ele>298.9</ele></trkpt>
<trkpt lat="43.25147" lon="11.030869"><ele>298.1</ele></trkpt>
<trkpt lat="43.251398" lon="11.030809"><ele>297.0</ele></trkpt>
<trkpt lat="43.251229" lon="11.030739"><ele>295.0</ele></trkpt>
<trkpt lat="43.250829" lon="11.030739"><ele>292.7</ele></trkpt>
<trkpt lat="43.25062" lon="11.03069"><ele>290.2</ele></trkpt>
<trkpt lat="43.25004" lon="11.03043"><ele>284.3</ele></trkpt>
<trkpt lat="43.24947" lon="11.03016"><ele>285.2</ele></trkpt>
<trkpt lat="43.248899" lon="11.029889"><ele>289.4</ele></trkpt>
<trkpt lat="43.248499" lon="11.029679"><ele>294.1</ele></trkpt>
<trkpt lat="43.24839" lon="11.02957"><ele>294.9</ele></trkpt>
<trkpt lat="43.248209" lon="11.029299"><ele>295.5</ele></trkpt>
<trkpt lat="43.24807" lon="11.028959"><ele>295.6</ele></trkpt>
<trkpt lat="43.24786" lon="11.02853"><ele>295.3</ele></trkpt>
<trkpt lat="43.24776" lon="11.028369"><ele>295.3</ele></trkpt>
<trkpt lat="43.2476" lon="11.028209"><ele>296.0</ele></trkpt>
<trkpt lat="43.247429" lon="11.028109"><ele>296.5</ele></trkpt>
<trkpt lat="43.247329" lon="11.028078"><ele>296.5</ele></trkpt>
<trkpt lat="43.24675" lon="11.028049"><ele>298.3</ele></trkpt>
<trkpt lat="43.246499" lon="11.02799"><ele>297.3</ele></trkpt>
<trkpt lat="43.24616" lon="11.027789"><ele>295.7</ele></trkpt>
<trkpt lat="43.24597" lon="11.027659"><ele>295.8</ele></trkpt>
<trkpt lat="43.2457" lon="11.0274"><ele>295.6</ele></trkpt>
<trkpt lat="43.245259" lon="11.026839"><ele>292.8</ele></trkpt>
<trkpt lat="43.24481" lon="11.02629"><ele>287.3</ele></trkpt>
<trkpt lat="43.24436" lon="11.02573"><ele>282.9</ele></trkpt>
<trkpt lat="43.244239" lon="11.02563"><ele>281.5</ele></trkpt>
<trkpt lat="43.243989" lon="11.02544"><ele>279.2</ele></trkpt>
<trkpt lat="43.24347" lon="11.025149"><ele>276.8</ele></trkpt>
<trkpt lat="43.243319" lon="11.025028"><ele>276.8</ele></trkpt>
<trkpt lat="43.243089" lon="11.02478"><ele>273.9</ele></trkpt>
<trkpt lat="43.242919" lon="11.024639"><ele>272.1</ele></trkpt>
<trkpt lat="43.242758" lon="11.02455"><ele>270.8</ele></trkpt>
<trkpt lat="43.24225" lon="11.024419"><ele>267.0</ele></trkpt>
<trkpt lat="43.241749" lon="11.024279"><ele>262.6</ele></trkpt>
<trkpt lat="43.241509" lon="11.02415"><ele>260.4</ele></trkpt>
<trkpt lat="43.241219" lon="11.023839"><ele>256.0</ele></trkpt>
<trkpt lat="43.240799" lon="11.02324"><ele>251.8</ele></trkpt>
<trkpt lat="43.24038" lon="11.02264"><ele>250.1</ele></trkpt>
<trkpt lat="43.23996" lon="11.02203"><ele>248.4</ele></trkpt>
<trkpt lat="43.23969" lon="11.02136"><ele>248.0</ele></trkpt>
<trkpt lat="43.23939" lon="11.02042"><ele>247.9</ele></trkpt>
<trkpt lat="43.2391" lon="11.019479"><ele>246.8</ele></trkpt>
<trkpt lat="43.2388" lon="11.018529"><ele>246.5</ele></trkpt>
<trkpt lat="43.23851" lon="11.01759"><ele>245.4</ele></trkpt>
<trkpt lat="43.23822" lon="11.016649"><ele>244.5</ele></trkpt>
<trkpt lat="43.23809" lon="11.016159"><ele>245.8</ele></trkpt>
<trkpt lat="43.23805" lon="11.01589"><ele>246.4</ele></trkpt>
<trkpt lat="43.238029" lon="11.015609"><ele>247.1</ele></trkpt>
<trkpt lat="43.238039" lon="11.014989"><ele>249.1</ele></trkpt>
<trkpt lat="43.238069" lon="11.014749"><ele>248.4</ele></trkpt>
<trkpt lat="43.238129" lon="11.014429"><ele>247.9</ele></trkpt>
<trkpt lat="43.238359" lon="11.013569"><ele>250.0</ele></trkpt>
<trkpt lat="43.238589" lon="11.0127"><ele>253.3</ele></trkpt>
<trkpt lat="43.238818" lon="11.01184"><ele>253.2</ele></trkpt>
<trkpt lat="43.238959" lon="11.01139"><ele>252.3</ele></trkpt>
<trkpt lat="43.239349" lon="11.010359"><ele>247.3</ele></trkpt>
<trkpt lat="43.23973" lon="11.009329"><ele>246.1</ele></trkpt>
<trkpt lat="43.24012" lon="11.00831"><ele>248.2</ele></trkpt>
<trkpt lat="43.240499" lon="11.00728"><ele>251.0</ele></trkpt>
<trkpt lat="43.240889" lon="11.006249"><ele>251.5</ele></trkpt>
<trkpt lat="43.24113" lon="11.00557"><ele>248.4</ele></trkpt>
<trkpt lat="43.24121" lon="11.005389"><ele>246.5</ele></trkpt>
<trkpt lat="43.241319" lon="11.00525"><ele>245.4</ele></trkpt>
<trkpt lat="43.24143" lon="11.005159"><ele>245.2</ele></trkpt>
<trkpt lat="43.241579" lon="11.005099"><ele>246.0</ele></trkpt>
<trkpt lat="43.24183" lon="11.005039"><ele>247.2</ele></trkpt>
<trkpt lat="43.24199" lon="11.00499"><ele>247.6</ele></trkpt>
<trkpt lat="43.242108" lon="11.00489"><ele>248.1</ele></trkpt>
<trkpt lat="43.242229" lon="11.004699"><ele>248.3</ele></trkpt>
<trkpt lat="43.242289" lon="11.00456"><ele>248.4</ele></trkpt>
<trkpt lat="43.242339" lon="11.00437"><ele>248.3</ele></trkpt>
<trkpt lat="43.242369" lon="11.00414"><ele>248.1</ele></trkpt>
<trkpt lat="43.24235" lon="11.00394"><ele>248.6</ele></trkpt>
<trkpt lat="43.24228" lon="11.00371"><ele>248.2</ele></trkpt>
<trkpt lat="43.24196" lon="11.00308"><ele>244.9</ele></trkpt>
<trkpt lat="43.241638" lon="11.002449"><ele>243.0</ele></trkpt>
<trkpt lat="43.241379" lon="11.00177"><ele>243.8</ele></trkpt>
<trkpt lat="43.24113" lon="11.00108"><ele>240.9</ele></trkpt>
<trkpt lat="43.240949" lon="11.000539"><ele>237.8</ele></trkpt>
<trkpt lat="43.240929" lon="11.00039"><ele>237.2</ele></trkpt>
<trkpt lat="43.24091" lon="11.00003"><ele>235.8</ele></trkpt>
<trkpt lat="43.2409" lon="10.99977"><ele>234.7</ele></trkpt>
<trkpt lat="43.240859" lon="10.999099"><ele>232.2</ele></trkpt>
<trkpt lat="43.24094" lon="10.99842"><ele>231.1</ele></trkpt>
<trkpt lat="43.241" lon="10.997379"><ele>230.4</ele></trkpt>
<trkpt lat="43.24107" lon="10.996339"><ele>229.2</ele></trkpt>
<trkpt lat="43.24113" lon="10.996109"><ele>228.9</ele></trkpt>
<trkpt lat="43.241249" lon="10.995938"><ele>229.5</ele></trkpt>
<trkpt lat="43.241419" lon="10.995739"><ele>229.8</ele></trkpt>
<trkpt lat="43.24153" lon="10.995549"><ele>229.0</ele></trkpt>
<trkpt lat="43.24157" lon="10.995359"><ele>227.1</ele></trkpt>
<trkpt lat="43.24157" lon="10.995159"><ele>224.7</ele></trkpt>
<trkpt lat="43.24149" lon="10.994899"><ele>222.2</ele></trkpt>
<trkpt lat="43.24143" lon="10.994789"><ele>222.9</ele></trkpt>
<trkpt lat="43.24134" lon="10.99471"><ele>223.8</ele></trkpt>
<trkpt lat="43.24077" lon="10.99426"><ele>228.9</ele></trkpt>
<trkpt lat="43.24058" lon="10.99416"><ele>230.5</ele></trkpt>
<trkpt lat="43.240429" lon="10.994099"><ele>232.9</ele></trkpt>
<trkpt lat="43.240269" lon="10.99409"><ele>234.7</ele></trkpt>
<trkpt lat="43.240099" lon="10.994099"><ele>236.2</ele></trkpt>
<trkpt lat="43.23939" lon="10.994269"><ele>239.9</ele></trkpt>
<trkpt lat="43.239018" lon="10.994299"><ele>240.9</ele></trkpt>
<trkpt lat="43.23851" lon="10.994199"><ele>240.3</ele></trkpt>
<trkpt lat="43.237929" lon="10.99405"><ele>241.1</ele></trkpt>
<trkpt lat="43.23769" lon="10.99396"><ele>241.9</ele></trkpt>
<trkpt lat="43.23763" lon="10.9939"><ele>242.5</ele></trkpt>
<trkpt lat="43.23759" lon="10.993839"><ele>243.2</ele></trkpt>
<trkpt lat="43.23756" lon="10.993709"><ele>244.7</ele></trkpt>
<trkpt lat="43.237539" lon="10.993389"><ele>248.5</ele></trkpt>
<trkpt lat="43.23749" lon="10.99327"><ele>250.7</ele></trkpt>
<trkpt lat="43.23739" lon="10.993159"><ele>254.3</ele></trkpt>
<trkpt lat="43.237309" lon="10.9931"><ele>256.3</ele></trkpt>
<trkpt lat="43.23717" lon="10.99304"><ele>258.7</ele></trkpt>
<trkpt lat="43.2367" lon="10.993169"><ele>258.5</ele></trkpt>
<trkpt lat="43.2366" lon="10.993169"><ele>258.6</ele></trkpt>
<trkpt lat="43.23651" lon="10.99314"><ele>259.1</ele></trkpt>
<trkpt lat="43.236198" lon="10.99297"><ele>261.8</ele></trkpt>
<trkpt lat="43.236099" lon="10.992949"><ele>261.9</ele></trkpt>
<trkpt lat="43.23602" lon="10.992959"><ele>261.4</ele></trkpt>
<trkpt lat="43.23595" lon="10.99301"><ele>260.4</ele></trkpt>
<trkpt lat="43.235799" lon="10.993149"><ele>257.7</ele></trkpt>
<trkpt lat="43.23563" lon="10.993279"><ele>254.9</ele></trkpt>
<trkpt lat="43.23553" lon="10.99327"><ele>254.6</ele></trkpt>
<trkpt lat="43.23546" lon="10.99314"><ele>256.3</ele></trkpt>
<trkpt lat="43.2354" lon="10.99271"><ele>258.4</ele></trkpt>
<trkpt lat="43.235369" lon="10.99264"><ele>258.8</ele></trkpt>
<trkpt lat="43.23523" lon="10.99252"><ele>260.0</ele></trkpt>
<trkpt lat="43.23516" lon="10.99252"><ele>260.5</ele></trkpt>
<trkpt lat="43.235109" lon="10.992558"><ele>260.9</ele></trkpt>
<trkpt lat="43.23507" lon="10.99271"><ele>261.7</ele></trkpt>
<trkpt lat="43.235049" lon="10.99287"><ele>259.0</ele></trkpt>
<trkpt lat="43.23503" lon="10.99291"><ele>258.2</ele></trkpt>
<trkpt lat="43.234949" lon="10.99297"><ele>256.4</ele></trkpt>
<trkpt lat="43.234849" lon="10.992949"><ele>255.2</ele></trkpt>
<trkpt lat="43.23481" lon="10.992888"><ele>255.6</ele></trkpt>
<trkpt lat="43.234759" lon="10.992748"><ele>257.0</ele></trkpt>
<trkpt lat="43.23471" lon="10.992558"><ele>259.2</ele></trkpt>
<trkpt lat="43.2345" lon="10.992029"><ele>263.4</ele></trkpt>
<trkpt lat="43.234409" lon="10.991879"><ele>264.0</ele></trkpt>
<trkpt lat="43.234199" lon="10.99162"><ele>263.9</ele></trkpt>
<trkpt lat="43.234139" lon="10.99149"><ele>263.6</ele></trkpt>
<trkpt lat="43.23412" lon="10.99137"><ele>264.0</ele></trkpt>
<trkpt lat="43.23415" lon="10.991209"><ele>265.9</ele></trkpt>
<trkpt lat="43.234529" lon="10.990749"><ele>275.7</ele></trkpt>
<trkpt lat="43.234689" lon="10.990469"><ele>280.2</ele></trkpt>
<trkpt lat="43.234759" lon="10.990258"><ele>282.5</ele></trkpt>
<trkpt lat="43.23477" lon="10.99015"><ele>283.3</ele></trkpt>
<trkpt lat="43.234749" lon="10.99008"><ele>283.5</ele></trkpt>
<trkpt lat="43.234689" lon="10.989979"><ele>283.6</ele></trkpt>
<trkpt lat="43.23463" lon="10.98996"><ele>283.1</ele></trkpt>
<trkpt lat="43.234359" lon="10.990039"><ele>279.0</ele></trkpt>
<trkpt lat="43.23424" lon="10.99005"><ele>277.4</ele></trkpt>
<trkpt lat="43.234089" lon="10.98999"><ele>276.1</ele></trkpt>
<trkpt lat="43.233959" lon="10.989779"><ele>277.2</ele></trkpt>
<trkpt lat="43.23381" lon="10.989319"><ele>281.0</ele></trkpt>
<trkpt lat="43.233609" lon="10.98864"><ele>286.0</ele></trkpt>
<trkpt lat="43.233539" lon="10.98845"><ele>287.1</ele></trkpt>
<trkpt lat="43.233509" lon="10.98838"><ele>287.4</ele></trkpt>
<trkpt lat="43.233239" lon="10.98811"><ele>285.8</ele></trkpt>
<trkpt lat="43.23319" lon="10.98802"><ele>285.8</ele></trkpt>
<trkpt lat="43.233139" lon="10.987709"><ele>288.0</ele></trkpt>
<trkpt lat="43.23313" lon="10.987439"><ele>290.2</ele></trkpt>
<trkpt lat="43.233049" lon="10.986619"><ele>292.4</ele></trkpt>
<trkpt lat="43.23306" lon="10.986449"><ele>291.9</ele></trkpt>
<trkpt lat="43.23316" lon="10.986229"><ele>293.4</ele></trkpt>
<trkpt lat="43.23336" lon="10.985999"><ele>297.1</ele></trkpt>
<trkpt lat="43.233479" lon="10.985939"><ele>299.4</ele></trkpt>
<trkpt lat="43.233609" lon="10.985839"><ele>302.0</ele></trkpt>
<trkpt lat="43.23366" lon="10.985769"><ele>302.9</ele></trkpt>
<trkpt lat="43.23369" lon="10.985669"><ele>303.3</ele></trkpt>
<trkpt lat="43.23368" lon="10.985568"><ele>302.8</ele></trkpt>
<trkpt lat="43.233629" lon="10.98542"><ele>301.4</ele></trkpt>
<trkpt lat="43.23352" lon="10.985209"><ele>298.8</ele></trkpt>
<trkpt lat="43.23345" lon="10.985"><ele>297.1</ele></trkpt>
<trkpt lat="43.233439" lon="10.9849"><ele>296.3</ele></trkpt>
<trkpt lat="43.233479" lon="10.984779"><ele>296.2</ele></trkpt>
<trkpt lat="43.23359" lon="10.98467"><ele>297.1</ele></trkpt>
<trkpt lat="43.233739" lon="10.984649"><ele>299.0</ele></trkpt>
<trkpt lat="43.23398" lon="10.98474"><ele>303.5</ele></trkpt>
<trkpt lat="43.234029" lon="10.984719"><ele>304.0</ele></trkpt>
<trkpt lat="43.23415" lon="10.984619"><ele>304.3</ele></trkpt>
<trkpt lat="43.234289" lon="10.98441"><ele>302.8</ele></trkpt>
<trkpt lat="43.234359" lon="10.984329"><ele>302.4</ele></trkpt>
<trkpt lat="43.234419" lon="10.984319"><ele>302.9</ele></trkpt>
<trkpt lat="43.234489" lon="10.98434"><ele>304.0</ele></trkpt>
<trkpt lat="43.234699" lon="10.984479"><ele>308.3</ele></trkpt>
<trkpt lat="43.23486" lon="10.9847"><ele>313.2</ele></trkpt>
<trkpt lat="43.2349" lon="10.98473"><ele>314.0</ele></trkpt>
<trkpt lat="43.23496" lon="10.984719"><ele>314.5</ele></trkpt>
<trkpt lat="43.235039" lon="10.984649"><ele>314.7</ele></trkpt>
<trkpt lat="43.23509" lon="10.984519"><ele>313.7</ele></trkpt>
<trkpt lat="43.235149" lon="10.98418"><ele>310.2</ele></trkpt>
<trkpt lat="43.2352" lon="10.984059"><ele>310.8</ele></trkpt>
<trkpt lat="43.23552" lon="10.98372"><ele>314.3</ele></trkpt>
<trkpt lat="43.236129" lon="10.98316"><ele>320.6</ele></trkpt>
<trkpt lat="43.23622" lon="10.98303"><ele>322.6</ele></trkpt>
<trkpt lat="43.236229" lon="10.982969"><ele>323.0</ele></trkpt>
<trkpt lat="43.23618" lon="10.982839"><ele>322.9</ele></trkpt>
<trkpt lat="43.236129" lon="10.98279"><ele>322.6</ele></trkpt>
<trkpt lat="43.23569" lon="10.982848"><ele>317.9</ele></trkpt>
<trkpt lat="43.235269" lon="10.98287"><ele>315.6</ele></trkpt>
<trkpt lat="43.235168" lon="10.982809"><ele>316.0</ele></trkpt>
<trkpt lat="43.235049" lon="10.982689"><ele>317.2</ele></trkpt>
<trkpt lat="43.234909" lon="10.982479"><ele>319.5</ele></trkpt>
<trkpt lat="43.234788" lon="10.982389"><ele>319.7</ele></trkpt>
<trkpt lat="43.234589" lon="10.98231"><ele>318.7</ele></trkpt>
<trkpt lat="43.234519" lon="10.98221"><ele>319.1</ele></trkpt>
<trkpt lat="43.23448" lon="10.982119"><ele>319.7</ele></trkpt>
<trkpt lat="43.234459" lon="10.98198"><ele>320.9</ele></trkpt>
<trkpt lat="43.23447" lon="10.981759"><ele>323.4</ele></trkpt>
<trkpt lat="43.234549" lon="10.98125"><ele>329.2</ele></trkpt>
<trkpt lat="43.23454" lon="10.981039"><ele>330.9</ele></trkpt>
<trkpt lat="43.23444" lon="10.980779"><ele>331.1</ele></trkpt>
<trkpt lat="43.23434" lon="10.980619"><ele>329.8</ele></trkpt>
<trkpt lat="43.23424" lon="10.98053"><ele>328.4</ele></trkpt>
<trkpt lat="43.23408" lon="10.98044"><ele>325.1</ele></trkpt>
<trkpt lat="43.233989" lon="10.980359"><ele>322.9</ele></trkpt>
<trkpt lat="43.233929" lon="10.9802"><ele>321.8</ele></trkpt>
<trkpt lat="43.233929" lon="10.9801"><ele>322.1</ele></trkpt>
<trkpt lat="43.233959" lon="10.97997"><ele>323.1</ele></trkpt>
<trkpt lat="43.234029" lon="10.979829"><ele>323.8</ele></trkpt>
<trkpt lat="43.23412" lon="10.97971"><ele>325.3</ele></trkpt>
<trkpt lat="43.23424" lon="10.979589"><ele>326.8</ele></trkpt>
<trkpt lat="43.234589" lon="10.979369"><ele>330.8</ele></trkpt>
<trkpt lat="43.234699" lon="10.979269"><ele>331.8</ele></trkpt>
<trkpt lat="43.234819" lon="10.978998"><ele>332.0</ele></trkpt>
<trkpt lat="43.2349" lon="10.978899"><ele>332.7</ele></trkpt>
<trkpt lat="43.235019" lon="10.97879"><ele>334.1</ele></trkpt>
<trkpt lat="43.235239" lon="10.978669"><ele>336.8</ele></trkpt>
<trkpt lat="43.235638" lon="10.9785"><ele>341.7</ele></trkpt>
<trkpt lat="43.23569" lon="10.978409"><ele>341.6</ele></trkpt>
<trkpt lat="43.23566" lon="10.97823"><ele>341.6</ele></trkpt>
<trkpt lat="43.23562" lon="10.978159"><ele>341.8</ele></trkpt>
<trkpt lat="43.235369" lon="10.9781"><ele>338.5</ele></trkpt>
<trkpt lat="43.235259" lon="10.978049"><ele>337.2</ele></trkpt>
<trkpt lat="43.235049" lon="10.977849"><ele>335.3</ele></trkpt>
<trkpt lat="43.234849" lon="10.97761"><ele>333.2</ele></trkpt>
<trkpt lat="43.23473" lon="10.97744"><ele>331.5</ele></trkpt>
<trkpt lat="43.234659" lon="10.97728"><ele>330.1</ele></trkpt>
<trkpt lat="43.23464" lon="10.977109"><ele>329.7</ele></trkpt>
<trkpt lat="43.234649" lon="10.976939"><ele>329.9</ele></trkpt>
<trkpt lat="43.234699" lon="10.97683"><ele>330.9</ele></trkpt>
<trkpt lat="43.23483" lon="10.97662"><ele>333.4</ele></trkpt>
<trkpt lat="43.235149" lon="10.976319"><ele>338.0</ele></trkpt>
<trkpt lat="43.235279" lon="10.97623"><ele>339.4</ele></trkpt>
<trkpt lat="43.235349" lon="10.97616"><ele>340.0</ele></trkpt>
<trkpt lat="43.2354" lon="10.97604"><ele>340.0</ele></trkpt>
<trkpt lat="43.235409" lon="10.97593"><ele>339.5</ele></trkpt>
<trkpt lat="43.23539" lon="10.975829"><ele>338.7</ele></trkpt>
<trkpt lat="43.23533" lon="10.97574"><ele>338.0</ele></trkpt>
<trkpt lat="43.234989" lon="10.975489"><ele>334.2</ele></trkpt>
<trkpt lat="43.23484" lon="10.975339"><ele>331.4</ele></trkpt>
<trkpt lat="43.234788" lon="10.97522"><ele>330.6</ele></trkpt>
<trkpt lat="43.23477" lon="10.975069"><ele>330.5</ele></trkpt>
<trkpt lat="43.23481" lon="10.97496"><ele>331.0</ele></trkpt>
<trkpt lat="43.234889" lon="10.97488"><ele>331.7</ele></trkpt>
<trkpt lat="43.234989" lon="10.974809"><ele>332.8</ele></trkpt>
<trkpt lat="43.23565" lon="10.974809"><ele>339.7</ele></trkpt>
<trkpt lat="43.236109" lon="10.97478"><ele>346.3</ele></trkpt>
<trkpt lat="43.23622" lon="10.974739"><ele>347.9</ele></trkpt>
<trkpt lat="43.23628" lon="10.974679"><ele>348.5</ele></trkpt>
<trkpt lat="43.236288" lon="10.97463"><ele>348.3</ele></trkpt>
<trkpt lat="43.23628" lon="10.974549"><ele>347.5</ele></trkpt>
<trkpt lat="43.23625" lon="10.97443"><ele>346.1</ele></trkpt>
<trkpt lat="43.23612" lon="10.97423"><ele>342.3</ele></trkpt>
<trkpt lat="43.23608" lon="10.9741"><ele>341.2</ele></trkpt>
<trkpt lat="43.236059" lon="10.973919"><ele>341.1</ele></trkpt>
<trkpt lat="43.23608" lon="10.973509"><ele>341.9</ele></trkpt>
<trkpt lat="43.236129" lon="10.973299"><ele>343.0</ele></trkpt>
<trkpt lat="43.23625" lon="10.973088"><ele>344.7</ele></trkpt>
<trkpt lat="43.236389" lon="10.972869"><ele>346.4</ele></trkpt>
<trkpt lat="43.236559" lon="10.97268"><ele>348.3</ele></trkpt>
<trkpt lat="43.236979" lon="10.972369"><ele>352.8</ele></trkpt>
<trkpt lat="43.237579" lon="10.97206"><ele>358.4</ele></trkpt>
<trkpt lat="43.237829" lon="10.97177"><ele>360.3</ele></trkpt>
<trkpt lat="43.238039" lon="10.97144"><ele>363.5</ele></trkpt>
<trkpt lat="43.238069" lon="10.971359"><ele>364.1</ele></trkpt>
<trkpt lat="43.238039" lon="10.971229"><ele>364.3</ele></trkpt>
<trkpt lat="43.237969" lon="10.971129"><ele>364.0</ele></trkpt>
<trkpt lat="43.23775" lon="10.97101"><ele>363.0</ele></trkpt>
<trkpt lat="43.237639" lon="10.970989"><ele>362.4</ele></trkpt>
<trkpt lat="43.23739" lon="10.971069"><ele>359.7</ele></trkpt>
<trkpt lat="43.237319" lon="10.97104"><ele>359.2</ele></trkpt>
<trkpt lat="43.23726" lon="10.970969"><ele>359.2</ele></trkpt>
<trkpt lat="43.237219" lon="10.970839"><ele>359.9</ele></trkpt>
<trkpt lat="43.23719" lon="10.970539"><ele>363.9</ele></trkpt>
<trkpt lat="43.23716" lon="10.97043"><ele>365.1</ele></trkpt>
<trkpt lat="43.237089" lon="10.970279"><ele>366.2</ele></trkpt>
<trkpt lat="43.23684" lon="10.970019"><ele>365.7</ele></trkpt>
<trkpt lat="43.236669" lon="10.96977"><ele>366.1</ele></trkpt>
<trkpt lat="43.236499" lon="10.969289"><ele>370.2</ele></trkpt>
<trkpt lat="43.236288" lon="10.96888"><ele>371.9</ele></trkpt>
<trkpt lat="43.23625" lon="10.968768"><ele>372.5</ele></trkpt>
<trkpt lat="43.23624" lon="10.96861"><ele>374.1</ele></trkpt>
<trkpt lat="43.23622" lon="10.96803"><ele>379.1</ele></trkpt>
<trkpt lat="43.236189" lon="10.96786"><ele>380.3</ele></trkpt>
<trkpt lat="43.23614" lon="10.967779"><ele>380.8</ele></trkpt>
<trkpt lat="43.236069" lon="10.967709"><ele>381.2</ele></trkpt>
<trkpt lat="43.235539" lon="10.9673"><ele>381.7</ele></trkpt>
<trkpt lat="43.23549" lon="10.96714"><ele>382.0</ele></trkpt>
<trkpt lat="43.235369" lon="10.967089"><ele>381.9</ele></trkpt>
<trkpt lat="43.2351" lon="10.96691"><ele>382.3</ele></trkpt>
<trkpt lat="43.234489" lon="10.966299"><ele>385.4</ele></trkpt>
<trkpt lat="43.234389" lon="10.966169"><ele>385.5</ele></trkpt>
<trkpt lat="43.23431" lon="10.966049"><ele>385.6</ele></trkpt>
<trkpt lat="43.233989" lon="10.965389"><ele>382.1</ele></trkpt>
<trkpt lat="43.233849" lon="10.965159"><ele>380.2</ele></trkpt>
<trkpt lat="43.23369" lon="10.964949"><ele>378.5</ele></trkpt>
<trkpt lat="43.233269" lon="10.964489"><ele>375.3</ele></trkpt>
<trkpt lat="43.232849" lon="10.964029"><ele>371.3</ele></trkpt>
<trkpt lat="43.232779" lon="10.96393"><ele>371.3</ele></trkpt>
<trkpt lat="43.232679" lon="10.963709"><ele>372.0</ele></trkpt>
<trkpt lat="43.23261" lon="10.963479"><ele>373.5</ele></trkpt>
<trkpt lat="43.23251" lon="10.963289"><ele>374.7</ele></trkpt>
<trkpt lat="43.232359" lon="10.96316"><ele>373.1</ele></trkpt>
<trkpt lat="43.232119" lon="10.96301"><ele>371.4</ele></trkpt>
<trkpt lat="43.231999" lon="10.962889"><ele>370.9</ele></trkpt>
<trkpt lat="43.231339" lon="10.96209"><ele>367.8</ele></trkpt>
<trkpt lat="43.230979" lon="10.96156"><ele>367.4</ele></trkpt>
<trkpt lat="43.23063" lon="10.961029"><ele>369.8</ele></trkpt>
<trkpt lat="43.230359" lon="10.96047"><ele>369.9</ele></trkpt>
<trkpt lat="43.23027" lon="10.96035"><ele>369.9</ele></trkpt>
<trkpt lat="43.23017" lon="10.960259"><ele>370.4</ele></trkpt>
<trkpt lat="43.23001" lon="10.96018"><ele>371.9</ele></trkpt>
<trkpt lat="43.229349" lon="10.960039"><ele>373.1</ele></trkpt>
<trkpt lat="43.2287" lon="10.95989"><ele>375.6</ele></trkpt>
<trkpt lat="43.22804" lon="10.959739"><ele>376.6</ele></trkpt>
<trkpt lat="43.227819" lon="10.95965"><ele>376.4</ele></trkpt>
<trkpt lat="43.227659" lon="10.95952"><ele>377.1</ele></trkpt>
<trkpt lat="43.227459" lon="10.959219"><ele>379.5</ele></trkpt>
<trkpt lat="43.22716" lon="10.958659"><ele>374.6</ele></trkpt>
<trkpt lat="43.226849" lon="10.958099"><ele>374.6</ele></trkpt>
<trkpt lat="43.22669" lon="10.957729"><ele>376.0</ele></trkpt>
<trkpt lat="43.2266" lon="10.957399"><ele>377.3</ele></trkpt>
<trkpt lat="43.226579" lon="10.95716"><ele>378.9</ele></trkpt>
<trkpt lat="43.2266" lon="10.9568"><ele>381.3</ele></trkpt>
<trkpt lat="43.22663" lon="10.956679"><ele>382.0</ele></trkpt>
<trkpt lat="43.22683" lon="10.95604"><ele>384.3</ele></trkpt>
<trkpt lat="43.227109" lon="10.955309"><ele>387.3</ele></trkpt>
<trkpt lat="43.227239" lon="10.955049"><ele>388.1</ele></trkpt>
<trkpt lat="43.22762" lon="10.95453"><ele>386.9</ele></trkpt>
<trkpt lat="43.22781" lon="10.9542"><ele>386.5</ele></trkpt>
<trkpt lat="43.228049" lon="10.95351"><ele>389.3</ele></trkpt>
<trkpt lat="43.22844" lon="10.952779"><ele>389.2</ele></trkpt>
<trkpt lat="43.228519" lon="10.952359"><ele>390.3</ele></trkpt>
<trkpt lat="43.228619" lon="10.95129"><ele>392.0</ele></trkpt>
<trkpt lat="43.228679" lon="10.95086"><ele>392.3</ele></trkpt>
<trkpt lat="43.22873" lon="10.95067"><ele>392.5</ele></trkpt>
<trkpt lat="43.22882" lon="10.95053"><ele>392.6</ele></trkpt>
<trkpt lat="43.22892" lon="10.95049"><ele>392.7</ele></trkpt>
<trkpt lat="43.22912" lon="10.95053"><ele>393.0</ele></trkpt>
<trkpt lat="43.229759" lon="10.950849"><ele>388.5</ele></trkpt>
<trkpt lat="43.22988" lon="10.95089"><ele>388.2</ele></trkpt>
<trkpt lat="43.229959" lon="10.950909"><ele>388.0</ele></trkpt>
<trkpt lat="43.23004" lon="10.950899"><ele>387.9</ele></trkpt>
<trkpt lat="43.230219" lon="10.95083"><ele>388.0</ele></trkpt>
<trkpt lat="43.230349" lon="10.950749"><ele>387.9</ele></trkpt>
<trkpt lat="43.230839" lon="10.950329"><ele>387.3</ele></trkpt>
<trkpt lat="43.230969" lon="10.950179"><ele>386.7</ele></trkpt>
<trkpt lat="43.23152" lon="10.949439"><ele>386.5</ele></trkpt>
<trkpt lat="43.231629" lon="10.949298"><ele>386.3</ele></trkpt>
<trkpt lat="43.231739" lon="10.949229"><ele>386.1</ele></trkpt>
<trkpt lat="43.232219" lon="10.949129"><ele>385.0</ele></trkpt>
<trkpt lat="43.23264" lon="10.94909"><ele>383.1</ele></trkpt>
<trkpt lat="43.23276" lon="10.94906"><ele>382.4</ele></trkpt>
<trkpt lat="43.23286" lon="10.94899"><ele>382.3</ele></trkpt>
<trkpt lat="43.23296" lon="10.94886"><ele>382.8</ele></trkpt>
<trkpt lat="43.23333" lon="10.948019"><ele>385.1</ele></trkpt>
<trkpt lat="43.23346" lon="10.947819"><ele>385.3</ele></trkpt>
<trkpt lat="43.23382" lon="10.94742"><ele>384.0</ele></trkpt>
<trkpt lat="43.23395" lon="10.94724"><ele>383.1</ele></trkpt>
<trkpt lat="43.234449" lon="10.946309"><ele>382.9</ele></trkpt>
<trkpt lat="43.23464" lon="10.94607"><ele>383.7</ele></trkpt>
<trkpt lat="43.235339" lon="10.94547"><ele>381.7</ele></trkpt>
<trkpt lat="43.23553" lon="10.945259"><ele>380.0</ele></trkpt>
<trkpt lat="43.235609" lon="10.94505"><ele>379.4</ele></trkpt>
<trkpt lat="43.235709" lon="10.944698"><ele>378.7</ele></trkpt>
<trkpt lat="43.23579" lon="10.944269"><ele>378.5</ele></trkpt>
<trkpt lat="43.235829" lon="10.94374"><ele>377.5</ele></trkpt>
<trkpt lat="43.235829" lon="10.943419"><ele>377.2</ele></trkpt>
<trkpt lat="43.23585" lon="10.942999"><ele>377.1</ele></trkpt>
<trkpt lat="43.23585" lon="10.94265"><ele>377.5</ele></trkpt>
<trkpt lat="43.23579" lon="10.942109"><ele>377.6</ele></trkpt>
<trkpt lat="43.235638" lon="10.941459"><ele>382.3</ele></trkpt>
<trkpt lat="43.23563" lon="10.9413"><ele>383.0</ele></trkpt>
<trkpt lat="43.235638" lon="10.941129"><ele>382.7</ele></trkpt>
<trkpt lat="43.235669" lon="10.940999"><ele>381.5</ele></trkpt>
<trkpt lat="43.23589" lon="10.94033"><ele>373.3</ele></trkpt>
<trkpt lat="43.23592" lon="10.940179"><ele>372.5</ele></trkpt>
<trkpt lat="43.23592" lon="10.939939"><ele>372.8</ele></trkpt>
<trkpt lat="43.23586" lon="10.93943"><ele>375.0</ele></trkpt>
<trkpt lat="43.23585" lon="10.939129"><ele>375.6</ele></trkpt>
<trkpt lat="43.235869" lon="10.938598"><ele>377.5</ele></trkpt>
<trkpt lat="43.23592" lon="10.938369"><ele>376.9</ele></trkpt>
<trkpt lat="43.23624" lon="10.937479"><ele>373.3</ele></trkpt>
<trkpt lat="43.236259" lon="10.93734"><ele>372.2</ele></trkpt>
<trkpt lat="43.236259" lon="10.9372"><ele>371.9</ele></trkpt>
<trkpt lat="43.23621" lon="10.937029"><ele>373.2</ele></trkpt>
<trkpt lat="43.23601" lon="10.936719"><ele>378.2</ele></trkpt>
<trkpt lat="43.235829" lon="10.93638"><ele>378.3</ele></trkpt>
<trkpt lat="43.23562" lon="10.93566"><ele>371.0</ele></trkpt>
<trkpt lat="43.23552" lon="10.9355"><ele>370.5</ele></trkpt>
<trkpt lat="43.235219" lon="10.93514"><ele>371.2</ele></trkpt>
<trkpt lat="43.234759" lon="10.93455"><ele>372.2</ele></trkpt>
<trkpt lat="43.234559" lon="10.934229"><ele>370.7</ele></trkpt>
<trkpt lat="43.23444" lon="10.93408"><ele>370.0</ele></trkpt>
<trkpt lat="43.23434" lon="10.93398"><ele>370.0</ele></trkpt>
<trkpt lat="43.23424" lon="10.933929"><ele>371.4</ele></trkpt>
<trkpt lat="43.23388" lon="10.93383"><ele>377.9</ele></trkpt>
<trkpt lat="43.233829" lon="10.933779"><ele>377.8</ele></trkpt>
<trkpt lat="43.233758" lon="10.933669"><ele>376.5</ele></trkpt>
<trkpt lat="43.233668" lon="10.933339"><ele>369.7</ele></trkpt>
<trkpt lat="43.23359" lon="10.93317"><ele>367.3</ele></trkpt>
<trkpt lat="43.233509" lon="10.933049"><ele>366.2</ele></trkpt>
<trkpt lat="43.233409" lon="10.932969"><ele>366.6</ele></trkpt>
<trkpt lat="43.232689" lon="10.932619"><ele>366.6</ele></trkpt>
<trkpt lat="43.232429" lon="10.93244"><ele>366.3</ele></trkpt>
<trkpt lat="43.232289" lon="10.932289"><ele>366.6</ele></trkpt>
<trkpt lat="43.231879" lon="10.93173"><ele>366.5</ele></trkpt>
<trkpt lat="43.231469" lon="10.93117"><ele>364.8</ele></trkpt>
<trkpt lat="43.231179" lon="10.93084"><ele>364.1</ele></trkpt>
<trkpt lat="43.23087" lon="10.930549"><ele>363.7</ele></trkpt>
<trkpt lat="43.23063" lon="10.93035"><ele>363.4</ele></trkpt>
<trkpt lat="43.230319" lon="10.93014"><ele>363.6</ele></trkpt>
<trkpt lat="43.229829" lon="10.929839"><ele>363.3</ele></trkpt>
<trkpt lat="43.229339" lon="10.92955"><ele>363.1</ele></trkpt>
<trkpt lat="43.228979" lon="10.929279"><ele>361.0</ele></trkpt>
<trkpt lat="43.22876" lon="10.9291"><ele>358.7</ele></trkpt>
<trkpt lat="43.228249" lon="10.92863"><ele>354.6</ele></trkpt>
<trkpt lat="43.22775" lon="10.92817"><ele>355.1</ele></trkpt>
<trkpt lat="43.22725" lon="10.92771"><ele>357.5</ele></trkpt>
<trkpt lat="43.226849" lon="10.927369"><ele>360.3</ele></trkpt>
<trkpt lat="43.22643" lon="10.927079"><ele>357.9</ele></trkpt>
<trkpt lat="43.226089" lon="10.926919"><ele>355.7</ele></trkpt>
<trkpt lat="43.225559" lon="10.92674"><ele>356.2</ele></trkpt>
<trkpt lat="43.225028" lon="10.926549"><ele>358.8</ele></trkpt>
<trkpt lat="43.224669" lon="10.926379"><ele>360.0</ele></trkpt>
<trkpt lat="43.223859" lon="10.925899"><ele>359.2</ele></trkpt>
<trkpt lat="43.22305" lon="10.92542"><ele>359.1</ele></trkpt>
<trkpt lat="43.222249" lon="10.924939"><ele>356.9</ele></trkpt>
<trkpt lat="43.2219" lon="10.92477"><ele>358.0</ele></trkpt>
<trkpt lat="43.221589" lon="10.92467"><ele>359.0</ele></trkpt>
<trkpt lat="43.22082" lon="10.924479"><ele>352.6</ele></trkpt>
<trkpt lat="43.220049" lon="10.9243"><ele>347.1</ele></trkpt>
<trkpt lat="43.21928" lon="10.924119"><ele>346.1</ele></trkpt>
<trkpt lat="43.218509" lon="10.92394"><ele>344.7</ele></trkpt>
<trkpt lat="43.21835" lon="10.92395"><ele>345.1</ele></trkpt>
<trkpt lat="43.218169" lon="10.924029"><ele>344.9</ele></trkpt>
<trkpt lat="43.21754" lon="10.924549"><ele>345.9</ele></trkpt>
<trkpt lat="43.21731" lon="10.924708"><ele>346.6</ele></trkpt>
<trkpt lat="43.217159" lon="10.924749"><ele>345.6</ele></trkpt>
<trkpt lat="43.217019" lon="10.92473"><ele>345.0</ele></trkpt>
<trkpt lat="43.21695" lon="10.92469"><ele>344.6</ele></trkpt>
<trkpt lat="43.21645" lon="10.92417"><ele>342.0</ele></trkpt>
<trkpt lat="43.21613" lon="10.92381"><ele>340.3</ele></trkpt>
<trkpt lat="43.215939" lon="10.92362"><ele>341.4</ele></trkpt>
<trkpt lat="43.21579" lon="10.923529"><ele>342.2</ele></trkpt>
<trkpt lat="43.215519" lon="10.923429"><ele>345.4</ele></trkpt>
<trkpt lat="43.215088" lon="10.92332"><ele>350.4</ele></trkpt>
<trkpt lat="43.21436" lon="10.92316"><ele>357.3</ele></trkpt>
<trkpt lat="43.21363" lon="10.923009"><ele>366.1</ele></trkpt>
<trkpt lat="43.213049" lon="10.922909"><ele>374.4</ele></trkpt>
<trkpt lat="43.212499" lon="10.9229"><ele>381.8</ele></trkpt>
<trkpt lat="43.211708" lon="10.92295"><ele>387.6</ele></trkpt>
<trkpt lat="43.21126" lon="10.922939"><ele>390.3</ele></trkpt>
<trkpt lat="43.21081" lon="10.92289"><ele>393.5</ele></trkpt>
<trkpt lat="43.210359" lon="10.922809"><ele>398.0</ele></trkpt>
<trkpt lat="43.209899" lon="10.92273"><ele>402.9</ele></trkpt>
<trkpt lat="43.20929" lon="10.92267"><ele>406.8</ele></trkpt>
<trkpt lat="43.209189" lon="10.92263"><ele>408.1</ele></trkpt>
<trkpt lat="43.20906" lon="10.92253"><ele>408.7</ele></trkpt>
<trkpt lat="43.208978" lon="10.92247"><ele>408.5</ele></trkpt>
<trkpt lat="43.20887" lon="10.922318"><ele>408.7</ele></trkpt>
<trkpt lat="43.20844" lon="10.921399"><ele>416.2</ele></trkpt>
<trkpt lat="43.208299" lon="10.921009"><ele>419.7</ele></trkpt>
<trkpt lat="43.20825" lon="10.920579"><ele>422.0</ele></trkpt>
<trkpt lat="43.208269" lon="10.92024"><ele>422.8</ele></trkpt>
<trkpt lat="43.20835" lon="10.919919"><ele>424.0</ele></trkpt>
<trkpt lat="43.20841" lon="10.919759"><ele>424.5</ele></trkpt>
<trkpt lat="43.208888" lon="10.91886"><ele>433.8</ele></trkpt>
<trkpt lat="43.20937" lon="10.917959"><ele>440.2</ele></trkpt>
<trkpt lat="43.20986" lon="10.917059"><ele>444.4</ele></trkpt>
<trkpt lat="43.21034" lon="10.91616"><ele>453.1</ele></trkpt>
<trkpt lat="43.210819" lon="10.915259"><ele>462.1</ele></trkpt>
<trkpt lat="43.2113" lon="10.91436"><ele>470.2</ele></trkpt>
<trkpt lat="43.211779" lon="10.913459"><ele>476.1</ele></trkpt>
<trkpt lat="43.212169" lon="10.91275"><ele>483.8</ele></trkpt>
<trkpt lat="43.21241" lon="10.91239"><ele>487.5</ele></trkpt>
<trkpt lat="43.212959" lon="10.911839"><ele>492.9</ele></trkpt>
<trkpt lat="43.213509" lon="10.911289"><ele>499.9</ele></trkpt>
<trkpt lat="43.21367" lon="10.91111"><ele>501.9</ele></trkpt>
<trkpt lat="43.213739" lon="10.910999"><ele>502.7</ele></trkpt>
<trkpt lat="43.21383" lon="10.91074"><ele>504.0</ele></trkpt>
<trkpt lat="43.213859" lon="10.910459"><ele>505.1</ele></trkpt>
<trkpt lat="43.213839" lon="10.909809"><ele>506.5</ele></trkpt>
<trkpt lat="43.213768" lon="10.909119"><ele>507.3</ele></trkpt>
<trkpt lat="43.213651" lon="10.908716"><ele>523.2</ele></trkpt>
<trkpt lat="43.21307" lon="10.906849"><ele>523.0</ele></trkpt>
<trkpt lat="43.213029" lon="10.90668"><ele>525.0</ele></trkpt>
<trkpt lat="43.21301" lon="10.906499"><ele>526.4</ele></trkpt>
<trkpt lat="43.21304" lon="10.906237"><ele>535.2</ele></trkpt>
<trkpt lat="43.213121" lon="10.905914"><ele>537.6</ele></trkpt>
<trkpt lat="43.213103" lon="10.905627"><ele>540.0</ele></trkpt>
<trkpt lat="43.212923" lon="10.90522"><ele>541.2</ele></trkpt>
<trkpt lat="43.212717" lon="10.90492"><ele>542.1</ele></trkpt>
<trkpt lat="43.212366" lon="10.904777"><ele>544.1</ele></trkpt>
<trkpt lat="43.21199" lon="10.90461"><ele>546.0</ele></trkpt>
<trkpt lat="43.211909" lon="10.90461"><ele>546.5</ele></trkpt>
<trkpt lat="43.211781" lon="10.904623"><ele>548.1</ele></trkpt>
<trkpt lat="43.211588" lon="10.904695"><ele>551.7</ele></trkpt>
<trkpt lat="43.211346" lon="10.904851"><ele>552.3</ele></trkpt>
<trkpt lat="43.211157" lon="10.90512"><ele>553.6</ele></trkpt>
<trkpt lat="43.210914" lon="10.905659"><ele>556.2</ele></trkpt>
<trkpt lat="43.210798" lon="10.905785"><ele>558.8</ele></trkpt>
<trkpt lat="43.210591" lon="10.905737"><ele>560.8</ele></trkpt>
<trkpt lat="43.210474" lon="10.905503"><ele>561.4</ele></trkpt>
<trkpt lat="43.210411" lon="10.90512"><ele>564.1</ele></trkpt>
<trkpt lat="43.210375" lon="10.904851"><ele>564.2</ele></trkpt>
<trkpt lat="43.21029" lon="10.904701"><ele>564.0</ele></trkpt>
<trkpt lat="43.210227" lon="10.904641"><ele>561.8</ele></trkpt>
<trkpt lat="43.210039" lon="10.90448"><ele>561.5</ele></trkpt>
<trkpt lat="43.20996" lon="10.90448"><ele>562.9</ele></trkpt>
<trkpt lat="43.20973" lon="10.90455"><ele>569.1</ele></trkpt>
<trkpt lat="43.209588" lon="10.90455"><ele>570.4</ele></trkpt>
<trkpt lat="43.209534" lon="10.904574"><ele>572.3</ele></trkpt>
<trkpt lat="43.209679" lon="10.905079"><ele>564.8</ele></trkpt>
<trkpt lat="43.209679" lon="10.905209"><ele>562.2</ele></trkpt>
<trkpt lat="43.20962" lon="10.905569"><ele>556.5</ele></trkpt>
<trkpt lat="43.20953" lon="10.90569"><ele>556.2</ele></trkpt>
<trkpt lat="43.209009" lon="10.905869"><ele>560.6</ele></trkpt>
<trkpt lat="43.20894" lon="10.905869"><ele>560.6</ele></trkpt>
<trkpt lat="43.208189" lon="10.905739"><ele>565.5</ele></trkpt>
<trkpt lat="43.208129" lon="10.90575"><ele>566.1</ele></trkpt>
<trkpt lat="43.20805" lon="10.905809"><ele>565.6</ele></trkpt>
<trkpt lat="43.207929" lon="10.90606"><ele>563.8</ele></trkpt>
<trkpt lat="43.207869" lon="10.906099"><ele>564.3</ele></trkpt>
<trkpt lat="43.20782" lon="10.906109"><ele>565.0</ele></trkpt>
<trkpt lat="43.20756" lon="10.906009"><ele>570.3</ele></trkpt>
<trkpt lat="43.207299" lon="10.906029"><ele>570.3</ele></trkpt>
<trkpt lat="43.207139" lon="10.906069"><ele>569.1</ele></trkpt>
<trkpt lat="43.207019" lon="10.90605"><ele>568.9</ele></trkpt>
<trkpt lat="43.20677" lon="10.905909"><ele>570.0</ele></trkpt>
<trkpt lat="43.206419" lon="10.90546"><ele>576.6</ele></trkpt>
<trkpt lat="43.206358" lon="10.905419"><ele>577.4</ele></trkpt>
<trkpt lat="43.206289" lon="10.905419"><ele>577.6</ele></trkpt>
<trkpt lat="43.206059" lon="10.905509"><ele>576.8</ele></trkpt>
<trkpt lat="43.205989" lon="10.9055"><ele>577.2</ele></trkpt>
<trkpt lat="43.20576" lon="10.905378"><ele>581.9</ele></trkpt>
<trkpt lat="43.205639" lon="10.905378"><ele>585.5</ele></trkpt>
<trkpt lat="43.205569" lon="10.90543"><ele>586.8</ele></trkpt>
<trkpt lat="43.20552" lon="10.905519"><ele>586.8</ele></trkpt>
<trkpt lat="43.20522" lon="10.906109"><ele>586.4</ele></trkpt>
<trkpt lat="43.20507" lon="10.90625"><ele>588.2</ele></trkpt>
<trkpt lat="43.205" lon="10.90629"><ele>589.3</ele></trkpt>
<trkpt lat="43.20487" lon="10.906329"><ele>590.7</ele></trkpt>
<trkpt lat="43.20454" lon="10.90635"><ele>595.4</ele></trkpt>
<trkpt lat="43.204478" lon="10.906369"><ele>595.9</ele></trkpt>
<trkpt lat="43.204359" lon="10.90645"><ele>596.3</ele></trkpt>
<trkpt lat="43.203989" lon="10.906859"><ele>592.9</ele></trkpt>
<trkpt lat="43.203799" lon="10.906959"><ele>593.8</ele></trkpt>
<trkpt lat="43.203669" lon="10.90698"><ele>595.5</ele></trkpt>
<trkpt lat="43.20356" lon="10.90697"><ele>597.4</ele></trkpt>
<trkpt lat="43.203369" lon="10.906878"><ele>601.6</ele></trkpt>
<trkpt lat="43.20326" lon="10.906789"><ele>601.7</ele></trkpt>
<trkpt lat="43.203049" lon="10.906529"><ele>601.5</ele></trkpt>
<trkpt lat="43.202978" lon="10.906399"><ele>602.8</ele></trkpt>
<trkpt lat="43.202679" lon="10.90562"><ele>611.3</ele></trkpt>
<trkpt lat="43.20254" lon="10.905309"><ele>613.4</ele></trkpt>
<trkpt lat="43.202449" lon="10.905189"><ele>614.8</ele></trkpt>
<trkpt lat="43.202389" lon="10.90513"><ele>616.2</ele></trkpt>
<trkpt lat="43.20221" lon="10.905048"><ele>618.5</ele></trkpt>
<trkpt lat="43.20205" lon="10.905048"><ele>619.3</ele></trkpt>
<trkpt lat="43.20123" lon="10.905189"><ele>624.3</ele></trkpt>
<trkpt lat="43.20106" lon="10.905149"><ele>626.9</ele></trkpt>
<trkpt lat="43.200939" lon="10.905079"><ele>629.0</ele></trkpt>
<trkpt lat="43.200679" lon="10.904859"><ele>635.6</ele></trkpt>
<trkpt lat="43.200479" lon="10.904759"><ele>640.8</ele></trkpt>
<trkpt lat="43.200359" lon="10.904759"><ele>643.0</ele></trkpt>
<trkpt lat="43.20011" lon="10.9049"><ele>644.5</ele></trkpt>
<trkpt lat="43.19952" lon="10.90569"><ele>648.2</ele></trkpt>
<trkpt lat="43.199399" lon="10.90589"><ele>647.7</ele></trkpt>
<trkpt lat="43.199269" lon="10.90615"><ele>646.1</ele></trkpt>
<trkpt lat="43.199099" lon="10.906389"><ele>644.5</ele></trkpt>
<trkpt lat="43.198969" lon="10.90648"><ele>643.7</ele></trkpt>
<trkpt lat="43.19876" lon="10.90655"><ele>644.4</ele></trkpt>
<trkpt lat="43.198579" lon="10.90652"><ele>647.6</ele></trkpt>
<trkpt lat="43.198389" lon="10.90645"><ele>652.3</ele></trkpt>
<trkpt lat="43.198309" lon="10.90645"><ele>653.7</ele></trkpt>
<trkpt lat="43.198089" lon="10.906598"><ele>656.0</ele></trkpt>
<trkpt lat="43.197859" lon="10.906819"><ele>656.4</ele></trkpt>
<trkpt lat="43.197469" lon="10.907289"><ele>652.7</ele></trkpt>
<trkpt lat="43.197369" lon="10.907348"><ele>650.4</ele></trkpt>
<trkpt lat="43.197239" lon="10.9074"><ele>648.3</ele></trkpt>
<trkpt lat="43.197068" lon="10.9074"><ele>647.8</ele></trkpt>
<trkpt lat="43.19698" lon="10.907389"><ele>647.8</ele></trkpt>
<trkpt lat="43.196778" lon="10.907289"><ele>650.4</ele></trkpt>
<trkpt lat="43.19643" lon="10.907049"><ele>656.0</ele></trkpt>
<trkpt lat="43.196289" lon="10.90701"><ele>656.0</ele></trkpt>
<trkpt lat="43.196109" lon="10.906989"><ele>654.9</ele></trkpt>
<trkpt lat="43.19542" lon="10.907019"><ele>654.4</ele></trkpt>
<trkpt lat="43.19524" lon="10.907049"><ele>654.9</ele></trkpt>
<trkpt lat="43.195069" lon="10.907149"><ele>654.0</ele></trkpt>
<trkpt lat="43.194939" lon="10.907309"><ele>652.6</ele></trkpt>
<trkpt lat="43.194679" lon="10.9078"><ele>648.8</ele></trkpt>
<trkpt lat="43.194549" lon="10.907999"><ele>647.1</ele></trkpt>
<trkpt lat="43.1943" lon="10.908239"><ele>645.5</ele></trkpt>
<trkpt lat="43.194019" lon="10.908399"><ele>642.8</ele></trkpt>
<trkpt lat="43.193819" lon="10.90845"><ele>641.1</ele></trkpt>
<trkpt lat="43.193499" lon="10.908459"><ele>640.4</ele></trkpt>
<trkpt lat="43.19262" lon="10.90828"><ele>637.6</ele></trkpt>
<trkpt lat="43.19173" lon="10.90809"><ele>625.1</ele></trkpt>
<trkpt lat="43.19144" lon="10.90795"><ele>619.2</ele></trkpt>
<trkpt lat="43.191289" lon="10.907839"><ele>616.6</ele></trkpt>
<trkpt lat="43.190969" lon="10.907509"><ele>613.3</ele></trkpt>
<trkpt lat="43.190829" lon="10.90733"><ele>612.0</ele></trkpt>
<trkpt lat="43.19045" lon="10.90667"><ele>613.2</ele></trkpt>
<trkpt lat="43.190308" lon="10.90648"><ele>611.9</ele></trkpt>
<trkpt lat="43.190209" lon="10.90638"><ele>610.1</ele></trkpt>
<trkpt lat="43.18999" lon="10.906259"><ele>604.3</ele></trkpt>
<trkpt lat="43.18938" lon="10.906029"><ele>609.7</ele></trkpt>
<trkpt lat="43.188769" lon="10.905809"><ele>615.2</ele></trkpt>
<trkpt lat="43.18816" lon="10.905579"><ele>621.7</ele></trkpt>
<trkpt lat="43.187619" lon="10.90537"><ele>623.6</ele></trkpt>
<trkpt lat="43.1875" lon="10.905339"><ele>623.3</ele></trkpt>
<trkpt lat="43.187359" lon="10.905339"><ele>626.8</ele></trkpt>
<trkpt lat="43.187249" lon="10.90537"><ele>629.2</ele></trkpt>
<trkpt lat="43.18714" lon="10.905449"><ele>631.1</ele></trkpt>
<trkpt lat="43.186989" lon="10.90562"><ele>633.5</ele></trkpt>
<trkpt lat="43.18694" lon="10.90573"><ele>634.0</ele></trkpt>
<trkpt lat="43.186559" lon="10.9068"><ele>643.6</ele></trkpt>
<trkpt lat="43.18641" lon="10.907208"><ele>645.5</ele></trkpt>
<trkpt lat="43.186339" lon="10.907319"><ele>646.6</ele></trkpt>
<trkpt lat="43.186239" lon="10.90746"><ele>648.0</ele></trkpt>
<trkpt lat="43.186139" lon="10.907549"><ele>649.5</ele></trkpt>
<trkpt lat="43.185898" lon="10.907678"><ele>653.0</ele></trkpt>
<trkpt lat="43.18563" lon="10.90773"><ele>655.8</ele></trkpt>
<trkpt lat="43.184919" lon="10.907779"><ele>662.7</ele></trkpt>
<trkpt lat="43.184199" lon="10.907819"><ele>671.7</ele></trkpt>
<trkpt lat="43.183879" lon="10.90779"><ele>671.2</ele></trkpt>
<trkpt lat="43.18363" lon="10.90772"><ele>671.2</ele></trkpt>
<trkpt lat="43.183159" lon="10.907519"><ele>671.2</ele></trkpt>
<trkpt lat="43.182699" lon="10.90733"><ele>668.7</ele></trkpt>
<trkpt lat="43.182529" lon="10.907289"><ele>667.2</ele></trkpt>
<trkpt lat="43.182259" lon="10.90727"><ele>669.4</ele></trkpt>
<trkpt lat="43.181609" lon="10.907389"><ele>673.8</ele></trkpt>
<trkpt lat="43.180959" lon="10.907509"><ele>676.9</ele></trkpt>
<trkpt lat="43.180299" lon="10.90763"><ele>678.9</ele></trkpt>
<trkpt lat="43.18021" lon="10.907669"><ele>679.0</ele></trkpt>
<trkpt lat="43.179999" lon="10.907879"><ele>678.8</ele></trkpt>
<trkpt lat="43.179899" lon="10.908069"><ele>680.8</ele></trkpt>
<trkpt lat="43.17985" lon="10.908329"><ele>681.1</ele></trkpt>
<trkpt lat="43.179839" lon="10.90849"><ele>682.0</ele></trkpt>
<trkpt lat="43.17992" lon="10.908959"><ele>680.4</ele></trkpt>
<trkpt lat="43.179929" lon="10.90914"><ele>680.6</ele></trkpt>
<trkpt lat="43.179899" lon="10.909489"><ele>678.0</ele></trkpt>
<trkpt lat="43.17985" lon="10.90966"><ele>677.7</ele></trkpt>
<trkpt lat="43.17975" lon="10.90986"><ele>678.4</ele></trkpt>
<trkpt lat="43.17963" lon="10.91003"><ele>679.5</ele></trkpt>
<trkpt lat="43.17926" lon="10.910398"><ele>682.3</ele></trkpt>
<trkpt lat="43.179048" lon="10.91058"><ele>681.2</ele></trkpt>
<trkpt lat="43.178749" lon="10.91074"><ele>677.6</ele></trkpt>
<trkpt lat="43.17851" lon="10.91081"><ele>675.7</ele></trkpt>
<trkpt lat="43.178329" lon="10.91082"><ele>675.4</ele></trkpt>
<trkpt lat="43.177939" lon="10.91075"><ele>677.7</ele></trkpt>
<trkpt lat="43.177249" lon="10.910588"><ele>680.3</ele></trkpt>
<trkpt lat="43.176559" lon="10.91042"><ele>678.5</ele></trkpt>
<trkpt lat="43.175869" lon="10.91025"><ele>676.6</ele></trkpt>
<trkpt lat="43.175599" lon="10.910119"><ele>675.6</ele></trkpt>
<trkpt lat="43.175369" lon="10.909949"><ele>675.1</ele></trkpt>
<trkpt lat="43.17519" lon="10.909779"><ele>675.1</ele></trkpt>
<trkpt lat="43.17493" lon="10.90946"><ele>675.7</ele></trkpt>
<trkpt lat="43.174709" lon="10.908989"><ele>677.5</ele></trkpt>
<trkpt lat="43.17466" lon="10.908819"><ele>677.1</ele></trkpt>
<trkpt lat="43.174609" lon="10.90865"><ele>676.6</ele></trkpt>
<trkpt lat="43.174549" lon="10.90818"><ele>675.5</ele></trkpt>
<trkpt lat="43.174559" lon="10.90803"><ele>675.1</ele></trkpt>
<trkpt lat="43.17463" lon="10.90763"><ele>675.4</ele></trkpt>
<trkpt lat="43.174638" lon="10.907489"><ele>675.3</ele></trkpt>
<trkpt lat="43.174619" lon="10.907289"><ele>676.0</ele></trkpt>
<trkpt lat="43.17453" lon="10.906789"><ele>676.8</ele></trkpt>
<trkpt lat="43.174229" lon="10.905839"><ele>670.0</ele></trkpt>
<trkpt lat="43.174119" lon="10.90562"><ele>667.4</ele></trkpt>
<trkpt lat="43.17391" lon="10.9053"><ele>664.3</ele></trkpt>
<trkpt lat="43.17345" lon="10.9047"><ele>663.6</ele></trkpt>
<trkpt lat="43.172979" lon="10.904099"><ele>661.0</ele></trkpt>
<trkpt lat="43.17283" lon="10.903839"><ele>656.4</ele></trkpt>
<trkpt lat="43.17266" lon="10.903479"><ele>650.4</ele></trkpt>
<trkpt lat="43.172519" lon="10.90297"><ele>643.0</ele></trkpt>
<trkpt lat="43.17234" lon="10.90192"><ele>634.9</ele></trkpt>
<trkpt lat="43.172159" lon="10.90087"><ele>633.4</ele></trkpt>
<trkpt lat="43.172129" lon="10.90047"><ele>629.0</ele></trkpt>
<trkpt lat="43.172149" lon="10.90025"><ele>627.1</ele></trkpt>
<trkpt lat="43.17223" lon="10.89988"><ele>624.3</ele></trkpt>
<trkpt lat="43.17253" lon="10.89936"><ele>621.8</ele></trkpt>
<trkpt lat="43.172639" lon="10.89916"><ele>620.6</ele></trkpt>
<trkpt lat="43.172649" lon="10.898948"><ele>619.5</ele></trkpt>
<trkpt lat="43.17257" lon="10.89847"><ele>614.5</ele></trkpt>
<trkpt lat="43.172589" lon="10.898319"><ele>613.9</ele></trkpt>
<trkpt lat="43.172839" lon="10.89738"><ele>609.3</ele></trkpt>
<trkpt lat="43.17309" lon="10.89644"><ele>602.4</ele></trkpt>
<trkpt lat="43.17313" lon="10.89614"><ele>601.9</ele></trkpt>
<trkpt lat="43.173109" lon="10.895729"><ele>600.6</ele></trkpt>
<trkpt lat="43.173009" lon="10.895338"><ele>599.1</ele></trkpt>
<trkpt lat="43.17293" lon="10.89512"><ele>597.7</ele></trkpt>
<trkpt lat="43.17279" lon="10.894809"><ele>596.6</ele></trkpt>
<trkpt lat="43.172449" lon="10.8942"><ele>594.6</ele></trkpt>
<trkpt lat="43.1721" lon="10.89358"><ele>590.4</ele></trkpt>
<trkpt lat="43.17174" lon="10.892879"><ele>585.0</ele></trkpt>
<trkpt lat="43.17138" lon="10.89217"><ele>580.6</ele></trkpt>
<trkpt lat="43.17102" lon="10.891459"><ele>577.4</ele></trkpt>
<trkpt lat="43.170809" lon="10.891099"><ele>575.3</ele></trkpt>
<trkpt lat="43.170619" lon="10.89085"><ele>573.3</ele></trkpt>
<trkpt lat="43.17036" lon="10.890549"><ele>569.5</ele></trkpt>
<trkpt lat="43.169729" lon="10.889949"><ele>563.7</ele></trkpt>
<trkpt lat="43.16909" lon="10.889359"><ele>560.7</ele></trkpt>
<trkpt lat="43.16846" lon="10.888768"><ele>555.4</ele></trkpt>
<trkpt lat="43.167819" lon="10.88817"><ele>550.6</ele></trkpt>
<trkpt lat="43.16719" lon="10.88758"><ele>545.5</ele></trkpt>
<trkpt lat="43.166549" lon="10.886989"><ele>538.1</ele></trkpt>
<trkpt lat="43.166319" lon="10.886709"><ele>536.1</ele></trkpt>
<trkpt lat="43.166089" lon="10.88639"><ele>534.5</ele></trkpt>
<trkpt lat="43.1658" lon="10.885939"><ele>534.6</ele></trkpt>
<trkpt lat="43.165549" lon="10.88551"><ele>536.1</ele></trkpt>
<trkpt lat="43.165159" lon="10.88488"><ele>539.3</ele></trkpt>
<trkpt lat="43.164769" lon="10.88425"><ele>540.3</ele></trkpt>
<trkpt lat="43.164319" lon="10.883418"><ele>541.9</ele></trkpt>
<trkpt lat="43.164716" lon="10.883056"><ele>543.0</ele></trkpt>
<trkpt lat="43.164682" lon="10.883052"><ele>543.3</ele></trkpt>
<trkpt lat="43.164575" lon="10.883202"><ele>543.4</ele></trkpt>
<trkpt lat="43.164467" lon="10.883309"><ele>542.7</ele></trkpt>
<trkpt lat="43.164446" lon="10.883374"><ele>542.2</ele></trkpt>
<trkpt lat="43.16436" lon="10.883417"><ele>541.4</ele></trkpt>
<trkpt lat="43.164317" lon="10.883417"><ele>541.0</ele></trkpt>
<trkpt lat="43.164381" lon="10.883331"><ele>541.9</ele></trkpt>
<trkpt lat="43.164424" lon="10.883309"><ele>542.3</ele></trkpt>
<trkpt lat="43.164467" lon="10.883309"><ele>542.7</ele></trkpt>
<trkpt lat="43.164575" lon="10.883202"><ele>543.4</ele></trkpt>
<trkpt lat="43.164682" lon="10.883052"><ele>543.3</ele></trkpt>
<trkpt lat="43.164725" lon="10.882966"><ele>543.3</ele></trkpt>
<trkpt lat="43.164746" lon="10.882837"><ele>543.6</ele></trkpt>
<trkpt lat="43.164746" lon="10.882601"><ele>544.6</ele></trkpt>
<trkpt lat="43.164596" lon="10.882086"><ele>548.4</ele></trkpt>
<trkpt lat="43.164575" lon="10.881936"><ele>549.4</ele></trkpt>
<trkpt lat="43.164575" lon="10.881721"><ele>550.4</ele></trkpt>
<trkpt lat="43.164596" lon="10.881614"><ele>550.4</ele></trkpt>
<trkpt lat="43.164639" lon="10.881485"><ele>550.1</ele></trkpt>
<trkpt lat="43.164682" lon="10.881421"><ele>549.7</ele></trkpt>
<trkpt lat="43.164746" lon="10.881249"><ele>549.1</ele></trkpt>
<trkpt lat="43.164746" lon="10.881035"><ele>549.4</ele></trkpt>
<trkpt lat="43.164682" lon="10.880584"><ele>552.3</ele></trkpt>
<trkpt lat="43.16466" lon="10.880284"><ele>554.4</ele></trkpt>
<trkpt lat="43.164682" lon="10.880091"><ele>555.1</ele></trkpt>
<trkpt lat="43.164725" lon="10.879983"><ele>554.8</ele></trkpt>
<trkpt lat="43.164768" lon="10.879919"><ele>554.1</ele></trkpt>
<trkpt lat="43.164832" lon="10.879855"><ele>553.1</ele></trkpt>
<trkpt lat="43.16509" lon="10.87964"><ele>548.8</ele></trkpt>
<trkpt lat="43.165132" lon="10.879576"><ele>548.0</ele></trkpt>
<trkpt lat="43.165154" lon="10.879511"><ele>547.7</ele></trkpt>
<trkpt lat="43.165175" lon="10.879426"><ele>547.3</ele></trkpt>
<trkpt lat="43.165132" lon="10.879297"><ele>548.1</ele></trkpt>
<trkpt lat="43.164832" lon="10.878782"><ele>553.5</ele></trkpt>
<trkpt lat="43.164789" lon="10.878589"><ele>554.4</ele></trkpt>
<trkpt lat="43.164768" lon="10.878481"><ele>554.9</ele></trkpt>
<trkpt lat="43.164811" lon="10.878267"><ele>554.0</ele></trkpt>
<trkpt lat="43.165068" lon="10.877494"><ele>548.3</ele></trkpt>
<trkpt lat="43.16509" lon="10.877387"><ele>547.7</ele></trkpt>
<trkpt lat="43.165111" lon="10.877237"><ele>547.1</ele></trkpt>
<trkpt lat="43.165111" lon="10.877044"><ele>546.9</ele></trkpt>
<trkpt lat="43.16509" lon="10.876915"><ele>547.2</ele></trkpt>
<trkpt lat="43.165004" lon="10.8767"><ele>548.8</ele></trkpt>
<trkpt lat="43.165004" lon="10.876529"><ele>549.4</ele></trkpt>
<trkpt lat="43.165025" lon="10.876464"><ele>549.1</ele></trkpt>
<trkpt lat="43.165068" lon="10.876379"><ele>548.3</ele></trkpt>
<trkpt lat="43.165111" lon="10.876314"><ele>547.5</ele></trkpt>
<trkpt lat="43.165197" lon="10.876207"><ele>545.7</ele></trkpt>
<trkpt lat="43.165326" lon="10.875992"><ele>542.8</ele></trkpt>
<trkpt lat="43.16539" lon="10.875842"><ele>541.6</ele></trkpt>
<trkpt lat="43.165626" lon="10.875005"><ele>537.9</ele></trkpt>
<trkpt lat="43.165626" lon="10.874876"><ele>537.7</ele></trkpt>
<trkpt lat="43.165605" lon="10.874598"><ele>537.7</ele></trkpt>
<trkpt lat="43.165583" lon="10.874469"><ele>538.0</ele></trkpt>
<trkpt lat="43.165562" lon="10.874319"><ele>538.2</ele></trkpt>
<trkpt lat="43.165562" lon="10.873997"><ele>540.3</ele></trkpt>
<trkpt lat="43.165583" lon="10.873761"><ele>542.3</ele></trkpt>
<trkpt lat="43.165647" lon="10.873503"><ele>542.9</ele></trkpt>
<trkpt lat="43.16569" lon="10.873417"><ele>542.2</ele></trkpt>
<trkpt lat="43.165733" lon="10.873353"><ele>541.6</ele></trkpt>
<trkpt lat="43.165862" lon="10.873203"><ele>540.1</ele></trkpt>
<trkpt lat="43.166549" lon="10.872645"><ele>530.1</ele></trkpt>
<trkpt lat="43.166763" lon="10.872452"><ele>526.6</ele></trkpt>
<trkpt lat="43.166913" lon="10.872259"><ele>524.0</ele></trkpt>
<trkpt lat="43.166978" lon="10.872151"><ele>522.9</ele></trkpt>
<trkpt lat="43.167021" lon="10.872066"><ele>522.3</ele></trkpt>
<trkpt lat="43.167064" lon="10.871937"><ele>522.2</ele></trkpt>
<trkpt lat="43.167085" lon="10.871851"><ele>522.2</ele></trkpt>
<trkpt lat="43.167085" lon="10.871744"><ele>523.1</ele></trkpt>
<trkpt lat="43.167064" lon="10.871186"><ele>524.4</ele></trkpt>
<trkpt lat="43.167192" lon="10.870757"><ele>519.9</ele></trkpt>
<trkpt lat="43.167278" lon="10.869877"><ele>515.5</ele></trkpt>
<trkpt lat="43.167214" lon="10.86904"><ele>510.9</ele></trkpt>
<trkpt lat="43.167214" lon="10.868868"><ele>509.8</ele></trkpt>
<trkpt lat="43.167214" lon="10.868525"><ele>507.5</ele></trkpt>
<trkpt lat="43.167192" lon="10.868439"><ele>507.5</ele></trkpt>
<trkpt lat="43.16715" lon="10.868375"><ele>508.1</ele></trkpt>
<trkpt lat="43.166892" lon="10.868053"><ele>504.0</ele></trkpt>
<trkpt lat="43.166806" lon="10.86801"><ele>503.6</ele></trkpt>
<trkpt lat="43.166742" lon="10.867989"><ele>503.6</ele></trkpt>
<trkpt lat="43.166012" lon="10.867774"><ele>504.5</ele></trkpt>
<trkpt lat="43.165948" lon="10.867731"><ele>504.0</ele></trkpt>
<trkpt lat="43.165647" lon="10.867474"><ele>501.7</ele></trkpt>
<trkpt lat="43.16539" lon="10.867302"><ele>503.3</ele></trkpt>
<trkpt lat="43.165283" lon="10.867152"><ele>504.3</ele></trkpt>
<trkpt lat="43.165261" lon="10.867066"><ele>504.0</ele></trkpt>
<trkpt lat="43.165261" lon="10.86698"><ele>503.2</ele></trkpt>
<trkpt lat="43.165283" lon="10.866851"><ele>501.5</ele></trkpt>
<trkpt lat="43.165347" lon="10.866744"><ele>498.8</ele></trkpt>
<trkpt lat="43.165669" lon="10.866272"><ele>492.9</ele></trkpt>
<trkpt lat="43.16612" lon="10.865349"><ele>491.8</ele></trkpt>
<trkpt lat="43.166162" lon="10.865263"><ele>492.2</ele></trkpt>
<trkpt lat="43.166806" lon="10.864641"><ele>492.4</ele></trkpt>
<trkpt lat="43.166763" lon="10.864491"><ele>493.4</ele></trkpt>
<trkpt lat="43.166956" lon="10.863568"><ele>489.8</ele></trkpt>
<trkpt lat="43.167021" lon="10.863289"><ele>488.7</ele></trkpt>
<trkpt lat="43.167085" lon="10.863075"><ele>489.1</ele></trkpt>
<trkpt lat="43.167278" lon="10.862624"><ele>489.5</ele></trkpt>
<trkpt lat="43.16745" lon="10.862388"><ele>489.6</ele></trkpt>
<trkpt lat="43.167514" lon="10.862345"><ele>489.3</ele></trkpt>
<trkpt lat="43.167686" lon="10.862238"><ele>488.4</ele></trkpt>
<trkpt lat="43.167793" lon="10.862152"><ele>488.1</ele></trkpt>
<trkpt lat="43.167818" lon="10.862121"><ele>488.1</ele></trkpt>
<trkpt lat="43.167818" lon="10.862121"><ele>488.1</ele></trkpt>
<trkpt lat="43.167879" lon="10.862045"><ele>488.1</ele></trkpt>
<trkpt lat="43.167965" lon="10.861873"><ele>488.6</ele></trkpt>
<trkpt lat="43.168137" lon="10.861358"><ele>490.1</ele></trkpt>
<trkpt lat="43.168137" lon="10.861229"><ele>491.1</ele></trkpt>
<trkpt lat="43.168094" lon="10.860843"><ele>495.0</ele></trkpt>
<trkpt lat="43.168094" lon="10.86065"><ele>496.2</ele></trkpt>
<trkpt lat="43.168137" lon="10.860521"><ele>496.1</ele></trkpt>
<trkpt lat="43.168373" lon="10.860049"><ele>493.1</ele></trkpt>
<trkpt lat="43.168394" lon="10.85992"><ele>493.1</ele></trkpt>
<trkpt lat="43.168394" lon="10.85977"><ele>493.8</ele></trkpt>
<trkpt lat="43.168373" lon="10.859491"><ele>495.4</ele></trkpt>
<trkpt lat="43.168416" lon="10.858826"><ele>497.6</ele></trkpt>
<trkpt lat="43.168437" lon="10.85874"><ele>497.5</ele></trkpt>
<trkpt lat="43.168501" lon="10.858633"><ele>496.7</ele></trkpt>
<trkpt lat="43.168802" lon="10.858354"><ele>492.8</ele></trkpt>
<trkpt lat="43.168995" lon="10.857946"><ele>493.5</ele></trkpt>
<trkpt lat="43.169102" lon="10.857732"><ele>493.7</ele></trkpt>
<trkpt lat="43.169167" lon="10.857667"><ele>493.3</ele></trkpt>
<trkpt lat="43.169231" lon="10.857646"><ele>492.5</ele></trkpt>
<trkpt lat="43.169469" lon="10.857687"><ele>488.8</ele></trkpt>
<trkpt lat="43.16964" lon="10.857723"><ele>486.7</ele></trkpt>
<trkpt lat="43.169721" lon="10.857807"><ele>485.3</ele></trkpt>
<trkpt lat="43.169838" lon="10.857819"><ele>484.2</ele></trkpt>
<trkpt lat="43.170089" lon="10.857819"><ele>481.9</ele></trkpt>
<trkpt lat="43.170179" lon="10.857759"><ele>481.4</ele></trkpt>
<trkpt lat="43.170314" lon="10.857675"><ele>480.7</ele></trkpt>
<trkpt lat="43.170475" lon="10.857675"><ele>479.2</ele></trkpt>
<trkpt lat="43.17061" lon="10.857699"><ele>478.0</ele></trkpt>
<trkpt lat="43.170799" lon="10.857795"><ele>476.1</ele></trkpt>
<trkpt lat="43.170871" lon="10.857867"><ele>475.3</ele></trkpt>
<trkpt lat="43.17105" lon="10.858022"><ele>473.9</ele></trkpt>
<trkpt lat="43.17123" lon="10.858118"><ele>473.0</ele></trkpt>
<trkpt lat="43.171374" lon="10.858298"><ele>472.6</ele></trkpt>
<trkpt lat="43.171455" lon="10.858214"><ele>472.3</ele></trkpt>
<trkpt lat="43.171526" lon="10.858214"><ele>472.1</ele></trkpt>
<trkpt lat="43.171643" lon="10.858214"><ele>471.8</ele></trkpt>
<trkpt lat="43.171805" lon="10.858262"><ele>471.6</ele></trkpt>
<trkpt lat="43.171985" lon="10.858262"><ele>471.2</ele></trkpt>
<trkpt lat="43.172137" lon="10.858274"><ele>469.7</ele></trkpt>
<trkpt lat="43.172047" lon="10.858274"><ele>470.9</ele></trkpt>
<trkpt lat="43.171913" lon="10.858274"><ele>471.4</ele></trkpt>
<trkpt lat="43.171697" lon="10.858274"><ele>471.9</ele></trkpt>
<trkpt lat="43.171625" lon="10.858405"><ele>472.6</ele></trkpt>
<trkpt lat="43.171571" lon="10.85837"><ele>472.5</ele></trkpt>
<trkpt lat="43.171464" lon="10.858322"><ele>472.5</ele></trkpt>
<trkpt lat="43.171302" lon="10.858202"><ele>472.7</ele></trkpt>
<trkpt lat="43.171122" lon="10.858094"><ele>473.4</ele></trkpt>
<trkpt lat="43.17105" lon="10.858046"><ele>473.8</ele></trkpt>
<trkpt lat="43.170925" lon="10.857927"><ele>474.8</ele></trkpt>
<trkpt lat="43.170781" lon="10.857783"><ele>476.2</ele></trkpt>
<trkpt lat="43.170637" lon="10.857687"><ele>477.8</ele></trkpt>
<trkpt lat="43.170565" lon="10.857639"><ele>478.6</ele></trkpt>
<trkpt lat="43.170466" lon="10.857639"><ele>479.5</ele></trkpt>
<trkpt lat="43.170269" lon="10.857771"><ele>480.5</ele></trkpt>
<trkpt lat="43.170098" lon="10.857867"><ele>481.5</ele></trkpt>
<trkpt lat="43.169954" lon="10.857867"><ele>482.8</ele></trkpt>
<trkpt lat="43.16973" lon="10.857807"><ele>485.3</ele></trkpt>
<trkpt lat="43.169604" lon="10.857723"><ele>487.0</ele></trkpt>
<trkpt lat="43.169451" lon="10.857639"><ele>489.4</ele></trkpt>
<trkpt lat="43.16929" lon="10.857639"><ele>491.7</ele></trkpt>
<trkpt lat="43.169231" lon="10.857496"><ele>493.6</ele></trkpt>
<trkpt lat="43.169338" lon="10.857195"><ele>493.9</ele></trkpt>
<trkpt lat="43.16936" lon="10.857067"><ele>494.3</ele></trkpt>
<trkpt lat="43.169381" lon="10.856895"><ele>495.0</ele></trkpt>
<trkpt lat="43.169381" lon="10.856745"><ele>495.8</ele></trkpt>
<trkpt lat="43.169338" lon="10.856423"><ele>500.3</ele></trkpt>
<trkpt lat="43.169338" lon="10.856273"><ele>502.1</ele></trkpt>
<trkpt lat="43.169424" lon="10.856037"><ele>503.2</ele></trkpt>
<trkpt lat="43.169488" lon="10.855951"><ele>503.0</ele></trkpt>
<trkpt lat="43.169574" lon="10.855844"><ele>503.4</ele></trkpt>
<trkpt lat="43.169682" lon="10.855736"><ele>504.5</ele></trkpt>
<trkpt lat="43.170154" lon="10.855371"><ele>507.6</ele></trkpt>
<trkpt lat="43.170411" lon="10.855221"><ele>508.4</ele></trkpt>
<trkpt lat="43.170733" lon="10.855114"><ele>508.1</ele></trkpt>
<trkpt lat="43.17084" lon="10.855093"><ele>507.7</ele></trkpt>
<trkpt lat="43.170926" lon="10.85505"><ele>508.0</ele></trkpt>
<trkpt lat="43.171033" lon="10.854985"><ele>508.6</ele></trkpt>
<trkpt lat="43.171141" lon="10.854899"><ele>509.7</ele></trkpt>
<trkpt lat="43.171269" lon="10.854749"><ele>511.8</ele></trkpt>
<trkpt lat="43.171334" lon="10.854706"><ele>512.1</ele></trkpt>
<trkpt lat="43.171398" lon="10.854685"><ele>511.9</ele></trkpt>
<trkpt lat="43.171484" lon="10.854663"><ele>511.6</ele></trkpt>
<trkpt lat="43.17157" lon="10.854663"><ele>510.8</ele></trkpt>
<trkpt lat="43.171784" lon="10.854728"><ele>507.3</ele></trkpt>
<trkpt lat="43.17187" lon="10.854728"><ele>506.5</ele></trkpt>
<trkpt lat="43.171935" lon="10.854685"><ele>506.8</ele></trkpt>
<trkpt lat="43.17202" lon="10.85462"><ele>507.4</ele></trkpt>
<trkpt lat="43.172171" lon="10.854384"><ele>510.6</ele></trkpt>
<trkpt lat="43.172256" lon="10.854299"><ele>511.3</ele></trkpt>
<trkpt lat="43.172364" lon="10.854213"><ele>511.6</ele></trkpt>
<trkpt lat="43.17245" lon="10.854127"><ele>511.6</ele></trkpt>
<trkpt lat="43.172492" lon="10.854041"><ele>512.1</ele></trkpt>
<trkpt lat="43.172578" lon="10.853612"><ele>515.8</ele></trkpt>
<trkpt lat="43.172729" lon="10.853075"><ele>518.3</ele></trkpt>
<trkpt lat="43.172793" lon="10.852625"><ele>520.7</ele></trkpt>
<trkpt lat="43.172771" lon="10.852475"><ele>521.9</ele></trkpt>
<trkpt lat="43.17275" lon="10.852367"><ele>522.3</ele></trkpt>
<trkpt lat="43.172707" lon="10.85226"><ele>523.7</ele></trkpt>
<trkpt lat="43.172514" lon="10.852088"><ele>531.9</ele></trkpt>
<trkpt lat="43.172471" lon="10.852024"><ele>534.0</ele></trkpt>
<trkpt lat="43.17245" lon="10.851917"><ele>535.3</ele></trkpt>
<trkpt lat="43.172471" lon="10.851767"><ele>534.5</ele></trkpt>
<trkpt lat="43.172535" lon="10.851573"><ele>532.2</ele></trkpt>
<trkpt lat="43.172836" lon="10.851166"><ele>519.3</ele></trkpt>
<trkpt lat="43.1729" lon="10.851037"><ele>517.1</ele></trkpt>
<trkpt lat="43.172943" lon="10.85093"><ele>515.8</ele></trkpt>
<trkpt lat="43.172943" lon="10.850758"><ele>517.2</ele></trkpt>
<trkpt lat="43.172857" lon="10.850543"><ele>523.0</ele></trkpt>
<trkpt lat="43.172836" lon="10.850436"><ele>525.0</ele></trkpt>
<trkpt lat="43.172836" lon="10.850307"><ele>526.0</ele></trkpt>
<trkpt lat="43.172986" lon="10.850007"><ele>521.1</ele></trkpt>
<trkpt lat="43.173029" lon="10.849878"><ele>519.3</ele></trkpt>
<trkpt lat="43.173093" lon="10.849664"><ele>516.8</ele></trkpt>
<trkpt lat="43.173158" lon="10.849299"><ele>515.1</ele></trkpt>
<trkpt lat="43.173179" lon="10.849106"><ele>514.3</ele></trkpt>
<trkpt lat="43.173158" lon="10.84902"><ele>514.8</ele></trkpt>
<trkpt lat="43.173115" lon="10.848956"><ele>516.1</ele></trkpt>
<trkpt lat="43.17305" lon="10.848956"><ele>518.3</ele></trkpt>
<trkpt lat="43.1729" lon="10.848977"><ele>523.5</ele></trkpt>
<trkpt lat="43.172793" lon="10.848977"><ele>527.0</ele></trkpt>
<trkpt lat="43.17275" lon="10.848934"><ele>528.2</ele></trkpt>
<trkpt lat="43.172729" lon="10.848891"><ele>528.8</ele></trkpt>
<trkpt lat="43.172729" lon="10.848805"><ele>528.4</ele></trkpt>
<trkpt lat="43.172771" lon="10.848591"><ele>526.0</ele></trkpt>
<trkpt lat="43.172836" lon="10.848484"><ele>523.3</ele></trkpt>
<trkpt lat="43.1729" lon="10.848226"><ele>522.2</ele></trkpt>
<trkpt lat="43.173201" lon="10.847475"><ele>518.1</ele></trkpt>
<trkpt lat="43.173351" lon="10.847024"><ele>515.5</ele></trkpt>
<trkpt lat="43.173372" lon="10.846896"><ele>515.4</ele></trkpt>
<trkpt lat="43.173351" lon="10.846788"><ele>516.8</ele></trkpt>
<trkpt lat="43.173329" lon="10.846703"><ele>517.8</ele></trkpt>
<trkpt lat="43.173201" lon="10.846316"><ele>519.2</ele></trkpt>
<trkpt lat="43.173115" lon="10.846166"><ele>520.7</ele></trkpt>
<trkpt lat="43.172793" lon="10.845694"><ele>527.2</ele></trkpt>
<trkpt lat="43.172729" lon="10.845565"><ele>528.7</ele></trkpt>
<trkpt lat="43.172729" lon="10.845437"><ele>527.9</ele></trkpt>
<trkpt lat="43.17275" lon="10.845243"><ele>526.0</ele></trkpt>
<trkpt lat="43.172836" lon="10.845029"><ele>522.1</ele></trkpt>
<trkpt lat="43.172965" lon="10.844535"><ele>522.8</ele></trkpt>
<trkpt lat="43.173007" lon="10.844449"><ele>522.5</ele></trkpt>
<trkpt lat="43.173072" lon="10.844385"><ele>521.5</ele></trkpt>
<trkpt lat="43.173136" lon="10.844364"><ele>520.1</ele></trkpt>
<trkpt lat="43.173243" lon="10.844342"><ele>517.7</ele></trkpt>
<trkpt lat="43.173501" lon="10.844321"><ele>511.6</ele></trkpt>
<trkpt lat="43.173608" lon="10.844278"><ele>509.5</ele></trkpt>
<trkpt lat="43.173673" lon="10.844213"><ele>508.5</ele></trkpt>
<trkpt lat="43.173758" lon="10.844106"><ele>506.2</ele></trkpt>
<trkpt lat="43.173801" lon="10.843977"><ele>505.1</ele></trkpt>
<trkpt lat="43.173823" lon="10.843849"><ele>504.6</ele></trkpt>
<trkpt lat="43.173801" lon="10.843205"><ele>504.7</ele></trkpt>
<trkpt lat="43.173844" lon="10.842947"><ele>502.1</ele></trkpt>
<trkpt lat="43.173887" lon="10.842819"><ele>500.6</ele></trkpt>
<trkpt lat="43.174059" lon="10.842497"><ele>496.6</ele></trkpt>
<trkpt lat="43.174102" lon="10.842304"><ele>494.6</ele></trkpt>
<trkpt lat="43.174123" lon="10.842068"><ele>492.5</ele></trkpt>
<trkpt lat="43.174123" lon="10.841467"><ele>489.0</ele></trkpt>
<trkpt lat="43.174102" lon="10.841317"><ele>488.8</ele></trkpt>
<trkpt lat="43.173952" lon="10.840523"><ele>489.7</ele></trkpt>
<trkpt lat="43.173716" lon="10.838999"><ele>486.3</ele></trkpt>
<trkpt lat="43.173673" lon="10.83872"><ele>483.7</ele></trkpt>
<trkpt lat="43.17363" lon="10.838613"><ele>483.0</ele></trkpt>
<trkpt lat="43.173565" lon="10.838527"><ele>482.8</ele></trkpt>
<trkpt lat="43.173458" lon="10.838441"><ele>483.1</ele></trkpt>
<trkpt lat="43.173329" lon="10.83842"><ele>484.7</ele></trkpt>
<trkpt lat="43.173072" lon="10.83842"><ele>488.5</ele></trkpt>
<trkpt lat="43.172965" lon="10.838398"><ele>489.5</ele></trkpt>
<trkpt lat="43.172857" lon="10.838356"><ele>490.1</ele></trkpt>
<trkpt lat="43.172492" lon="10.838098"><ele>488.0</ele></trkpt>
<trkpt lat="43.172192" lon="10.837948"><ele>488.3</ele></trkpt>
<trkpt lat="43.172106" lon="10.837841"><ele>487.4</ele></trkpt>
<trkpt lat="43.171892" lon="10.837583"><ele>485.9</ele></trkpt>
<trkpt lat="43.171806" lon="10.837519"><ele>485.9</ele></trkpt>
<trkpt lat="43.17172" lon="10.837476"><ele>486.2</ele></trkpt>
<trkpt lat="43.171591" lon="10.837476"><ele>487.7</ele></trkpt>
<trkpt lat="43.171248" lon="10.837519"><ele>492.6</ele></trkpt>
<trkpt lat="43.171184" lon="10.837497"><ele>493.0</ele></trkpt>
<trkpt lat="43.171098" lon="10.837454"><ele>492.8</ele></trkpt>
<trkpt lat="43.171055" lon="10.83739"><ele>492.1</ele></trkpt>
<trkpt lat="43.171033" lon="10.837304"><ele>490.8</ele></trkpt>
<trkpt lat="43.171012" lon="10.837197"><ele>489.2</ele></trkpt>
<trkpt lat="43.171012" lon="10.836939"><ele>485.2</ele></trkpt>
<trkpt lat="43.17099" lon="10.836832"><ele>483.6</ele></trkpt>
<trkpt lat="43.170969" lon="10.836746"><ele>482.3</ele></trkpt>
<trkpt lat="43.170905" lon="10.83666"><ele>480.8</ele></trkpt>
<trkpt lat="43.170754" lon="10.83651"><ele>478.2</ele></trkpt>
<trkpt lat="43.17054" lon="10.836424"><ele>477.2</ele></trkpt>
<trkpt lat="43.170218" lon="10.836424"><ele>476.9</ele></trkpt>
<trkpt lat="43.170154" lon="10.836446"><ele>476.9</ele></trkpt>
<trkpt lat="43.170089" lon="10.836489"><ele>477.3</ele></trkpt>
<trkpt lat="43.170068" lon="10.836575"><ele>479.1</ele></trkpt>
<trkpt lat="43.170025" lon="10.836896"><ele>485.2</ele></trkpt>
<trkpt lat="43.169982" lon="10.836982"><ele>486.5</ele></trkpt>
<trkpt lat="43.169939" lon="10.837025"><ele>487.1</ele></trkpt>
<trkpt lat="43.169875" lon="10.837047"><ele>487.1</ele></trkpt>
<trkpt lat="43.169767" lon="10.837047"><ele>486.4</ele></trkpt>
<trkpt lat="43.169703" lon="10.837004"><ele>485.0</ele></trkpt>
<trkpt lat="43.169488" lon="10.836811"><ele>479.2</ele></trkpt>
<trkpt lat="43.169317" lon="10.836639"><ele>473.5</ele></trkpt>
<trkpt lat="43.169252" lon="10.836596"><ele>471.9</ele></trkpt>
<trkpt lat="43.169188" lon="10.836596"><ele>471.1</ele></trkpt>
<trkpt lat="43.169124" lon="10.836617"><ele>470.8</ele></trkpt>
<trkpt lat="43.168931" lon="10.836811"><ele>472.8</ele></trkpt>
<trkpt lat="43.168737" lon="10.837132"><ele>479.0</ele></trkpt>
<trkpt lat="43.168587" lon="10.837368"><ele>484.8</ele></trkpt>
<trkpt lat="43.168523" lon="10.837433"><ele>486.5</ele></trkpt>
<trkpt lat="43.168458" lon="10.837476"><ele>487.8</ele></trkpt>
<trkpt lat="43.168244" lon="10.837562"><ele>490.5</ele></trkpt>
<trkpt lat="43.168072" lon="10.837562"><ele>490.7</ele></trkpt>
<trkpt lat="43.167986" lon="10.83754"><ele>490.1</ele></trkpt>
<trkpt lat="43.167707" lon="10.837326"><ele>484.0</ele></trkpt>
<trkpt lat="43.167557" lon="10.83724"><ele>482.1</ele></trkpt>
<trkpt lat="43.16715" lon="10.837025"><ele>477.7</ele></trkpt>
<trkpt lat="43.167021" lon="10.836982"><ele>477.1</ele></trkpt>
<trkpt lat="43.166742" lon="10.836982"><ele>477.1</ele></trkpt>
<trkpt lat="43.166248" lon="10.837132"><ele>481.1</ele></trkpt>
<trkpt lat="43.165004" lon="10.83754"><ele>481.4</ele></trkpt>
<trkpt lat="43.164832" lon="10.837562"><ele>480.4</ele></trkpt>
<trkpt lat="43.16386" lon="10.837581"><ele>473.4</ele></trkpt>
<trkpt lat="43.163862" lon="10.837689"><ele>475.5</ele></trkpt>
<trkpt lat="43.16386" lon="10.837581"><ele>473.4</ele></trkpt>
<trkpt lat="43.163759" lon="10.837583"><ele>472.7</ele></trkpt>
<trkpt lat="43.16348" lon="10.837626"><ele>473.5</ele></trkpt>
<trkpt lat="43.163158" lon="10.837712"><ele>475.2</ele></trkpt>
<trkpt lat="43.162965" lon="10.837712"><ele>475.5</ele></trkpt>
<trkpt lat="43.162879" lon="10.83769"><ele>475.3</ele></trkpt>
<trkpt lat="43.162837" lon="10.837669"><ele>475.3</ele></trkpt>
<trkpt lat="43.162751" lon="10.837604"><ele>475.2</ele></trkpt>
<trkpt lat="43.162472" lon="10.837368"><ele>473.9</ele></trkpt>
<trkpt lat="43.161871" lon="10.836939"><ele>468.8</ele></trkpt>
<trkpt lat="43.161721" lon="10.836875"><ele>467.0</ele></trkpt>
<trkpt lat="43.161613" lon="10.836832"><ele>465.8</ele></trkpt>
<trkpt lat="43.161399" lon="10.836789"><ele>464.0</ele></trkpt>
<trkpt lat="43.160884" lon="10.836896"><ele>463.2</ele></trkpt>
<trkpt lat="43.160669" lon="10.836918"><ele>462.3</ele></trkpt>
<trkpt lat="43.159682" lon="10.836832"><ele>453.5</ele></trkpt>
<trkpt lat="43.159511" lon="10.836832"><ele>452.2</ele></trkpt>
<trkpt lat="43.159403" lon="10.836853"><ele>451.9</ele></trkpt>
<trkpt lat="43.159317" lon="10.836875"><ele>451.7</ele></trkpt>
<trkpt lat="43.159253" lon="10.836918"><ele>452.0</ele></trkpt>
<trkpt lat="43.159167" lon="10.836982"><ele>452.6</ele></trkpt>
<trkpt lat="43.158953" lon="10.837197"><ele>455.2</ele></trkpt>
<trkpt lat="43.158888" lon="10.83724"><ele>455.7</ele></trkpt>
<trkpt lat="43.158824" lon="10.837261"><ele>455.9</ele></trkpt>
<trkpt lat="43.158695" lon="10.837261"><ele>455.6</ele></trkpt>
<trkpt lat="43.158609" lon="10.837218"><ele>455.4</ele></trkpt>
<trkpt lat="43.158524" lon="10.837132"><ele>454.6</ele></trkpt>
<trkpt lat="43.157987" lon="10.836553"><ele>449.3</ele></trkpt>
<trkpt lat="43.157837" lon="10.836381"><ele>447.4</ele></trkpt>
<trkpt lat="43.157708" lon="10.836124"><ele>444.4</ele></trkpt>
<trkpt lat="43.157665" lon="10.836017"><ele>443.0</ele></trkpt>
<trkpt lat="43.157622" lon="10.835866"><ele>440.9</ele></trkpt>
<trkpt lat="43.157601" lon="10.835695"><ele>438.4</ele></trkpt>
<trkpt lat="43.157579" lon="10.834901"><ele>426.0</ele></trkpt>
<trkpt lat="43.156828" lon="10.834965"><ele>432.5</ele></trkpt>
<trkpt lat="43.156592" lon="10.83503"><ele>434.7</ele></trkpt>
<trkpt lat="43.155798" lon="10.83563"><ele>443.3</ele></trkpt>
<trkpt lat="43.155584" lon="10.835845"><ele>444.1</ele></trkpt>
<trkpt lat="43.154382" lon="10.83739"><ele>450.9</ele></trkpt>
<trkpt lat="43.154168" lon="10.837733"><ele>455.9</ele></trkpt>
<trkpt lat="43.153889" lon="10.83842"><ele>465.6</ele></trkpt>
<trkpt lat="43.15376" lon="10.838677"><ele>467.5</ele></trkpt>
<trkpt lat="43.15361" lon="10.838956"><ele>469.8</ele></trkpt>
<trkpt lat="43.153545" lon="10.839085"><ele>470.9</ele></trkpt>
<trkpt lat="43.153417" lon="10.839257"><ele>471.5</ele></trkpt>
<trkpt lat="43.153288" lon="10.839364"><ele>470.9</ele></trkpt>
<trkpt lat="43.152966" lon="10.839514"><ele>467.6</ele></trkpt>
<trkpt lat="43.152816" lon="10.839664"><ele>467.5</ele></trkpt>
<trkpt lat="43.15273" lon="10.839772"><ele>467.7</ele></trkpt>
<trkpt lat="43.152537" lon="10.840137"><ele>471.1</ele></trkpt>
<trkpt lat="43.152129" lon="10.840544"><ele>471.6</ele></trkpt>
<trkpt lat="43.151936" lon="10.840759"><ele>473.4</ele></trkpt>
<trkpt lat="43.151743" lon="10.841016"><ele>478.2</ele></trkpt>
<trkpt lat="43.151614" lon="10.841145"><ele>480.8</ele></trkpt>
<trkpt lat="43.151507" lon="10.841209"><ele>481.6</ele></trkpt>
<trkpt lat="43.1514" lon="10.841231"><ele>481.1</ele></trkpt>
<trkpt lat="43.151271" lon="10.841231"><ele>479.6</ele></trkpt>
<trkpt lat="43.15097" lon="10.841188"><ele>475.5</ele></trkpt>
<trkpt lat="43.150777" lon="10.841188"><ele>474.0</ele></trkpt>
<trkpt lat="43.15067" lon="10.841209"><ele>473.7</ele></trkpt>
<trkpt lat="43.150348" lon="10.841338"><ele>474.2</ele></trkpt>
<trkpt lat="43.150155" lon="10.841445"><ele>473.0</ele></trkpt>
<trkpt lat="43.149898" lon="10.841639"><ele>472.1</ele></trkpt>
<trkpt lat="43.149747" lon="10.841875"><ele>473.6</ele></trkpt>
<trkpt lat="43.14949" lon="10.842411"><ele>476.8</ele></trkpt>
<trkpt lat="43.149425" lon="10.842583"><ele>478.0</ele></trkpt>
<trkpt lat="43.14934" lon="10.842883"><ele>480.5</ele></trkpt>
<trkpt lat="43.149254" lon="10.843226"><ele>483.6</ele></trkpt>
<trkpt lat="43.149147" lon="10.843613"><ele>487.7</ele></trkpt>
<trkpt lat="43.149082" lon="10.843741"><ele>488.5</ele></trkpt>
<trkpt lat="43.14891" lon="10.84402"><ele>489.4</ele></trkpt>
<trkpt lat="43.148782" lon="10.844192"><ele>489.3</ele></trkpt>
<trkpt lat="43.148653" lon="10.844385"><ele>489.8</ele></trkpt>
<trkpt lat="43.147773" lon="10.846488"><ele>500.5</ele></trkpt>
<trkpt lat="43.147687" lon="10.846724"><ele>501.9</ele></trkpt>
<trkpt lat="43.147623" lon="10.84696"><ele>501.7</ele></trkpt>
<trkpt lat="43.147602" lon="10.847153"><ele>502.3</ele></trkpt>
<trkpt lat="43.147602" lon="10.847389"><ele>503.5</ele></trkpt>
<trkpt lat="43.147623" lon="10.847711"><ele>505.1</ele></trkpt>
<trkpt lat="43.147752" lon="10.848612"><ele>508.4</ele></trkpt>
<trkpt lat="43.147795" lon="10.848784"><ele>508.8</ele></trkpt>
<trkpt lat="43.147902" lon="10.84902"><ele>510.5</ele></trkpt>
<trkpt lat="43.147945" lon="10.849192"><ele>510.7</ele></trkpt>
<trkpt lat="43.147966" lon="10.849342"><ele>511.4</ele></trkpt>
<trkpt lat="43.147966" lon="10.84975"><ele>512.4</ele></trkpt>
<trkpt lat="43.147945" lon="10.8499"><ele>512.3</ele></trkpt>
<trkpt lat="43.147923" lon="10.850028"><ele>512.1</ele></trkpt>
<trkpt lat="43.147838" lon="10.850136"><ele>510.5</ele></trkpt>
<trkpt lat="43.14758" lon="10.850415"><ele>506.0</ele></trkpt>
<trkpt lat="43.147494" lon="10.850543"><ele>504.6</ele></trkpt>
<trkpt lat="43.147408" lon="10.850758"><ele>503.5</ele></trkpt>
<trkpt lat="43.147387" lon="10.850908"><ele>503.5</ele></trkpt>
<trkpt lat="43.147387" lon="10.851209"><ele>502.0</ele></trkpt>
<trkpt lat="43.14743" lon="10.85138"><ele>502.1</ele></trkpt>
<trkpt lat="43.147473" lon="10.851531"><ele>502.2</ele></trkpt>
<trkpt lat="43.147545" lon="10.851687"><ele>502.8</ele></trkpt>
<trkpt lat="43.14768" lon="10.851969"><ele>501.3</ele></trkpt>
<trkpt lat="43.147798" lon="10.85222"><ele>499.4</ele></trkpt>
<trkpt lat="43.147899" lon="10.85235"><ele>498.7</ele></trkpt>
<trkpt lat="43.148289" lon="10.852659"><ele>498.4</ele></trkpt>
<trkpt lat="43.1484" lon="10.852819"><ele>497.9</ele></trkpt>
<trkpt lat="43.14848" lon="10.85298"><ele>497.1</ele></trkpt>
<trkpt lat="43.1485" lon="10.85321"><ele>494.4</ele></trkpt>
<trkpt lat="43.14853" lon="10.853289"><ele>493.9</ele></trkpt>
<trkpt lat="43.148619" lon="10.85346"><ele>494.2</ele></trkpt>
<trkpt lat="43.14871" lon="10.853529"><ele>495.2</ele></trkpt>
<trkpt lat="43.148739" lon="10.853578"><ele>495.3</ele></trkpt>
<trkpt lat="43.14877" lon="10.85366"><ele>495.5</ele></trkpt>
<trkpt lat="43.148789" lon="10.8538"><ele>495.8</ele></trkpt>
<trkpt lat="43.1488" lon="10.854239"><ele>496.7</ele></trkpt>
<trkpt lat="43.148789" lon="10.854369"><ele>496.9</ele></trkpt>
<trkpt lat="43.148749" lon="10.85452"><ele>497.3</ele></trkpt>
<trkpt lat="43.148689" lon="10.854669"><ele>499.0</ele></trkpt>
<trkpt lat="43.14857" lon="10.85481"><ele>500.3</ele></trkpt>
<trkpt lat="43.14844" lon="10.85491"><ele>501.1</ele></trkpt>
<trkpt lat="43.14794" lon="10.85521"><ele>505.2</ele></trkpt>
<trkpt lat="43.147729" lon="10.85537"><ele>507.2</ele></trkpt>
<trkpt lat="43.14765" lon="10.855479"><ele>508.5</ele></trkpt>
<trkpt lat="43.14733" lon="10.855994"><ele>513.4</ele></trkpt>
<trkpt lat="43.14765" lon="10.85548"><ele>508.5</ele></trkpt>
<trkpt lat="43.14773" lon="10.85537"><ele>507.2</ele></trkpt>
<trkpt lat="43.14794" lon="10.85521"><ele>505.2</ele></trkpt>
<trkpt lat="43.14844" lon="10.85491"><ele>501.1</ele></trkpt>
<trkpt lat="43.14857" lon="10.85481"><ele>500.3</ele></trkpt>
<trkpt lat="43.14869" lon="10.85467"><ele>499.0</ele></trkpt>
<trkpt lat="43.14875" lon="10.85452"><ele>497.3</ele></trkpt>
<trkpt lat="43.14879" lon="10.85437"><ele>496.9</ele></trkpt>
<trkpt lat="43.1488" lon="10.85424"><ele>496.7</ele></trkpt>
<trkpt lat="43.14879" lon="10.8538"><ele>495.8</ele></trkpt>
<trkpt lat="43.14877" lon="10.85366"><ele>495.5</ele></trkpt>
<trkpt lat="43.14874" lon="10.85358"><ele>495.3</ele></trkpt>
<trkpt lat="43.14871" lon="10.85353"><ele>495.2</ele></trkpt>
<trkpt lat="43.14862" lon="10.85346"><ele>494.2</ele></trkpt>
<trkpt lat="43.14853" lon="10.85329"><ele>493.9</ele></trkpt>
<trkpt lat="43.1485" lon="10.85321"><ele>494.4</ele></trkpt>
<trkpt lat="43.14848" lon="10.85298"><ele>497.1</ele></trkpt>
<trkpt lat="43.1484" lon="10.85282"><ele>497.9</ele></trkpt>
<trkpt lat="43.14829" lon="10.85266"><ele>498.4</ele></trkpt>
<trkpt lat="43.1479" lon="10.85235"><ele>498.7</ele></trkpt>
<trkpt lat="43.1478" lon="10.85222"><ele>499.4</ele></trkpt>
<trkpt lat="43.14748" lon="10.85153"><ele>502.4</ele></trkpt>
<trkpt lat="43.14743" lon="10.85138"><ele>502.1</ele></trkpt>
<trkpt lat="43.1474" lon="10.8512"><ele>502.3</ele></trkpt>
<trkpt lat="43.14738" lon="10.85091"><ele>503.3</ele></trkpt>
<trkpt lat="43.14744" lon="10.85065"><ele>504.3</ele></trkpt>
<trkpt lat="43.14749" lon="10.85056"><ele>505.1</ele></trkpt>
<trkpt lat="43.14758" lon="10.85042"><ele>506.4</ele></trkpt>
<trkpt lat="43.14784" lon="10.85013"><ele>510.9</ele></trkpt>
<trkpt lat="43.14791" lon="10.85002"><ele>512.0</ele></trkpt>
<trkpt lat="43.14795" lon="10.8499"><ele>512.5</ele></trkpt>
<trkpt lat="43.14797" lon="10.84976"><ele>512.6</ele></trkpt>
<trkpt lat="43.14798" lon="10.84957"><ele>512.3</ele></trkpt>
<trkpt lat="43.14796" lon="10.84919"><ele>510.7</ele></trkpt>
<trkpt lat="43.14775" lon="10.84861"><ele>507.7</ele></trkpt>
<trkpt lat="43.14762" lon="10.84771"><ele>505.6</ele></trkpt>
<trkpt lat="43.1476" lon="10.8474"><ele>504.6</ele></trkpt>
<trkpt lat="43.1476" lon="10.84715"><ele>503.0</ele></trkpt>
<trkpt lat="43.14762" lon="10.84696"><ele>502.2</ele></trkpt>
<trkpt lat="43.14777" lon="10.8465"><ele>500.9</ele></trkpt>
<trkpt lat="43.14801" lon="10.84592"><ele>498.1</ele></trkpt>
<trkpt lat="43.14825" lon="10.84535"><ele>495.5</ele></trkpt>
<trkpt lat="43.14866" lon="10.84438"><ele>491.0</ele></trkpt>
<trkpt lat="43.14877" lon="10.84419"><ele>489.8</ele></trkpt>
<trkpt lat="43.1489" lon="10.84402"><ele>488.8</ele></trkpt>
<trkpt lat="43.14914" lon="10.84362"><ele>484.7</ele></trkpt>
<trkpt lat="43.14926" lon="10.84322"><ele>481.3</ele></trkpt>
<trkpt lat="43.14934" lon="10.84287"><ele>479.4</ele></trkpt>
<trkpt lat="43.14949" lon="10.84241"><ele>477.2</ele></trkpt>
<trkpt lat="43.14975" lon="10.84188"><ele>474.5</ele></trkpt>
<trkpt lat="43.14983" lon="10.84175"><ele>473.8</ele></trkpt>
<trkpt lat="43.14998" lon="10.84157"><ele>473.3</ele></trkpt>
<trkpt lat="43.15016" lon="10.84145"><ele>473.5</ele></trkpt>
<trkpt lat="43.15053" lon="10.84127"><ele>474.0</ele></trkpt>
<trkpt lat="43.15078" lon="10.8412"><ele>475.3</ele></trkpt>
<trkpt lat="43.15097" lon="10.84119"><ele>476.7</ele></trkpt>
<trkpt lat="43.15139" lon="10.84123"><ele>480.9</ele></trkpt>
<trkpt lat="43.1515" lon="10.8412"><ele>480.7</ele></trkpt>
<trkpt lat="43.15161" lon="10.84115"><ele>479.9</ele></trkpt>
<trkpt lat="43.15175" lon="10.84101"><ele>477.4</ele></trkpt>
<trkpt lat="43.15194" lon="10.84076"><ele>473.8</ele></trkpt>
<trkpt lat="43.15223" lon="10.84044"><ele>471.9</ele></trkpt>
<trkpt lat="43.15254" lon="10.84013"><ele>471.0</ele></trkpt>
<trkpt lat="43.15273" lon="10.83978"><ele>468.0</ele></trkpt>
<trkpt lat="43.15281" lon="10.83966"><ele>467.4</ele></trkpt>
<trkpt lat="43.15296" lon="10.83952"><ele>468.0</ele></trkpt>
<trkpt lat="43.1533" lon="10.83936"><ele>472.2</ele></trkpt>
<trkpt lat="43.15342" lon="10.83925"><ele>472.2</ele></trkpt>
<trkpt lat="43.15362" lon="10.83896"><ele>470.3</ele></trkpt>
<trkpt lat="43.15377" lon="10.83869"><ele>468.3</ele></trkpt>
<trkpt lat="43.15389" lon="10.83842"><ele>466.2</ele></trkpt>
<trkpt lat="43.15417" lon="10.83774"><ele>458.2</ele></trkpt>
<trkpt lat="43.15427" lon="10.83756"><ele>455.0</ele></trkpt>
<trkpt lat="43.1547" lon="10.83699"><ele>447.3</ele></trkpt>
<trkpt lat="43.15514" lon="10.83642"><ele>444.8</ele></trkpt>
<trkpt lat="43.15558" lon="10.83585"><ele>444.0</ele></trkpt>
<trkpt lat="43.15594" lon="10.83552"><ele>443.4</ele></trkpt>
<trkpt lat="43.15648" lon="10.83511"><ele>437.3</ele></trkpt>
<trkpt lat="43.15667" lon="10.835"><ele>435.0</ele></trkpt>
<trkpt lat="43.15682" lon="10.83496"><ele>432.8</ele></trkpt>
<trkpt lat="43.15759" lon="10.8349"><ele>426.2</ele></trkpt>
<trkpt lat="43.15761" lon="10.83569"><ele>438.3</ele></trkpt>
<trkpt lat="43.15762" lon="10.83587"><ele>441.2</ele></trkpt>
<trkpt lat="43.15771" lon="10.83612"><ele>444.9</ele></trkpt>
<trkpt lat="43.15785" lon="10.83638"><ele>448.0</ele></trkpt>
<trkpt lat="43.15798" lon="10.83655"><ele>449.3</ele></trkpt>
<trkpt lat="43.15851" lon="10.83714"><ele>454.4</ele></trkpt>
<trkpt lat="43.15869" lon="10.83726"><ele>456.4</ele></trkpt>
<trkpt lat="43.15889" lon="10.83725"><ele>456.0</ele></trkpt>
<trkpt lat="43.15896" lon="10.8372"><ele>455.1</ele></trkpt>
<trkpt lat="43.15925" lon="10.83692"><ele>451.1</ele></trkpt>
<trkpt lat="43.15933" lon="10.83688"><ele>451.3</ele></trkpt>
<trkpt lat="43.15951" lon="10.83684"><ele>452.6</ele></trkpt>
<trkpt lat="43.15969" lon="10.83683"><ele>454.4</ele></trkpt>
<trkpt lat="43.16023" lon="10.83687"><ele>459.2</ele></trkpt>
<trkpt lat="43.16066" lon="10.83692"><ele>461.8</ele></trkpt>
<trkpt lat="43.16089" lon="10.8369"><ele>462.6</ele></trkpt>
<trkpt lat="43.1613" lon="10.83681"><ele>464.1</ele></trkpt>
<trkpt lat="43.16151" lon="10.83681"><ele>465.7</ele></trkpt>
<trkpt lat="43.16173" lon="10.83688"><ele>468.3</ele></trkpt>
<trkpt lat="43.16186" lon="10.83695"><ele>469.4</ele></trkpt>
<trkpt lat="43.16248" lon="10.83737"><ele>474.2</ele></trkpt>
<trkpt lat="43.16283" lon="10.83767"><ele>475.6</ele></trkpt>
<trkpt lat="43.16296" lon="10.83771"><ele>475.4</ele></trkpt>
<trkpt lat="43.16308" lon="10.83772"><ele>475.0</ele></trkpt>
<trkpt lat="43.16377" lon="10.83759"><ele>474.2</ele></trkpt>
<trkpt lat="43.1643" lon="10.83758"><ele>477.4</ele></trkpt>
<trkpt lat="43.16484" lon="10.83757"><ele>480.9</ele></trkpt>
<trkpt lat="43.165" lon="10.83754"><ele>481.2</ele></trkpt>
<trkpt lat="43.16562" lon="10.83733"><ele>481.8</ele></trkpt>
<trkpt lat="43.16624" lon="10.83712"><ele>481.0</ele></trkpt>
<trkpt lat="43.16674" lon="10.83699"><ele>479.2</ele></trkpt>
<trkpt lat="43.16691" lon="10.83698"><ele>477.8</ele></trkpt>
<trkpt lat="43.16714" lon="10.83702"><ele>477.6</ele></trkpt>
<trkpt lat="43.16727" lon="10.83708"><ele>478.8</ele></trkpt>
<trkpt lat="43.16756" lon="10.83724"><ele>482.6</ele></trkpt>
<trkpt lat="43.168" lon="10.83754"><ele>489.5</ele></trkpt>
<trkpt lat="43.16815" lon="10.83757"><ele>489.1</ele></trkpt>
<trkpt lat="43.16824" lon="10.83757"><ele>488.3</ele></trkpt>
<trkpt lat="43.16835" lon="10.83752"><ele>486.6</ele></trkpt>
<trkpt lat="43.16853" lon="10.83744"><ele>486.0</ele></trkpt>
<trkpt lat="43.16859" lon="10.83738"><ele>484.9</ele></trkpt>
<trkpt lat="43.16875" lon="10.83714"><ele>480.2</ele></trkpt>
<trkpt lat="43.16894" lon="10.83681"><ele>474.2</ele></trkpt>
<trkpt lat="43.16905" lon="10.83668"><ele>472.6</ele></trkpt>
<trkpt lat="43.16912" lon="10.83662"><ele>472.4</ele></trkpt>
<trkpt lat="43.16925" lon="10.83659"><ele>473.0</ele></trkpt>
<trkpt lat="43.16937" lon="10.83667"><ele>475.5</ele></trkpt>
<trkpt lat="43.1697" lon="10.83701"><ele>485.1</ele></trkpt>
<trkpt lat="43.16977" lon="10.83704"><ele>486.2</ele></trkpt>
<trkpt lat="43.16988" lon="10.83705"><ele>487.1</ele></trkpt>
<trkpt lat="43.16994" lon="10.83704"><ele>487.2</ele></trkpt>
<trkpt lat="43.16999" lon="10.83699"><ele>486.5</ele></trkpt>
<trkpt lat="43.17002" lon="10.8369"><ele>484.9</ele></trkpt>
<trkpt lat="43.17006" lon="10.83657"><ele>478.3</ele></trkpt>
<trkpt lat="43.1701" lon="10.8365"><ele>477.1</ele></trkpt>
<trkpt lat="43.17014" lon="10.83645"><ele>476.3</ele></trkpt>
<trkpt lat="43.17021" lon="10.83643"><ele>476.3</ele></trkpt>
<trkpt lat="43.17044" lon="10.83642"><ele>477.7</ele></trkpt>
<trkpt lat="43.17065" lon="10.83646"><ele>480.0</ele></trkpt>
<trkpt lat="43.17075" lon="10.83652"><ele>482.1</ele></trkpt>
<trkpt lat="43.17085" lon="10.83659"><ele>483.9</ele></trkpt>
<trkpt lat="43.17097" lon="10.83674"><ele>484.4</ele></trkpt>
<trkpt lat="43.171" lon="10.83683"><ele>485.2</ele></trkpt>
<trkpt lat="43.17102" lon="10.83694"><ele>486.5</ele></trkpt>
<trkpt lat="43.17101" lon="10.83719"><ele>490.3</ele></trkpt>
<trkpt lat="43.17103" lon="10.83731"><ele>491.8</ele></trkpt>
<trkpt lat="43.17105" lon="10.83739"><ele>492.7</ele></trkpt>
<trkpt lat="43.17109" lon="10.83745"><ele>493.1</ele></trkpt>
<trkpt lat="43.17119" lon="10.83751"><ele>492.8</ele></trkpt>
<trkpt lat="43.17126" lon="10.83752"><ele>492.1</ele></trkpt>
<trkpt lat="43.1716" lon="10.83747"><ele>487.2</ele></trkpt>
<trkpt lat="43.17173" lon="10.83748"><ele>485.9</ele></trkpt>
<trkpt lat="43.17181" lon="10.83752"><ele>485.7</ele></trkpt>
<trkpt lat="43.17189" lon="10.83759"><ele>485.9</ele></trkpt>
<trkpt lat="43.17219" lon="10.83795"><ele>488.6</ele></trkpt>
<trkpt lat="43.1725" lon="10.83809"><ele>488.6</ele></trkpt>
<trkpt lat="43.17286" lon="10.83835"><ele>489.5</ele></trkpt>
<trkpt lat="43.17297" lon="10.83839"><ele>489.3</ele></trkpt>
<trkpt lat="43.17333" lon="10.83841"><ele>485.8</ele></trkpt>
<trkpt lat="43.17347" lon="10.83845"><ele>483.8</ele></trkpt>
<trkpt lat="43.17356" lon="10.83853"><ele>483.3</ele></trkpt>
<trkpt lat="43.17362" lon="10.83862"><ele>483.4</ele></trkpt>
<trkpt lat="43.17367" lon="10.83873"><ele>483.7</ele></trkpt>
<trkpt lat="43.17372" lon="10.83899"><ele>485.8</ele></trkpt>
<trkpt lat="43.17388" lon="10.84011"><ele>489.4</ele></trkpt>
<trkpt lat="43.174" lon="10.84079"><ele>488.9</ele></trkpt>
<trkpt lat="43.17412" lon="10.84148"><ele>488.8</ele></trkpt>
<trkpt lat="43.17413" lon="10.84207"><ele>492.0</ele></trkpt>
<trkpt lat="43.17411" lon="10.8423"><ele>493.8</ele></trkpt>
<trkpt lat="43.17405" lon="10.84249"><ele>496.2</ele></trkpt>
<trkpt lat="43.17384" lon="10.84296"><ele>502.4</ele></trkpt>
<trkpt lat="43.1738" lon="10.8432"><ele>504.7</ele></trkpt>
<trkpt lat="43.17381" lon="10.84397"><ele>504.6</ele></trkpt>
<trkpt lat="43.17377" lon="10.8441"><ele>505.5</ele></trkpt>
<trkpt lat="43.17368" lon="10.84422"><ele>507.3</ele></trkpt>
<trkpt lat="43.17361" lon="10.84429"><ele>508.5</ele></trkpt>
<trkpt lat="43.17351" lon="10.84433"><ele>510.7</ele></trkpt>
<trkpt lat="43.17315" lon="10.84436"><ele>519.7</ele></trkpt>
<trkpt lat="43.17306" lon="10.84439"><ele>521.7</ele></trkpt>
<trkpt lat="43.17301" lon="10.84446"><ele>522.4</ele></trkpt>
<trkpt lat="43.17296" lon="10.84454"><ele>523.0</ele></trkpt>
<trkpt lat="43.17284" lon="10.84503"><ele>522.4</ele></trkpt>
<trkpt lat="43.17276" lon="10.84524"><ele>525.8</ele></trkpt>
<trkpt lat="43.17273" lon="10.84544"><ele>527.7</ele></trkpt>
<trkpt lat="43.17274" lon="10.84557"><ele>528.1</ele></trkpt>
<trkpt lat="43.17279" lon="10.84569"><ele>527.2</ele></trkpt>
<trkpt lat="43.17289" lon="10.84582"><ele>524.8</ele></trkpt>
<trkpt lat="43.17312" lon="10.84616"><ele>520.8</ele></trkpt>
<trkpt lat="43.1732" lon="10.84633"><ele>519.5</ele></trkpt>
<trkpt lat="43.17334" lon="10.8467"><ele>516.6</ele></trkpt>
<trkpt lat="43.17336" lon="10.8469"><ele>515.0</ele></trkpt>
<trkpt lat="43.17335" lon="10.84701"><ele>514.8</ele></trkpt>
<trkpt lat="43.17327" lon="10.84729"><ele>516.4</ele></trkpt>
<trkpt lat="43.17307" lon="10.84781"><ele>520.3</ele></trkpt>
<trkpt lat="43.17283" lon="10.84848"><ele>524.2</ele></trkpt>
<trkpt lat="43.17277" lon="10.8486"><ele>526.4</ele></trkpt>
<trkpt lat="43.17273" lon="10.84881"><ele>528.4</ele></trkpt>
<trkpt lat="43.17273" lon="10.84889"><ele>528.6</ele></trkpt>
<trkpt lat="43.17275" lon="10.84894"><ele>528.2</ele></trkpt>
<trkpt lat="43.17279" lon="10.84897"><ele>527.0</ele></trkpt>
<trkpt lat="43.17305" lon="10.84895"><ele>518.6</ele></trkpt>
<trkpt lat="43.17311" lon="10.84897"><ele>516.7</ele></trkpt>
<trkpt lat="43.17315" lon="10.84901"><ele>515.5</ele></trkpt>
<trkpt lat="43.17317" lon="10.8491"><ele>515.1</ele></trkpt>
<trkpt lat="43.17316" lon="10.8493"><ele>515.2</ele></trkpt>
<trkpt lat="43.17304" lon="10.84988"><ele>518.8</ele></trkpt>
<trkpt lat="43.17284" lon="10.85032"><ele>525.7</ele></trkpt>
<trkpt lat="43.17283" lon="10.85044"><ele>525.3</ele></trkpt>
<trkpt lat="43.17294" lon="10.85075"><ele>517.5</ele></trkpt>
<trkpt lat="43.17293" lon="10.85093"><ele>516.7</ele></trkpt>
<trkpt lat="43.17291" lon="10.85103"><ele>517.0</ele></trkpt>
<trkpt lat="43.17254" lon="10.85158"><ele>530.8</ele></trkpt>
<trkpt lat="43.17247" lon="10.85176"><ele>533.4</ele></trkpt>
<trkpt lat="43.17245" lon="10.85191"><ele>534.1</ele></trkpt>
<trkpt lat="43.17247" lon="10.85202"><ele>532.9</ele></trkpt>
<trkpt lat="43.17251" lon="10.85209"><ele>531.1</ele></trkpt>
<trkpt lat="43.17271" lon="10.85226"><ele>523.4</ele></trkpt>
<trkpt lat="43.17276" lon="10.85237"><ele>521.9</ele></trkpt>
<trkpt lat="43.17278" lon="10.85248"><ele>521.5</ele></trkpt>
<trkpt lat="43.17278" lon="10.85264"><ele>520.3</ele></trkpt>
<trkpt lat="43.17274" lon="10.85308"><ele>517.5</ele></trkpt>
<trkpt lat="43.17259" lon="10.85362"><ele>516.5</ele></trkpt>
<trkpt lat="43.17252" lon="10.85394"><ele>515.0</ele></trkpt>
<trkpt lat="43.17244" lon="10.85413"><ele>513.9</ele></trkpt>
<trkpt lat="43.17218" lon="10.85438"><ele>510.8</ele></trkpt>
<trkpt lat="43.17201" lon="10.85462"><ele>507.1</ele></trkpt>
<trkpt lat="43.17186" lon="10.85472"><ele>506.2</ele></trkpt>
<trkpt lat="43.17178" lon="10.85472"><ele>506.8</ele></trkpt>
<trkpt lat="43.17148" lon="10.85466"><ele>511.0</ele></trkpt>
<trkpt lat="43.17133" lon="10.85471"><ele>511.7</ele></trkpt>
<trkpt lat="43.17102" lon="10.85499"><ele>509.2</ele></trkpt>
<trkpt lat="43.17093" lon="10.85506"><ele>508.8</ele></trkpt>
<trkpt lat="43.17084" lon="10.8551"><ele>509.0</ele></trkpt>
<trkpt lat="43.1704" lon="10.85522"><ele>508.7</ele></trkpt>
<trkpt lat="43.17016" lon="10.85537"><ele>506.8</ele></trkpt>
<trkpt lat="43.16968" lon="10.85573"><ele>504.6</ele></trkpt>
<trkpt lat="43.16957" lon="10.85583"><ele>504.3</ele></trkpt>
<trkpt lat="43.16942" lon="10.85604"><ele>503.8</ele></trkpt>
<trkpt lat="43.16937" lon="10.85616"><ele>502.9</ele></trkpt>
<trkpt lat="43.16934" lon="10.85628"><ele>501.8</ele></trkpt>
<trkpt lat="43.16934" lon="10.85642"><ele>500.1</ele></trkpt>
<trkpt lat="43.16938" lon="10.85689"><ele>495.0</ele></trkpt>
<trkpt lat="43.16937" lon="10.85706"><ele>494.0</ele></trkpt>
<trkpt lat="43.16934" lon="10.85719"><ele>493.4</ele></trkpt>
<trkpt lat="43.16924" lon="10.85749"><ele>492.4</ele></trkpt>
<trkpt lat="43.16924" lon="10.85764"><ele>491.4</ele></trkpt>
<trkpt lat="43.16917" lon="10.85767"><ele>491.9</ele></trkpt>
<trkpt lat="43.16909" lon="10.85774"><ele>492.9</ele></trkpt>
<trkpt lat="43.16879" lon="10.85835"><ele>493.8</ele></trkpt>
<trkpt lat="43.1685" lon="10.85863"><ele>496.5</ele></trkpt>
<trkpt lat="43.16844" lon="10.85874"><ele>496.6</ele></trkpt>
<trkpt lat="43.16843" lon="10.85881"><ele>496.3</ele></trkpt>
<trkpt lat="43.16843" lon="10.85881"><ele>496.3</ele></trkpt>
<trkpt lat="43.16842" lon="10.85883"><ele>496.3</ele></trkpt>
<trkpt lat="43.16833" lon="10.85877"><ele>497.9</ele></trkpt>
<trkpt lat="43.16824" lon="10.85864"><ele>501.0</ele></trkpt>
<trkpt lat="43.16825" lon="10.85841"><ele>502.4</ele></trkpt>
</trkseg></trk></gpx>