<?xml version="1.0" encoding="UTF-8"?>
<gpx version="1.1" creator="cit" xmlns="http://www.topografix.com/GPX/1/1">
<trk><name>MR - Road 1</name><trkseg>
<trkpt lat="43.147322" lon="10.855844"><ele>514.7</ele></trkpt>
<trkpt lat="43.147263" lon="10.85589"><ele>515.4</ele></trkpt>
<trkpt lat="43.146935" lon="10.855093"><ele>514.7</ele></trkpt>
<trkpt lat="43.146786" lon="10.854835"><ele>511.2</ele></trkpt>
<trkpt lat="43.1467" lon="10.854706"><ele>509.2</ele></trkpt>
<trkpt lat="43.146615" lon="10.854663"><ele>509.3</ele></trkpt>
<trkpt lat="43.145884" lon="10.854383"><ele>508.2</ele></trkpt>
<trkpt lat="43.145584" lon="10.854298"><ele>506.4</ele></trkpt>
<trkpt lat="43.145434" lon="10.854298"><ele>506.5</ele></trkpt>
<trkpt lat="43.145369" lon="10.85432"><ele>506.8</ele></trkpt>
<trkpt lat="43.145306" lon="10.854363"><ele>506.4</ele></trkpt>
<trkpt lat="43.14522" lon="10.854449"><ele>506.3</ele></trkpt>
<trkpt lat="43.145177" lon="10.854512"><ele>506.7</ele></trkpt>
<trkpt lat="43.145048" lon="10.85477"><ele>508.9</ele></trkpt>
<trkpt lat="43.144937" lon="10.855036"><ele>511.6</ele></trkpt>
<trkpt lat="43.144983" lon="10.855071"><ele>513.3</ele></trkpt>
<trkpt lat="43.144937" lon="10.855036"><ele>511.6</ele></trkpt>
<trkpt lat="43.144426" lon="10.856273"><ele>520.0</ele></trkpt>
<trkpt lat="43.144403" lon="10.856336"><ele>519.8</ele></trkpt>
<trkpt lat="43.144403" lon="10.856443"><ele>520.4</ele></trkpt>
<trkpt lat="43.144446" lon="10.856552"><ele>521.9</ele></trkpt>
<trkpt lat="43.144555" lon="10.85668"><ele>524.8</ele></trkpt>
<trkpt lat="43.144555" lon="10.856723"><ele>524.9</ele></trkpt>
<trkpt lat="43.144532" lon="10.856766"><ele>523.7</ele></trkpt>
<trkpt lat="43.144469" lon="10.856787"><ele>521.9</ele></trkpt>
<trkpt lat="43.14436" lon="10.856572"><ele>520.0</ele></trkpt>
<trkpt lat="43.144318" lon="10.856529"><ele>518.8</ele></trkpt>
<trkpt lat="43.144232" lon="10.856486"><ele>516.6</ele></trkpt>
<trkpt lat="43.144168" lon="10.856486"><ele>515.1</ele></trkpt>
<trkpt lat="43.144125" lon="10.856552"><ele>514.5</ele></trkpt>
<trkpt lat="43.144103" lon="10.856615"><ele>514.3</ele></trkpt>
<trkpt lat="43.144103" lon="10.856701"><ele>514.8</ele></trkpt>
<trkpt lat="43.144083" lon="10.857087"><ele>509.3</ele></trkpt>
<trkpt lat="43.14404" lon="10.857281"><ele>506.0</ele></trkpt>
<trkpt lat="43.143974" lon="10.85741"><ele>503.5</ele></trkpt>
<trkpt lat="43.143845" lon="10.857582"><ele>499.7</ele></trkpt>
<trkpt lat="43.14376" lon="10.857645"><ele>497.3</ele></trkpt>
<trkpt lat="43.143482" lon="10.857731"><ele>490.5</ele></trkpt>
<trkpt lat="43.143416" lon="10.857731"><ele>489.3</ele></trkpt>
<trkpt lat="43.143309" lon="10.857688"><ele>488.1</ele></trkpt>
<trkpt lat="43.143246" lon="10.857625"><ele>488.0</ele></trkpt>
<trkpt lat="43.14316" lon="10.857496"><ele>488.0</ele></trkpt>
<trkpt lat="43.142774" lon="10.857087"><ele>480.6</ele></trkpt>
<trkpt lat="43.142731" lon="10.857024"><ele>479.7</ele></trkpt>
<trkpt lat="43.142322" lon="10.856058"><ele>470.4</ele></trkpt>
<trkpt lat="43.142279" lon="10.855972"><ele>469.6</ele></trkpt>
<trkpt lat="43.141851" lon="10.855371"><ele>460.4</ele></trkpt>
<trkpt lat="43.141593" lon="10.855114"><ele>457.0</ele></trkpt>
<trkpt lat="43.141356" lon="10.854921"><ele>453.4</ele></trkpt>
<trkpt lat="43.141271" lon="10.854878"><ele>452.2</ele></trkpt>
<trkpt lat="43.141164" lon="10.854835"><ele>450.8</ele></trkpt>
<trkpt lat="43.141079" lon="10.854813"><ele>449.5</ele></trkpt>
<trkpt lat="43.140649" lon="10.854706"><ele>443.1</ele></trkpt>
<trkpt lat="43.140499" lon="10.854684"><ele>441.0</ele></trkpt>
<trkpt lat="43.140391" lon="10.854727"><ele>440.0</ele></trkpt>
<trkpt lat="43.140242" lon="10.854727"><ele>437.6</ele></trkpt>
<trkpt lat="43.139361" lon="10.854383"><ele>420.8</ele></trkpt>
<trkpt lat="43.138867" lon="10.854063"><ele>412.7</ele></trkpt>
<trkpt lat="43.13816" lon="10.853655"><ele>403.7</ele></trkpt>
<trkpt lat="43.137988" lon="10.853526"><ele>402.0</ele></trkpt>
<trkpt lat="43.137515" lon="10.85316"><ele>397.7</ele></trkpt>
<trkpt lat="43.137409" lon="10.853011"><ele>396.1</ele></trkpt>
<trkpt lat="43.137109" lon="10.852389"><ele>389.5</ele></trkpt>
<trkpt lat="43.136937" lon="10.852131"><ele>386.0</ele></trkpt>
<trkpt lat="43.136872" lon="10.85198"><ele>383.8</ele></trkpt>
<trkpt lat="43.136851" lon="10.851894"><ele>382.6</ele></trkpt>
<trkpt lat="43.136829" lon="10.851551"><ele>377.6</ele></trkpt>
<trkpt lat="43.136786" lon="10.851379"><ele>375.2</ele></trkpt>
<trkpt lat="43.13655" lon="10.850972"><ele>369.0</ele></trkpt>
<trkpt lat="43.136401" lon="10.85078"><ele>366.0</ele></trkpt>
<trkpt lat="43.135992" lon="10.85007"><ele>355.5</ele></trkpt>
<trkpt lat="43.135972" lon="10.850027"><ele>355.0</ele></trkpt>
<trkpt lat="43.135949" lon="10.849964"><ele>354.3</ele></trkpt>
<trkpt lat="43.135949" lon="10.849749"><ele>352.5</ele></trkpt>
<trkpt lat="43.136078" lon="10.848547"><ele>343.6</ele></trkpt>
<trkpt lat="43.136229" lon="10.846982"><ele>325.4</ele></trkpt>
<trkpt lat="43.136292" lon="10.846381"><ele>318.7</ele></trkpt>
<trkpt lat="43.136358" lon="10.845737"><ele>313.1</ele></trkpt>
<trkpt lat="43.136401" lon="10.845587"><ele>312.2</ele></trkpt>
<trkpt lat="43.136464" lon="10.845415"><ele>311.0</ele></trkpt>
<trkpt lat="43.136529" lon="10.845264"><ele>309.8</ele></trkpt>
<trkpt lat="43.136614" lon="10.845135"><ele>308.6</ele></trkpt>
<trkpt lat="43.136794" lon="10.844942"><ele>306.0</ele></trkpt>
<trkpt lat="43.137129" lon="10.844577"><ele>302.2</ele></trkpt>
<trkpt lat="43.137172" lon="10.844471"><ele>301.5</ele></trkpt>
<trkpt lat="43.137195" lon="10.844342"><ele>300.7</ele></trkpt>
<trkpt lat="43.137195" lon="10.844213"><ele>299.7</ele></trkpt>
<trkpt lat="43.137172" lon="10.844106"><ele>298.5</ele></trkpt>
<trkpt lat="43.136872" lon="10.843054"><ele>288.8</ele></trkpt>
<trkpt lat="43.136808" lon="10.842904"><ele>288.1</ele></trkpt>
<trkpt lat="43.136723" lon="10.842754"><ele>287.2</ele></trkpt>
<trkpt lat="43.136529" lon="10.842517"><ele>285.0</ele></trkpt>
<trkpt lat="43.136378" lon="10.842282"><ele>283.6</ele></trkpt>
<trkpt lat="43.136272" lon="10.842045"><ele>282.5</ele></trkpt>
<trkpt lat="43.136186" lon="10.841788"><ele>282.0</ele></trkpt>
<trkpt lat="43.135863" lon="10.841145"><ele>282.7</ele></trkpt>
<trkpt lat="43.135714" lon="10.840888"><ele>282.3</ele></trkpt>
<trkpt lat="43.134534" lon="10.839685"><ele>280.7</ele></trkpt>
<trkpt lat="43.134039" lon="10.839064"><ele>278.3</ele></trkpt>
<trkpt lat="43.133783" lon="10.838613"><ele>278.0</ele></trkpt>
<trkpt lat="43.133675" lon="10.838462"><ele>278.3</ele></trkpt>
<trkpt lat="43.13344" lon="10.838247"><ele>279.2</ele></trkpt>
<trkpt lat="43.133182" lon="10.837883"><ele>280.9</ele></trkpt>
<trkpt lat="43.133117" lon="10.837818"><ele>281.6</ele></trkpt>
<trkpt lat="43.133053" lon="10.837798"><ele>282.4</ele></trkpt>
<trkpt lat="43.132839" lon="10.837798"><ele>284.3</ele></trkpt>
<trkpt lat="43.132796" lon="10.837775"><ele>284.3</ele></trkpt>
<trkpt lat="43.132624" lon="10.837603"><ele>284.3</ele></trkpt>
<trkpt lat="43.13256" lon="10.837583"><ele>284.1</ele></trkpt>
<trkpt lat="43.132474" lon="10.837603"><ele>283.9</ele></trkpt>
<trkpt lat="43.132366" lon="10.837646"><ele>283.6</ele></trkpt>
<trkpt lat="43.131979" lon="10.837904"><ele>282.5</ele></trkpt>
<trkpt lat="43.131808" lon="10.837947"><ele>281.3</ele></trkpt>
<trkpt lat="43.131679" lon="10.837926"><ele>280.5</ele></trkpt>
<trkpt lat="43.129963" lon="10.837047"><ele>276.3</ele></trkpt>
<trkpt lat="43.129362" lon="10.836575"><ele>276.5</ele></trkpt>
<trkpt lat="43.129061" lon="10.83636"><ele>277.5</ele></trkpt>
<trkpt lat="43.128804" lon="10.836231"><ele>279.6</ele></trkpt>
<trkpt lat="43.128697" lon="10.836145"><ele>280.9</ele></trkpt>
<trkpt lat="43.128333" lon="10.835738"><ele>282.4</ele></trkpt>
<trkpt lat="43.128224" lon="10.835609"><ele>281.8</ele></trkpt>
<trkpt lat="43.128032" lon="10.835437"><ele>281.7</ele></trkpt>
<trkpt lat="43.127903" lon="10.835351"><ele>281.9</ele></trkpt>
<trkpt lat="43.127752" lon="10.835286"><ele>282.2</ele></trkpt>
<trkpt lat="43.127431" lon="10.834986"><ele>281.2</ele></trkpt>
<trkpt lat="43.126958" lon="10.834492"><ele>276.6</ele></trkpt>
<trkpt lat="43.126272" lon="10.83357"><ele>267.0</ele></trkpt>
<trkpt lat="43.125521" lon="10.832754"><ele>257.8</ele></trkpt>
<trkpt lat="43.125414" lon="10.832605"><ele>256.3</ele></trkpt>
<trkpt lat="43.125114" lon="10.83211"><ele>256.2</ele></trkpt>
<trkpt lat="43.124963" lon="10.831917"><ele>256.8</ele></trkpt>
<trkpt lat="43.124642" lon="10.831596"><ele>258.8</ele></trkpt>
<trkpt lat="43.124576" lon="10.831511"><ele>259.5</ele></trkpt>
<trkpt lat="43.124556" lon="10.831425"><ele>260.2</ele></trkpt>
<trkpt lat="43.124492" lon="10.830953"><ele>264.0</ele></trkpt>
<trkpt lat="43.124449" lon="10.83076"><ele>265.1</ele></trkpt>
<trkpt lat="43.12434" lon="10.830545"><ele>266.6</ele></trkpt>
<trkpt lat="43.124255" lon="10.830416"><ele>267.7</ele></trkpt>
<trkpt lat="43.124191" lon="10.830287"><ele>268.7</ele></trkpt>
<trkpt lat="43.124169" lon="10.83003"><ele>269.8</ele></trkpt>
<trkpt lat="43.124169" lon="10.829558"><ele>271.5</ele></trkpt>
<trkpt lat="43.124191" lon="10.829343"><ele>272.0</ele></trkpt>
<trkpt lat="43.124277" lon="10.829171"><ele>271.8</ele></trkpt>
<trkpt lat="43.124771" lon="10.828613"><ele>269.9</ele></trkpt>
<trkpt lat="43.124856" lon="10.828355"><ele>270.3</ele></trkpt>
<trkpt lat="43.124877" lon="10.827776"><ele>273.5</ele></trkpt>
<trkpt lat="43.125177" lon="10.825846"><ele>266.8</ele></trkpt>
<trkpt lat="43.1252" lon="10.825545"><ele>265.0</ele></trkpt>
<trkpt lat="43.1252" lon="10.825158"><ele>263.4</ele></trkpt>
<trkpt lat="43.12518" lon="10.824569"><ele>262.0</ele></trkpt>
<trkpt lat="43.125157" lon="10.823786"><ele>261.2</ele></trkpt>
<trkpt lat="43.125157" lon="10.823592"><ele>261.1</ele></trkpt>
<trkpt lat="43.125177" lon="10.823485"><ele>260.8</ele></trkpt>
<trkpt lat="43.12522" lon="10.823377"><ele>260.3</ele></trkpt>
<trkpt lat="43.125414" lon="10.823099"><ele>258.9</ele></trkpt>
<trkpt lat="43.125478" lon="10.822948"><ele>259.0</ele></trkpt>
<trkpt lat="43.125715" lon="10.822111"><ele>260.1</ele></trkpt>
<trkpt lat="43.125758" lon="10.821876"><ele>260.4</ele></trkpt>
<trkpt lat="43.125844" lon="10.819665"><ele>267.0</ele></trkpt>
<trkpt lat="43.125822" lon="10.818657"><ele>269.3</ele></trkpt>
<trkpt lat="43.125692" lon="10.817498"><ele>276.3</ele></trkpt>
<trkpt lat="43.125735" lon="10.817027"><ele>279.5</ele></trkpt>
<trkpt lat="43.125564" lon="10.815632"><ele>286.9</ele></trkpt>
<trkpt lat="43.125564" lon="10.814902"><ele>287.4</ele></trkpt>
<trkpt lat="43.125735" lon="10.813871"><ele>288.7</ele></trkpt>
<trkpt lat="43.125735" lon="10.813593"><ele>289.2</ele></trkpt>
<trkpt lat="43.125606" lon="10.812842"><ele>291.6</ele></trkpt>
<trkpt lat="43.125478" lon="10.812176"><ele>292.1</ele></trkpt>
<trkpt lat="43.125392" lon="10.811919"><ele>292.3</ele></trkpt>
<trkpt lat="43.125114" lon="10.811405"><ele>292.5</ele></trkpt>
<trkpt lat="43.125071" lon="10.811276"><ele>292.2</ele></trkpt>
<trkpt lat="43.125049" lon="10.811168"><ele>291.9</ele></trkpt>
<trkpt lat="43.125049" lon="10.811082"><ele>291.5</ele></trkpt>
<trkpt lat="43.125114" lon="10.810675"><ele>289.3</ele></trkpt>
<trkpt lat="43.125091" lon="10.810524"><ele>289.1</ele></trkpt>
<trkpt lat="43.124963" lon="10.809838"><ele>287.6</ele></trkpt>
<trkpt lat="43.124877" lon="10.809538"><ele>286.8</ele></trkpt>
<trkpt lat="43.124877" lon="10.809065"><ele>284.9</ele></trkpt>
<trkpt lat="43.124814" lon="10.808315"><ele>284.8</ele></trkpt>
<trkpt lat="43.124899" lon="10.807263"><ele>282.8</ele></trkpt>
<trkpt lat="43.125028" lon="10.806448"><ele>277.8</ele></trkpt>
<trkpt lat="43.125091" lon="10.806189"><ele>276.2</ele></trkpt>
<trkpt lat="43.125306" lon="10.805525"><ele>273.9</ele></trkpt>
<trkpt lat="43.125414" lon="10.804989"><ele>272.7</ele></trkpt>
<trkpt lat="43.125457" lon="10.804259"><ele>272.8</ele></trkpt>
<trkpt lat="43.1255" lon="10.804002"><ele>272.7</ele></trkpt>
<trkpt lat="43.125692" lon="10.803594"><ele>274.0</ele></trkpt>
<trkpt lat="43.125758" lon="10.803337"><ele>275.0</ele></trkpt>
<trkpt lat="43.125822" lon="10.802799"><ele>276.0</ele></trkpt>
<trkpt lat="43.125865" lon="10.80265"><ele>276.9</ele></trkpt>
<trkpt lat="43.125928" lon="10.802521"><ele>277.5</ele></trkpt>
<trkpt lat="43.126037" lon="10.802327"><ele>277.5</ele></trkpt>
<trkpt lat="43.126186" lon="10.802114"><ele>277.9</ele></trkpt>
<trkpt lat="43.126294" lon="10.801985"><ele>276.5</ele></trkpt>
<trkpt lat="43.126443" lon="10.801727"><ele>272.9</ele></trkpt>
<trkpt lat="43.126529" lon="10.80147"><ele>269.7</ele></trkpt>
<trkpt lat="43.126572" lon="10.801147"><ele>266.2</ele></trkpt>
<trkpt lat="43.126572" lon="10.800805"><ele>263.5</ele></trkpt>
<trkpt lat="43.126486" lon="10.80029"><ele>262.3</ele></trkpt>
<trkpt lat="43.126272" lon="10.799387"><ele>261.0</ele></trkpt>
<trkpt lat="43.126186" lon="10.798981"><ele>259.6</ele></trkpt>
<trkpt lat="43.126037" lon="10.798466"><ele>256.3</ele></trkpt>
<trkpt lat="43.125994" lon="10.798078"><ele>254.7</ele></trkpt>
<trkpt lat="43.125928" lon="10.797735"><ele>253.6</ele></trkpt>
<trkpt lat="43.125865" lon="10.797543"><ele>253.2</ele></trkpt>
<trkpt lat="43.125521" lon="10.797134"><ele>253.7</ele></trkpt>
<trkpt lat="43.125349" lon="10.796835"><ele>254.4</ele></trkpt>
<trkpt lat="43.125091" lon="10.796062"><ele>253.6</ele></trkpt>
<trkpt lat="43.125028" lon="10.795762"><ele>253.5</ele></trkpt>
<trkpt lat="43.125049" lon="10.795269"><ele>253.1</ele></trkpt>
<trkpt lat="43.125177" lon="10.794431"><ele>253.5</ele></trkpt>
<trkpt lat="43.12522" lon="10.794003"><ele>252.7</ele></trkpt>
<trkpt lat="43.12522" lon="10.793745"><ele>251.4</ele></trkpt>
<trkpt lat="43.124856" lon="10.791664"><ele>241.8</ele></trkpt>
<trkpt lat="43.124728" lon="10.790976"><ele>241.2</ele></trkpt>
<trkpt lat="43.124449" lon="10.789046"><ele>235.3</ele></trkpt>
<trkpt lat="43.124427" lon="10.788595"><ele>233.5</ele></trkpt>
<trkpt lat="43.12447" lon="10.788338"><ele>232.6</ele></trkpt>
<trkpt lat="43.125908" lon="10.784646"><ele>222.0</ele></trkpt>
<trkpt lat="43.125951" lon="10.784497"><ele>221.6</ele></trkpt>
<trkpt lat="43.126272" lon="10.781256"><ele>210.0</ele></trkpt>
<trkpt lat="43.126294" lon="10.780978"><ele>208.9</ele></trkpt>
<trkpt lat="43.126251" lon="10.780699"><ele>207.1</ele></trkpt>
<trkpt lat="43.125994" lon="10.779732"><ele>198.5</ele></trkpt>
<trkpt lat="43.125951" lon="10.779347"><ele>196.1</ele></trkpt>
<trkpt lat="43.125951" lon="10.779132"><ele>194.1</ele></trkpt>
<trkpt lat="43.126037" lon="10.778638"><ele>189.3</ele></trkpt>
<trkpt lat="43.1261" lon="10.778509"><ele>188.5</ele></trkpt>
<trkpt lat="43.126143" lon="10.778446"><ele>188.2</ele></trkpt>
<trkpt lat="43.126509" lon="10.778102"><ele>185.6</ele></trkpt>
<trkpt lat="43.126529" lon="10.778016"><ele>184.2</ele></trkpt>
<trkpt lat="43.126509" lon="10.777952"><ele>183.1</ele></trkpt>
<trkpt lat="43.126443" lon="10.777887"><ele>182.0</ele></trkpt>
<trkpt lat="43.126229" lon="10.777715"><ele>179.5</ele></trkpt>
<trkpt lat="43.126057" lon="10.777543"><ele>175.7</ele></trkpt>
<trkpt lat="43.125951" lon="10.777308"><ele>171.6</ele></trkpt>
<trkpt lat="43.125885" lon="10.777008"><ele>167.2</ele></trkpt>
<trkpt lat="43.125885" lon="10.776492"><ele>160.7</ele></trkpt>
<trkpt lat="43.125865" lon="10.776277"><ele>158.2</ele></trkpt>
<trkpt lat="43.125715" lon="10.775742"><ele>153.5</ele></trkpt>
<trkpt lat="43.125672" lon="10.775527"><ele>152.2</ele></trkpt>
<trkpt lat="43.125672" lon="10.775226"><ele>149.9</ele></trkpt>
<trkpt lat="43.125758" lon="10.775054"><ele>148.0</ele></trkpt>
<trkpt lat="43.125885" lon="10.774883"><ele>146.4</ele></trkpt>
<trkpt lat="43.126122" lon="10.774433"><ele>144.2</ele></trkpt>
<trkpt lat="43.126294" lon="10.774196"><ele>143.0</ele></trkpt>
<trkpt lat="43.126357" lon="10.774067"><ele>142.0</ele></trkpt>
<trkpt lat="43.12638" lon="10.774004"><ele>141.5</ele></trkpt>
<trkpt lat="43.126357" lon="10.773811"><ele>140.7</ele></trkpt>
<trkpt lat="43.126229" lon="10.772844"><ele>134.0</ele></trkpt>
<trkpt lat="43.126251" lon="10.77203"><ele>125.8</ele></trkpt>
<trkpt lat="43.126337" lon="10.771858"><ele>124.0</ele></trkpt>
<trkpt lat="43.126552" lon="10.771578"><ele>121.0</ele></trkpt>
<trkpt lat="43.126787" lon="10.771472"><ele>119.7</ele></trkpt>
<trkpt lat="43.126895" lon="10.771449"><ele>119.4</ele></trkpt>
<trkpt lat="43.127366" lon="10.771687"><ele>119.5</ele></trkpt>
<trkpt lat="43.127623" lon="10.771772"><ele>117.8</ele></trkpt>
<trkpt lat="43.127709" lon="10.77175"><ele>116.7</ele></trkpt>
<trkpt lat="43.127795" lon="10.771707"><ele>115.3</ele></trkpt>
<trkpt lat="43.127795" lon="10.771707"><ele>115.3</ele></trkpt>
<trkpt lat="43.127749" lon="10.771708"><ele>116.0</ele></trkpt>
<trkpt lat="43.126498" lon="10.77042"><ele>109.5</ele></trkpt>
<trkpt lat="43.122639" lon="10.76688"><ele>96.7</ele></trkpt>
<trkpt lat="43.12238" lon="10.766598"><ele>97.4</ele></trkpt>
<trkpt lat="43.122288" lon="10.766468"><ele>97.9</ele></trkpt>
<trkpt lat="43.12198" lon="10.766109"><ele>99.7</ele></trkpt>
<trkpt lat="43.12195" lon="10.765768"><ele>101.1</ele></trkpt>
<trkpt lat="43.12202" lon="10.765508"><ele>102.7</ele></trkpt>
<trkpt lat="43.12222" lon="10.76514"><ele>104.1</ele></trkpt>
<trkpt lat="43.12316" lon="10.76399"><ele>106.7</ele></trkpt>
<trkpt lat="43.123828" lon="10.76293"><ele>110.0</ele></trkpt>
<trkpt lat="43.12422" lon="10.761998"><ele>112.7</ele></trkpt>
<trkpt lat="43.124388" lon="10.76103"><ele>115.1</ele></trkpt>
<trkpt lat="43.124358" lon="10.76018"><ele>119.3</ele></trkpt>
<trkpt lat="43.12418" lon="10.759278"><ele>124.7</ele></trkpt>
<trkpt lat="43.123638" lon="10.75834"><ele>127.5</ele></trkpt>
<trkpt lat="43.123118" lon="10.757888"><ele>131.8</ele></trkpt>
<trkpt lat="43.122039" lon="10.75729"><ele>143.6</ele></trkpt>
<trkpt lat="43.121137" lon="10.756329"><ele>148.8</ele></trkpt>
<trkpt lat="43.120669" lon="10.75548"><ele>146.3</ele></trkpt>
<trkpt lat="43.12025" lon="10.75407"><ele>132.8</ele></trkpt>
<trkpt lat="43.120109" lon="10.75315"><ele>132.2</ele></trkpt>
<trkpt lat="43.11998" lon="10.751988"><ele>129.8</ele></trkpt>
<trkpt lat="43.119988" lon="10.75089"><ele>129.3</ele></trkpt>
<trkpt lat="43.120088" lon="10.749658"><ele>128.6</ele></trkpt>
<trkpt lat="43.120548" lon="10.747328"><ele>111.5</ele></trkpt>
<trkpt lat="43.120678" lon="10.746798"><ele>108.9</ele></trkpt>
<trkpt lat="43.12126" lon="10.744719"><ele>100.8</ele></trkpt>
<trkpt lat="43.12139" lon="10.74419"><ele>98.6</ele></trkpt>
<trkpt lat="43.121468" lon="10.74376"><ele>97.3</ele></trkpt>
<trkpt lat="43.12156" lon="10.74307"><ele>96.5</ele></trkpt>
<trkpt lat="43.121438" lon="10.742628"><ele>97.0</ele></trkpt>
<trkpt lat="43.121178" lon="10.742419"><ele>96.9</ele></trkpt>
<trkpt lat="43.12017" lon="10.74183"><ele>94.1</ele></trkpt>
<trkpt lat="43.11807" lon="10.739808"><ele>86.0</ele></trkpt>
<trkpt lat="43.115918" lon="10.737819"><ele>80.5</ele></trkpt>
<trkpt lat="43.11565" lon="10.73746"><ele>79.9</ele></trkpt>
<trkpt lat="43.11516" lon="10.736558"><ele>81.1</ele></trkpt>
<trkpt lat="43.114178" lon="10.734288"><ele>77.7</ele></trkpt>
<trkpt lat="43.11315" lon="10.732039"><ele>83.6</ele></trkpt>
<trkpt lat="43.112578" lon="10.731078"><ele>84.3</ele></trkpt>
<trkpt lat="43.112248" lon="10.73028"><ele>81.7</ele></trkpt>
<trkpt lat="43.111068" lon="10.729189"><ele>81.3</ele></trkpt>
<trkpt lat="43.11033" lon="10.728748"><ele>82.2</ele></trkpt>
<trkpt lat="43.108759" lon="10.727279"><ele>73.3</ele></trkpt>
<trkpt lat="43.107978" lon="10.726968"><ele>72.7</ele></trkpt>
<trkpt lat="43.10681" lon="10.726608"><ele>71.6</ele></trkpt>
<trkpt lat="43.105659" lon="10.72634"><ele>69.7</ele></trkpt>
<trkpt lat="43.10383" lon="10.72594"><ele>67.0</ele></trkpt>
<trkpt lat="43.10363" lon="10.72591"><ele>67.4</ele></trkpt>
<trkpt lat="43.102398" lon="10.725958"><ele>68.1</ele></trkpt>
<trkpt lat="43.10038" lon="10.72601"><ele>72.0</ele></trkpt>
<trkpt lat="43.099248" lon="10.72598"><ele>69.7</ele></trkpt>
<trkpt lat="43.098858" lon="10.726048"><ele>67.3</ele></trkpt>
<trkpt lat="43.098498" lon="10.72618"><ele>65.1</ele></trkpt>
<trkpt lat="43.097568" lon="10.726608"><ele>61.3</ele></trkpt>
<trkpt lat="43.094228" lon="10.72815"><ele>59.2</ele></trkpt>
<trkpt lat="43.09376" lon="10.728329"><ele>61.4</ele></trkpt>
<trkpt lat="43.08805" lon="10.72988"><ele>55.9</ele></trkpt>
<trkpt lat="43.087858" lon="10.72991"><ele>55.9</ele></trkpt>
<trkpt lat="43.08768" lon="10.72991"><ele>55.9</ele></trkpt>
<trkpt lat="43.087309" lon="10.729858"><ele>55.8</ele></trkpt>
<trkpt lat="43.0861" lon="10.72959"><ele>56.2</ele></trkpt>
<trkpt lat="43.083887" lon="10.729149"><ele>52.6</ele></trkpt>
<trkpt lat="43.083728" lon="10.729068"><ele>52.3</ele></trkpt>
<trkpt lat="43.08357" lon="10.72896"><ele>52.0</ele></trkpt>
<trkpt lat="43.08329" lon="10.72866"><ele>51.3</ele></trkpt>
<trkpt lat="43.078138" lon="10.722248"><ele>46.9</ele></trkpt>
<trkpt lat="43.077678" lon="10.721699"><ele>46.2</ele></trkpt>
<trkpt lat="43.075689" lon="10.719188"><ele>46.8</ele></trkpt>
<trkpt lat="43.075689" lon="10.719198"><ele>46.8</ele></trkpt>
<trkpt lat="43.07492" lon="10.71827"><ele>46.7</ele></trkpt>
<trkpt lat="43.071938" lon="10.71452"><ele>44.6</ele></trkpt>
<trkpt lat="43.071849" lon="10.714359"><ele>44.8</ele></trkpt>
<trkpt lat="43.07173" lon="10.71429"><ele>44.9</ele></trkpt>
<trkpt lat="43.071599" lon="10.714279"><ele>44.9</ele></trkpt>
<trkpt lat="43.071538" lon="10.71433"><ele>44.9</ele></trkpt>
<trkpt lat="43.071378" lon="10.714668"><ele>44.5</ele></trkpt>
<trkpt lat="43.06855" lon="10.72076"><ele>43.5</ele></trkpt>
<trkpt lat="43.068028" lon="10.72181"><ele>45.3</ele></trkpt>
<trkpt lat="43.06769" lon="10.72233"><ele>46.0</ele></trkpt>
<trkpt lat="43.067578" lon="10.722408"><ele>46.0</ele></trkpt>
<trkpt lat="43.066978" lon="10.72289"><ele>45.9</ele></trkpt>
<trkpt lat="43.06664" lon="10.72312"><ele>45.2</ele></trkpt>
<trkpt lat="43.06614" lon="10.723358"><ele>45.0</ele></trkpt>
<trkpt lat="43.064658" lon="10.72362"><ele>44.3</ele></trkpt>
<trkpt lat="43.06198" lon="10.724"><ele>44.6</ele></trkpt>
<trkpt lat="43.061038" lon="10.72381"><ele>45.2</ele></trkpt>
<trkpt lat="43.05932" lon="10.72325"><ele>44.1</ele></trkpt>
<trkpt lat="43.05781" lon="10.72272"><ele>47.9</ele></trkpt>
<trkpt lat="43.05633" lon="10.722248"><ele>54.9</ele></trkpt>
<trkpt lat="43.05578" lon="10.722088"><ele>52.8</ele></trkpt>
<trkpt lat="43.055558" lon="10.721978"><ele>51.5</ele></trkpt>
<trkpt lat="43.055268" lon="10.72191"><ele>49.8</ele></trkpt>
<trkpt lat="43.05506" lon="10.721888"><ele>48.6</ele></trkpt>
<trkpt lat="43.05473" lon="10.722007"><ele>48.3</ele></trkpt>
<trkpt lat="43.05355" lon="10.722538"><ele>49.6</ele></trkpt>
<trkpt lat="43.052798" lon="10.723037"><ele>49.2</ele></trkpt>
<trkpt lat="43.0522" lon="10.72362"><ele>48.0</ele></trkpt>
<trkpt lat="43.05101" lon="10.72467"><ele>43.1</ele></trkpt>
<trkpt lat="43.05023" lon="10.725458"><ele>40.5</ele></trkpt>
<trkpt lat="43.04987" lon="10.72601"><ele>40.0</ele></trkpt>
<trkpt lat="43.04902" lon="10.728128"><ele>46.5</ele></trkpt>
<trkpt lat="43.048609" lon="10.72889"><ele>50.1</ele></trkpt>
<trkpt lat="43.048078" lon="10.72956"><ele>54.6</ele></trkpt>
<trkpt lat="43.047199" lon="10.73005"><ele>49.9</ele></trkpt>
<trkpt lat="43.04662" lon="10.730448"><ele>49.6</ele></trkpt>
<trkpt lat="43.0458" lon="10.731898"><ele>46.3</ele></trkpt>
<trkpt lat="43.04554" lon="10.732328"><ele>47.3</ele></trkpt>
<trkpt lat="43.04546" lon="10.73274"><ele>49.3</ele></trkpt>
<trkpt lat="43.045348" lon="10.73349"><ele>53.0</ele></trkpt>
<trkpt lat="43.045048" lon="10.73471"><ele>49.2</ele></trkpt>
<trkpt lat="43.04439" lon="10.73677"><ele>50.8</ele></trkpt>
<trkpt lat="43.043529" lon="10.73924"><ele>53.3</ele></trkpt>
<trkpt lat="43.04271" lon="10.740398"><ele>57.8</ele></trkpt>
<trkpt lat="43.042109" lon="10.74098"><ele>58.9</ele></trkpt>
<trkpt lat="43.04124" lon="10.741348"><ele>60.2</ele></trkpt>
<trkpt lat="43.040888" lon="10.741529"><ele>60.7</ele></trkpt>
<trkpt lat="43.040718" lon="10.7416"><ele>60.7</ele></trkpt>
<trkpt lat="43.040239" lon="10.741948"><ele>61.2</ele></trkpt>
<trkpt lat="43.040239" lon="10.741948"><ele>61.2</ele></trkpt>
<trkpt lat="43.04012" lon="10.742049"><ele>61.2</ele></trkpt>
<trkpt lat="43.039798" lon="10.742658"><ele>62.4</ele></trkpt>
<trkpt lat="43.03953" lon="10.743967"><ele>63.7</ele></trkpt>
<trkpt lat="43.039208" lon="10.744579"><ele>61.9</ele></trkpt>
<trkpt lat="43.03893" lon="10.74505"><ele>62.2</ele></trkpt>
<trkpt lat="43.0386" lon="10.74541"><ele>64.2</ele></trkpt>
<trkpt lat="43.03634" lon="10.747328"><ele>64.7</ele></trkpt>
<trkpt lat="43.035698" lon="10.747648"><ele>63.2</ele></trkpt>
<trkpt lat="43.034818" lon="10.74865"><ele>65.4</ele></trkpt>
<trkpt lat="43.034478" lon="10.748998"><ele>65.8</ele></trkpt>
<trkpt lat="43.034147" lon="10.74919"><ele>65.4</ele></trkpt>
<trkpt lat="43.033207" lon="10.749558"><ele>68.7</ele></trkpt>
<trkpt lat="43.03151" lon="10.750178"><ele>68.6</ele></trkpt>
<trkpt lat="43.03027" lon="10.750798"><ele>70.9</ele></trkpt>
<trkpt lat="43.02902" lon="10.751528"><ele>73.4</ele></trkpt>
<trkpt lat="43.026208" lon="10.753309"><ele>78.6</ele></trkpt>
<trkpt lat="43.025709" lon="10.753727"><ele>78.4</ele></trkpt>
<trkpt lat="43.025149" lon="10.75427"><ele>80.1</ele></trkpt>
<trkpt lat="43.024779" lon="10.75444"><ele>82.0</ele></trkpt>
<trkpt lat="43.023588" lon="10.75469"><ele>84.0</ele></trkpt>
<trkpt lat="43.02295" lon="10.754938"><ele>83.1</ele></trkpt>
<trkpt lat="43.020928" lon="10.75677"><ele>83.5</ele></trkpt>
<trkpt lat="43.019878" lon="10.75778"><ele>91.2</ele></trkpt>
<trkpt lat="43.01878" lon="10.7593"><ele>95.8</ele></trkpt>
<trkpt lat="43.01858" lon="10.75952"><ele>95.6</ele></trkpt>
<trkpt lat="43.01753" lon="10.76028"><ele>100.8</ele></trkpt>
<trkpt lat="43.017069" lon="10.760558"><ele>103.2</ele></trkpt>
<trkpt lat="43.016928" lon="10.76061"><ele>103.6</ele></trkpt>
<trkpt lat="43.01675" lon="10.760629"><ele>104.0</ele></trkpt>
<trkpt lat="43.014988" lon="10.760588"><ele>93.5</ele></trkpt>
<trkpt lat="43.01475" lon="10.760618"><ele>91.8</ele></trkpt>
<trkpt lat="43.014528" lon="10.760717"><ele>90.3</ele></trkpt>
<trkpt lat="43.01435" lon="10.760888"><ele>89.0</ele></trkpt>
<trkpt lat="43.01402" lon="10.76129"><ele>87.0</ele></trkpt>
<trkpt lat="43.01393" lon="10.76143"><ele>86.4</ele></trkpt>
<trkpt lat="43.01386" lon="10.761598"><ele>85.7</ele></trkpt>
<trkpt lat="43.01379" lon="10.761909"><ele>85.6</ele></trkpt>
<trkpt lat="43.01373" lon="10.762488"><ele>86.2</ele></trkpt>
<trkpt lat="43.013678" lon="10.76278"><ele>84.9</ele></trkpt>
<trkpt lat="43.013548" lon="10.7632"><ele>82.9</ele></trkpt>
<trkpt lat="43.012498" lon="10.7652"><ele>78.7</ele></trkpt>
<trkpt lat="43.010648" lon="10.768798"><ele>70.3</ele></trkpt>
<trkpt lat="43.010298" lon="10.769448"><ele>69.7</ele></trkpt>
<trkpt lat="43.01008" lon="10.770007"><ele>68.6</ele></trkpt>
<trkpt lat="43.00989" lon="10.770628"><ele>67.8</ele></trkpt>
<trkpt lat="43.009798" lon="10.77107"><ele>68.2</ele></trkpt>
<trkpt lat="43.009679" lon="10.771908"><ele>68.9</ele></trkpt>
<trkpt lat="43.00933" lon="10.7742"><ele>64.7</ele></trkpt>
<trkpt lat="43.009189" lon="10.774809"><ele>64.8</ele></trkpt>
<trkpt lat="43.00906" lon="10.775188"><ele>65.9</ele></trkpt>
<trkpt lat="43.00877" lon="10.77577"><ele>67.0</ele></trkpt>
<trkpt lat="43.00848" lon="10.776208"><ele>67.0</ele></trkpt>
<trkpt lat="43.00815" lon="10.776538"><ele>66.9</ele></trkpt>
<trkpt lat="43.00676" lon="10.777588"><ele>64.1</ele></trkpt>
<trkpt lat="43.0063" lon="10.777948"><ele>64.9</ele></trkpt>
<trkpt lat="43.005078" lon="10.778798"><ele>65.3</ele></trkpt>
<trkpt lat="43.00411" lon="10.77952"><ele>66.3</ele></trkpt>
<trkpt lat="43.003367" lon="10.780239"><ele>64.7</ele></trkpt>
<trkpt lat="43.003049" lon="10.780838"><ele>66.0</ele></trkpt>
<trkpt lat="43.002748" lon="10.781597"><ele>64.0</ele></trkpt>
<trkpt lat="43.00257" lon="10.782359"><ele>61.9</ele></trkpt>
<trkpt lat="43.002478" lon="10.782959"><ele>61.0</ele></trkpt>
<trkpt lat="43.002429" lon="10.78522"><ele>58.8</ele></trkpt>
<trkpt lat="43.00246" lon="10.79015"><ele>53.4</ele></trkpt>
<trkpt lat="43.002429" lon="10.79067"><ele>53.0</ele></trkpt>
<trkpt lat="43.002318" lon="10.791118"><ele>52.7</ele></trkpt>
<trkpt lat="43.002158" lon="10.79152"><ele>51.9</ele></trkpt>
<trkpt lat="43.00184" lon="10.79209"><ele>51.3</ele></trkpt>
<trkpt lat="43.00162" lon="10.792369"><ele>50.6</ele></trkpt>
<trkpt lat="43.001617" lon="10.792892"><ele>49.7</ele></trkpt>
<trkpt lat="43.001613" lon="10.792909"><ele>49.7</ele></trkpt>
<trkpt lat="43.002784" lon="10.79353"><ele>50.6</ele></trkpt>
<trkpt lat="43.002937" lon="10.793581"><ele>50.7</ele></trkpt>
<trkpt lat="43.00304" lon="10.793616"><ele>50.9</ele></trkpt>
<trkpt lat="43.004372" lon="10.79398"><ele>55.5</ele></trkpt>
<trkpt lat="43.005681" lon="10.794345"><ele>64.5</ele></trkpt>
<trkpt lat="43.006967" lon="10.794688"><ele>77.3</ele></trkpt>
<trkpt lat="43.007333" lon="10.794774"><ele>79.0</ele></trkpt>
<trkpt lat="43.00759" lon="10.794796"><ele>79.7</ele></trkpt>
<trkpt lat="43.007654" lon="10.794817"><ele>79.7</ele></trkpt>
<trkpt lat="43.007825" lon="10.79486"><ele>79.7</ele></trkpt>
<trkpt lat="43.008126" lon="10.794989"><ele>77.7</ele></trkpt>
<trkpt lat="43.008362" lon="10.795054"><ele>76.0</ele></trkpt>
<trkpt lat="43.008685" lon="10.795054"><ele>74.9</ele></trkpt>
<trkpt lat="43.008791" lon="10.795011"><ele>75.3</ele></trkpt>
<trkpt lat="43.009005" lon="10.794882"><ele>75.9</ele></trkpt>
<trkpt lat="43.009263" lon="10.794754"><ele>76.2</ele></trkpt>
<trkpt lat="43.009478" lon="10.794711"><ele>75.4</ele></trkpt>
<trkpt lat="43.009756" lon="10.794688"><ele>73.3</ele></trkpt>
<trkpt lat="43.009842" lon="10.794645"><ele>73.0</ele></trkpt>
<trkpt lat="43.010229" lon="10.79441"><ele>71.5</ele></trkpt>
<trkpt lat="43.011302" lon="10.793917"><ele>65.0</ele></trkpt>
<trkpt lat="43.011431" lon="10.793874"><ele>64.7</ele></trkpt>
<trkpt lat="43.01156" lon="10.793874"><ele>64.3</ele></trkpt>
<trkpt lat="43.011666" lon="10.793917"><ele>63.6</ele></trkpt>
<trkpt lat="43.011752" lon="10.794003"><ele>62.8</ele></trkpt>
<trkpt lat="43.01186" lon="10.794131"><ele>61.7</ele></trkpt>
<trkpt lat="43.012998" lon="10.795461"><ele>59.0</ele></trkpt>
<trkpt lat="43.01319" lon="10.795697"><ele>59.6</ele></trkpt>
<trkpt lat="43.013597" lon="10.796169"><ele>63.3</ele></trkpt>
<trkpt lat="43.013726" lon="10.796191"><ele>64.2</ele></trkpt>
<trkpt lat="43.013812" lon="10.796169"><ele>64.5</ele></trkpt>
<trkpt lat="43.014693" lon="10.795868"><ele>65.5</ele></trkpt>
<trkpt lat="43.014822" lon="10.795848"><ele>65.1</ele></trkpt>
<trkpt lat="43.014928" lon="10.795848"><ele>64.9</ele></trkpt>
<trkpt lat="43.015143" lon="10.795891"><ele>64.6</ele></trkpt>
<trkpt lat="43.015272" lon="10.795954"><ele>65.2</ele></trkpt>
<trkpt lat="43.01555" lon="10.796105"><ele>67.9</ele></trkpt>
<trkpt lat="43.017696" lon="10.797649"><ele>69.2</ele></trkpt>
<trkpt lat="43.017761" lon="10.797715"><ele>69.5</ele></trkpt>
<trkpt lat="43.017804" lon="10.797801"><ele>70.1</ele></trkpt>
<trkpt lat="43.017825" lon="10.797864"><ele>70.6</ele></trkpt>
<trkpt lat="43.017825" lon="10.798015"><ele>72.2</ele></trkpt>
<trkpt lat="43.017782" lon="10.798294"><ele>75.5</ele></trkpt>
<trkpt lat="43.017782" lon="10.798357"><ele>76.2</ele></trkpt>
<trkpt lat="43.017804" lon="10.798423"><ele>76.6</ele></trkpt>
<trkpt lat="43.01789" lon="10.798509"><ele>76.6</ele></trkpt>
<trkpt lat="43.017933" lon="10.798529"><ele>76.4</ele></trkpt>
<trkpt lat="43.017996" lon="10.798529"><ele>76.3</ele></trkpt>
<trkpt lat="43.018082" lon="10.798466"><ele>76.0</ele></trkpt>
<trkpt lat="43.018233" lon="10.79825"><ele>74.6</ele></trkpt>
<trkpt lat="43.018319" lon="10.798164"><ele>74.1</ele></trkpt>
<trkpt lat="43.018448" lon="10.798121"><ele>74.2</ele></trkpt>
<trkpt lat="43.018511" lon="10.798121"><ele>74.5</ele></trkpt>
<trkpt lat="43.018577" lon="10.798144"><ele>75.0</ele></trkpt>
<trkpt lat="43.018791" lon="10.79825"><ele>77.2</ele></trkpt>
<trkpt lat="43.019006" lon="10.798529"><ele>82.9</ele></trkpt>
<trkpt lat="43.019091" lon="10.798615"><ele>85.0</ele></trkpt>
<trkpt lat="43.019156" lon="10.798637"><ele>86.1</ele></trkpt>
<trkpt lat="43.019199" lon="10.798637"><ele>86.7</ele></trkpt>
<trkpt lat="43.019262" lon="10.798615"><ele>87.4</ele></trkpt>
<trkpt lat="43.019328" lon="10.798572"><ele>87.8</ele></trkpt>
<trkpt lat="43.019371" lon="10.798509"><ele>87.6</ele></trkpt>
<trkpt lat="43.019456" lon="10.798316"><ele>86.3</ele></trkpt>
<trkpt lat="43.019542" lon="10.798207"><ele>85.9</ele></trkpt>
<trkpt lat="43.019628" lon="10.798164"><ele>86.4</ele></trkpt>
<trkpt lat="43.019691" lon="10.798144"><ele>87.0</ele></trkpt>
<trkpt lat="43.020442" lon="10.798207"><ele>98.0</ele></trkpt>
<trkpt lat="43.020551" lon="10.798187"><ele>98.8</ele></trkpt>
<trkpt lat="43.020614" lon="10.798164"><ele>99.2</ele></trkpt>
<trkpt lat="43.020743" lon="10.798078"><ele>100.0</ele></trkpt>
<trkpt lat="43.020786" lon="10.798036"><ele>100.3</ele></trkpt>
<trkpt lat="43.020829" lon="10.79795"><ele>100.6</ele></trkpt>
<trkpt lat="43.020829" lon="10.797715"><ele>100.0</ele></trkpt>
<trkpt lat="43.020872" lon="10.797478"><ele>100.5</ele></trkpt>
<trkpt lat="43.020894" lon="10.797414"><ele>100.9</ele></trkpt>
<trkpt lat="43.021" lon="10.797286"><ele>103.0</ele></trkpt>
<trkpt lat="43.021043" lon="10.797243"><ele>103.9</ele></trkpt>
<trkpt lat="43.021086" lon="10.79722"><ele>104.8</ele></trkpt>
<trkpt lat="43.021129" lon="10.797243"><ele>105.6</ele></trkpt>
<trkpt lat="43.021172" lon="10.797286"><ele>106.4</ele></trkpt>
<trkpt lat="43.021194" lon="10.797349"><ele>106.7</ele></trkpt>
<trkpt lat="43.021152" lon="10.797521"><ele>105.6</ele></trkpt>
<trkpt lat="43.021152" lon="10.797821"><ele>104.9</ele></trkpt>
<trkpt lat="43.021172" lon="10.79795"><ele>104.8</ele></trkpt>
<trkpt lat="43.021172" lon="10.798101"><ele>104.4</ele></trkpt>
<trkpt lat="43.021129" lon="10.79825"><ele>103.6</ele></trkpt>
<trkpt lat="43.020957" lon="10.798594"><ele>102.7</ele></trkpt>
<trkpt lat="43.020914" lon="10.798723"><ele>102.9</ele></trkpt>
<trkpt lat="43.020914" lon="10.798787"><ele>103.0</ele></trkpt>
<trkpt lat="43.020914" lon="10.798829"><ele>103.1</ele></trkpt>
<trkpt lat="43.020957" lon="10.798958"><ele>103.2</ele></trkpt>
<trkpt lat="43.021" lon="10.798981"><ele>103.1</ele></trkpt>
<trkpt lat="43.021043" lon="10.798981"><ele>102.9</ele></trkpt>
<trkpt lat="43.021129" lon="10.798895"><ele>102.7</ele></trkpt>
<trkpt lat="43.02128" lon="10.798658"><ele>103.1</ele></trkpt>
<trkpt lat="43.021366" lon="10.798552"><ele>102.8</ele></trkpt>
<trkpt lat="43.021472" lon="10.798443"><ele>102.5</ele></trkpt>
<trkpt lat="43.021581" lon="10.798357"><ele>102.4</ele></trkpt>
<trkpt lat="43.021708" lon="10.798273"><ele>102.4</ele></trkpt>
<trkpt lat="43.021837" lon="10.79823"><ele>102.3</ele></trkpt>
<trkpt lat="43.022117" lon="10.798144"><ele>102.3</ele></trkpt>
<trkpt lat="43.022246" lon="10.798078"><ele>101.9</ele></trkpt>
<trkpt lat="43.02246" lon="10.797886"><ele>102.5</ele></trkpt>
<trkpt lat="43.022933" lon="10.7975"><ele>102.6</ele></trkpt>
<trkpt lat="43.023532" lon="10.796942"><ele>102.8</ele></trkpt>
<trkpt lat="43.024241" lon="10.796169"><ele>100.7</ele></trkpt>
<trkpt lat="43.024498" lon="10.795782"><ele>99.2</ele></trkpt>
<trkpt lat="43.024755" lon="10.795504"><ele>98.5</ele></trkpt>
<trkpt lat="43.025336" lon="10.794774"><ele>98.6</ele></trkpt>
<trkpt lat="43.025399" lon="10.794711"><ele>98.6</ele></trkpt>
<trkpt lat="43.02555" lon="10.794645"><ele>98.6</ele></trkpt>
<trkpt lat="43.025722" lon="10.794645"><ele>98.7</ele></trkpt>
<trkpt lat="43.025872" lon="10.794711"><ele>98.6</ele></trkpt>
<trkpt lat="43.026001" lon="10.794839"><ele>98.3</ele></trkpt>
<trkpt lat="43.026087" lon="10.795011"><ele>97.9</ele></trkpt>
<trkpt lat="43.026107" lon="10.79516"><ele>97.9</ele></trkpt>
<trkpt lat="43.026087" lon="10.795311"><ele>98.3</ele></trkpt>
<trkpt lat="43.026064" lon="10.795526"><ele>98.7</ele></trkpt>
<trkpt lat="43.026021" lon="10.795697"><ele>98.9</ele></trkpt>
<trkpt lat="43.025743" lon="10.796449"><ele>100.7</ele></trkpt>
<trkpt lat="43.025636" lon="10.796812"><ele>101.7</ele></trkpt>
<trkpt lat="43.02525" lon="10.797864"><ele>105.0</ele></trkpt>
<trkpt lat="43.025164" lon="10.798187"><ele>105.5</ele></trkpt>
<trkpt lat="43.025164" lon="10.798529"><ele>107.2</ele></trkpt>
<trkpt lat="43.025207" lon="10.79868"><ele>108.5</ele></trkpt>
<trkpt lat="43.02525" lon="10.798809"><ele>109.6</ele></trkpt>
<trkpt lat="43.025399" lon="10.799044"><ele>112.7</ele></trkpt>
<trkpt lat="43.025442" lon="10.799109"><ele>113.5</ele></trkpt>
<trkpt lat="43.025465" lon="10.799152"><ele>113.9</ele></trkpt>
<trkpt lat="43.025465" lon="10.799344"><ele>114.7</ele></trkpt>
<trkpt lat="43.025442" lon="10.799496"><ele>115.3</ele></trkpt>
<trkpt lat="43.025293" lon="10.800333"><ele>117.2</ele></trkpt>
<trkpt lat="43.025293" lon="10.800633"><ele>117.6</ele></trkpt>
<trkpt lat="43.025313" lon="10.800762"><ele>118.1</ele></trkpt>
<trkpt lat="43.025356" lon="10.800868"><ele>118.8</ele></trkpt>
<trkpt lat="43.026021" lon="10.801727"><ele>119.3</ele></trkpt>
<trkpt lat="43.026365" lon="10.802199"><ele>116.7</ele></trkpt>
<trkpt lat="43.026451" lon="10.80237"><ele>115.3</ele></trkpt>
<trkpt lat="43.026516" lon="10.802456"><ele>114.6</ele></trkpt>
<trkpt lat="43.026622" lon="10.802564"><ele>113.8</ele></trkpt>
<trkpt lat="43.026688" lon="10.802607"><ele>113.6</ele></trkpt>
<trkpt lat="43.02688" lon="10.80267"><ele>113.8</ele></trkpt>
<trkpt lat="43.026988" lon="10.802693"><ele>114.1</ele></trkpt>
<trkpt lat="43.027224" lon="10.802713"><ele>114.5</ele></trkpt>
<trkpt lat="43.027502" lon="10.80267"><ele>115.0</ele></trkpt>
<trkpt lat="43.027868" lon="10.802521"><ele>116.9</ele></trkpt>
<trkpt lat="43.028189" lon="10.802521"><ele>118.1</ele></trkpt>
<trkpt lat="43.028254" lon="10.802542"><ele>118.3</ele></trkpt>
<trkpt lat="43.02834" lon="10.802627"><ele>118.1</ele></trkpt>
<trkpt lat="43.02836" lon="10.80267"><ele>118.0</ele></trkpt>
<trkpt lat="43.028383" lon="10.802736"><ele>117.8</ele></trkpt>
<trkpt lat="43.028403" lon="10.802822"><ele>117.6</ele></trkpt>
<trkpt lat="43.028254" lon="10.804045"><ele>111.7</ele></trkpt>
<trkpt lat="43.028254" lon="10.804237"><ele>111.4</ele></trkpt>
<trkpt lat="43.028274" lon="10.804451"><ele>111.0</ele></trkpt>
<trkpt lat="43.02834" lon="10.804774"><ele>110.8</ele></trkpt>
<trkpt lat="43.028403" lon="10.804946"><ele>110.8</ele></trkpt>
<trkpt lat="43.028469" lon="10.805075"><ele>111.0</ele></trkpt>
<trkpt lat="43.028619" lon="10.805354"><ele>112.1</ele></trkpt>
<trkpt lat="43.028833" lon="10.805654"><ele>113.2</ele></trkpt>
<trkpt lat="43.028897" lon="10.805783"><ele>113.6</ele></trkpt>
<trkpt lat="43.028897" lon="10.805954"><ele>113.4</ele></trkpt>
<trkpt lat="43.028854" lon="10.806061"><ele>113.6</ele></trkpt>
<trkpt lat="43.028833" lon="10.806104"><ele>113.7</ele></trkpt>
<trkpt lat="43.02879" lon="10.806147"><ele>113.4</ele></trkpt>
<trkpt lat="43.028533" lon="10.806318"><ele>114.2</ele></trkpt>
<trkpt lat="43.02834" lon="10.806384"><ele>114.6</ele></trkpt>
<trkpt lat="43.028232" lon="10.806361"><ele>114.4</ele></trkpt>
<trkpt lat="43.027739" lon="10.806147"><ele>112.7</ele></trkpt>
<trkpt lat="43.027653" lon="10.806126"><ele>112.7</ele></trkpt>
<trkpt lat="43.02761" lon="10.806126"><ele>112.8</ele></trkpt>
<trkpt lat="43.027502" lon="10.806169"><ele>113.6</ele></trkpt>
<trkpt lat="43.027459" lon="10.806212"><ele>114.2</ele></trkpt>
<trkpt lat="43.027373" lon="10.806405"><ele>117.0</ele></trkpt>
<trkpt lat="43.02731" lon="10.806468"><ele>118.1</ele></trkpt>
<trkpt lat="43.027202" lon="10.806491"><ele>118.9</ele></trkpt>
<trkpt lat="43.026473" lon="10.806147"><ele>117.7</ele></trkpt>
<trkpt lat="43.026408" lon="10.806147"><ele>118.0</ele></trkpt>
<trkpt lat="43.026365" lon="10.806169"><ele>118.7</ele></trkpt>
<trkpt lat="43.026344" lon="10.806212"><ele>119.7</ele></trkpt>
<trkpt lat="43.026344" lon="10.806298"><ele>121.4</ele></trkpt>
<trkpt lat="43.026387" lon="10.806341"><ele>121.9</ele></trkpt>
<trkpt lat="43.026708" lon="10.806448"><ele>121.7</ele></trkpt>
<trkpt lat="43.026794" lon="10.806511"><ele>122.1</ele></trkpt>
<trkpt lat="43.02688" lon="10.806597"><ele>122.8</ele></trkpt>
<trkpt lat="43.02716" lon="10.806963"><ele>125.7</ele></trkpt>
<trkpt lat="43.027524" lon="10.807327"><ele>127.8</ele></trkpt>
<trkpt lat="43.02761" lon="10.807435"><ele>128.4</ele></trkpt>
<trkpt lat="43.027653" lon="10.807564"><ele>129.6</ele></trkpt>
<trkpt lat="43.027717" lon="10.807863"><ele>130.6</ele></trkpt>
<trkpt lat="43.027717" lon="10.808143"><ele>132.1</ele></trkpt>
<trkpt lat="43.027631" lon="10.808401"><ele>133.7</ele></trkpt>
<trkpt lat="43.027524" lon="10.80855"><ele>134.3</ele></trkpt>
<trkpt lat="43.02733" lon="10.808744"><ele>134.1</ele></trkpt>
<trkpt lat="43.027224" lon="10.808916"><ele>133.2</ele></trkpt>
<trkpt lat="43.027202" lon="10.809065"><ele>132.6</ele></trkpt>
<trkpt lat="43.026988" lon="10.810696"><ele>135.0</ele></trkpt>
<trkpt lat="43.026988" lon="10.810933"><ele>135.7</ele></trkpt>
<trkpt lat="43.027031" lon="10.811039"><ele>135.3</ele></trkpt>
<trkpt lat="43.02733" lon="10.811339"><ele>137.5</ele></trkpt>
<trkpt lat="43.027396" lon="10.811448"><ele>137.9</ele></trkpt>
<trkpt lat="43.027545" lon="10.811726"><ele>138.8</ele></trkpt>
<trkpt lat="43.027631" lon="10.811834"><ele>139.2</ele></trkpt>
<trkpt lat="43.027825" lon="10.812027"><ele>140.3</ele></trkpt>
<trkpt lat="43.027868" lon="10.81209"><ele>140.3</ele></trkpt>
<trkpt lat="43.027954" lon="10.812327"><ele>139.0</ele></trkpt>
<trkpt lat="43.027997" lon="10.812499"><ele>137.9</ele></trkpt>
<trkpt lat="43.02806" lon="10.812671"><ele>136.5</ele></trkpt>
<trkpt lat="43.028168" lon="10.812799"><ele>136.2</ele></trkpt>
<trkpt lat="43.029005" lon="10.8137"><ele>134.6</ele></trkpt>
<trkpt lat="43.029177" lon="10.813851"><ele>135.0</ele></trkpt>
<trkpt lat="43.02922" lon="10.813914"><ele>134.7</ele></trkpt>
<trkpt lat="43.029326" lon="10.814108"><ele>133.3</ele></trkpt>
<trkpt lat="43.029563" lon="10.814579"><ele>131.7</ele></trkpt>
<trkpt lat="43.029778" lon="10.814794"><ele>131.3</ele></trkpt>
<trkpt lat="43.030163" lon="10.815094"><ele>131.3</ele></trkpt>
<trkpt lat="43.0316" lon="10.816317"><ele>138.7</ele></trkpt>
<trkpt lat="43.031709" lon="10.81636"><ele>138.3</ele></trkpt>
<trkpt lat="43.031772" lon="10.81636"><ele>138.1</ele></trkpt>
<trkpt lat="43.031858" lon="10.81634"><ele>138.0</ele></trkpt>
<trkpt lat="43.031987" lon="10.816254"><ele>138.3</ele></trkpt>
<trkpt lat="43.032095" lon="10.816125"><ele>139.1</ele></trkpt>
<trkpt lat="43.032158" lon="10.816017"><ele>139.7</ele></trkpt>
<trkpt lat="43.032287" lon="10.815888"><ele>140.1</ele></trkpt>
<trkpt lat="43.032352" lon="10.815867"><ele>139.9</ele></trkpt>
<trkpt lat="43.032502" lon="10.815824"><ele>139.5</ele></trkpt>
<trkpt lat="43.032823" lon="10.815804"><ele>138.1</ele></trkpt>
<trkpt lat="43.032932" lon="10.815781"><ele>137.9</ele></trkpt>
<trkpt lat="43.032995" lon="10.815761"><ele>137.7</ele></trkpt>
<trkpt lat="43.033361" lon="10.815524"><ele>138.7</ele></trkpt>
<trkpt lat="43.03351" lon="10.815524"><ele>137.7</ele></trkpt>
<trkpt lat="43.033553" lon="10.815566"><ele>136.7</ele></trkpt>
<trkpt lat="43.033576" lon="10.815632"><ele>135.4</ele></trkpt>
<trkpt lat="43.033576" lon="10.815761"><ele>133.2</ele></trkpt>
<trkpt lat="43.033553" lon="10.815804"><ele>132.6</ele></trkpt>
<trkpt lat="43.03351" lon="10.815845"><ele>132.3</ele></trkpt>
<trkpt lat="43.033318" lon="10.815954"><ele>132.3</ele></trkpt>
<trkpt lat="43.033167" lon="10.81606"><ele>132.2</ele></trkpt>
<trkpt lat="43.033038" lon="10.816168"><ele>131.8</ele></trkpt>
<trkpt lat="43.032909" lon="10.816383"><ele>130.0</ele></trkpt>
<trkpt lat="43.032781" lon="10.816704"><ele>127.2</ele></trkpt>
<trkpt lat="43.032717" lon="10.816875"><ele>126.1</ele></trkpt>
<trkpt lat="43.032695" lon="10.817027"><ele>124.8</ele></trkpt>
<trkpt lat="43.032674" lon="10.817692"><ele>118.1</ele></trkpt>
<trkpt lat="43.032588" lon="10.817863"><ele>116.7</ele></trkpt>
<trkpt lat="43.032502" lon="10.818013"><ele>115.4</ele></trkpt>
<trkpt lat="43.03231" lon="10.818227"><ele>113.6</ele></trkpt>
<trkpt lat="43.031944" lon="10.818464"><ele>111.8</ele></trkpt>
<trkpt lat="43.031837" lon="10.818592"><ele>110.7</ele></trkpt>
<trkpt lat="43.031815" lon="10.818657"><ele>110.1</ele></trkpt>
<trkpt lat="43.031815" lon="10.819001"><ele>106.5</ele></trkpt>
<trkpt lat="43.031623" lon="10.819301"><ele>104.5</ele></trkpt>
<trkpt lat="43.031494" lon="10.819644"><ele>103.0</ele></trkpt>
<trkpt lat="43.031451" lon="10.819923"><ele>101.4</ele></trkpt>
<trkpt lat="43.031429" lon="10.820181"><ele>100.4</ele></trkpt>
<trkpt lat="43.031429" lon="10.820459"><ele>100.1</ele></trkpt>
<trkpt lat="43.031451" lon="10.820825"><ele>99.8</ele></trkpt>
<trkpt lat="43.031451" lon="10.82151"><ele>104.6</ele></trkpt>
<trkpt lat="43.031408" lon="10.821876"><ele>108.0</ele></trkpt>
<trkpt lat="43.031386" lon="10.822005"><ele>109.7</ele></trkpt>
<trkpt lat="43.031322" lon="10.822176"><ele>111.8</ele></trkpt>
<trkpt lat="43.031064" lon="10.822627"><ele>117.1</ele></trkpt>
<trkpt lat="43.031001" lon="10.822713"><ele>118.0</ele></trkpt>
<trkpt lat="43.030764" lon="10.82297"><ele>120.8</ele></trkpt>
<trkpt lat="43.030291" lon="10.823334"><ele>125.2</ele></trkpt>
<trkpt lat="43.029819" lon="10.823657"><ele>129.3</ele></trkpt>
<trkpt lat="43.029583" lon="10.823849"><ele>131.3</ele></trkpt>
<trkpt lat="43.029498" lon="10.824042"><ele>133.4</ele></trkpt>
<trkpt lat="43.029134" lon="10.825072"><ele>139.7</ele></trkpt>
<trkpt lat="43.029048" lon="10.82533"><ele>140.2</ele></trkpt>
<trkpt lat="43.029005" lon="10.825502"><ele>140.5</ele></trkpt>
<trkpt lat="43.028962" lon="10.825889"><ele>141.1</ele></trkpt>
<trkpt lat="43.028595" lon="10.829864"><ele>147.3</ele></trkpt>
<trkpt lat="43.028469" lon="10.831253"><ele>148.7</ele></trkpt>
<trkpt lat="43.028426" lon="10.832819"><ele>150.0</ele></trkpt>
<trkpt lat="43.02836" lon="10.834621"><ele>151.0</ele></trkpt>
<trkpt lat="43.027974" lon="10.834643"><ele>151.9</ele></trkpt>
<trkpt lat="43.02731" lon="10.834729"><ele>151.2</ele></trkpt>
<trkpt lat="43.027202" lon="10.83475"><ele>151.1</ele></trkpt>
<trkpt lat="43.026773" lon="10.8349"><ele>151.2</ele></trkpt>
<trkpt lat="43.026645" lon="10.834965"><ele>151.4</ele></trkpt>
<trkpt lat="43.026365" lon="10.8352"><ele>152.0</ele></trkpt>
<trkpt lat="43.025893" lon="10.835566"><ele>152.6</ele></trkpt>
<trkpt lat="43.025571" lon="10.835738"><ele>152.8</ele></trkpt>
<trkpt lat="43.025293" lon="10.835781"><ele>152.4</ele></trkpt>
<trkpt lat="43.025056" lon="10.835801"><ele>151.9</ele></trkpt>
<trkpt lat="43.024884" lon="10.835866"><ele>151.6</ele></trkpt>
<trkpt lat="43.024735" lon="10.835887"><ele>151.2</ele></trkpt>
<trkpt lat="43.024606" lon="10.835866"><ele>150.9</ele></trkpt>
<trkpt lat="43.024348" lon="10.835781"><ele>151.4</ele></trkpt>
<trkpt lat="43.024241" lon="10.835715"><ele>151.4</ele></trkpt>
<trkpt lat="43.02409" lon="10.835586"><ele>151.4</ele></trkpt>
<trkpt lat="43.023833" lon="10.835351"><ele>150.9</ele></trkpt>
<trkpt lat="43.023769" lon="10.835309"><ele>150.9</ele></trkpt>
<trkpt lat="43.023684" lon="10.835266"><ele>151.1</ele></trkpt>
<trkpt lat="43.023575" lon="10.835223"><ele>151.3</ele></trkpt>
<trkpt lat="43.023103" lon="10.835137"><ele>152.2</ele></trkpt>
<trkpt lat="43.022781" lon="10.835094"><ele>153.7</ele></trkpt>
<trkpt lat="43.022695" lon="10.835094"><ele>154.4</ele></trkpt>
<trkpt lat="43.02261" lon="10.835114"><ele>155.4</ele></trkpt>
<trkpt lat="43.02246" lon="10.83518"><ele>157.4</ele></trkpt>
<trkpt lat="43.022395" lon="10.8352"><ele>158.3</ele></trkpt>
<trkpt lat="43.022352" lon="10.8352"><ele>158.7</ele></trkpt>
<trkpt lat="43.022266" lon="10.83518"><ele>159.2</ele></trkpt>
<trkpt lat="43.022203" lon="10.835157"><ele>159.5</ele></trkpt>
<trkpt lat="43.021687" lon="10.834857"><ele>162.8</ele></trkpt>
<trkpt lat="43.021429" lon="10.83475"><ele>165.4</ele></trkpt>
<trkpt lat="43.021366" lon="10.834707"><ele>165.9</ele></trkpt>
<trkpt lat="43.021172" lon="10.834535"><ele>165.7</ele></trkpt>
<trkpt lat="43.021086" lon="10.834472"><ele>165.4</ele></trkpt>
<trkpt lat="43.021" lon="10.834449"><ele>165.5</ele></trkpt>
<trkpt lat="43.020914" lon="10.834429"><ele>165.5</ele></trkpt>
<trkpt lat="43.020786" lon="10.834472"><ele>166.1</ele></trkpt>
<trkpt lat="43.0207" lon="10.834515"><ele>166.5</ele></trkpt>
<trkpt lat="43.020614" lon="10.834578"><ele>166.9</ele></trkpt>
<trkpt lat="43.020336" lon="10.834814"><ele>167.3</ele></trkpt>
<trkpt lat="43.019542" lon="10.835243"><ele>163.1</ele></trkpt>
<trkpt lat="43.019305" lon="10.835329"><ele>161.3</ele></trkpt>
<trkpt lat="43.019199" lon="10.835351"><ele>160.5</ele></trkpt>
<trkpt lat="43.019006" lon="10.835372"><ele>159.2</ele></trkpt>
<trkpt lat="43.018791" lon="10.835372"><ele>157.7</ele></trkpt>
<trkpt lat="43.018705" lon="10.835415"><ele>157.0</ele></trkpt>
<trkpt lat="43.018354" lon="10.83567"><ele>153.1</ele></trkpt>
<trkpt lat="43.018369" lon="10.835707"><ele>152.9</ele></trkpt>
<trkpt lat="43.018354" lon="10.83567"><ele>153.1</ele></trkpt>
<trkpt lat="43.018233" lon="10.835758"><ele>151.7</ele></trkpt>
<trkpt lat="43.018062" lon="10.83593"><ele>149.8</ele></trkpt>
<trkpt lat="43.017953" lon="10.836059"><ele>150.1</ele></trkpt>
<trkpt lat="43.017804" lon="10.836446"><ele>151.9</ele></trkpt>
<trkpt lat="43.017482" lon="10.836895"><ele>152.5</ele></trkpt>
<trkpt lat="43.017396" lon="10.836981"><ele>152.1</ele></trkpt>
<trkpt lat="43.017331" lon="10.837024"><ele>151.7</ele></trkpt>
<trkpt lat="43.017225" lon="10.837067"><ele>151.1</ele></trkpt>
<trkpt lat="43.016816" lon="10.83711"><ele>148.8</ele></trkpt>
<trkpt lat="43.01673" lon="10.837175"><ele>148.3</ele></trkpt>
<trkpt lat="43.016687" lon="10.837218"><ele>148.1</ele></trkpt>
<trkpt lat="43.016687" lon="10.837304"><ele>148.0</ele></trkpt>
<trkpt lat="43.01671" lon="10.837367"><ele>148.1</ele></trkpt>
<trkpt lat="43.016753" lon="10.83741"><ele>148.3</ele></trkpt>
<trkpt lat="43.016924" lon="10.83754"><ele>149.5</ele></trkpt>
<trkpt lat="43.016988" lon="10.837646"><ele>150.2</ele></trkpt>
<trkpt lat="43.016988" lon="10.837732"><ele>150.4</ele></trkpt>
<trkpt lat="43.016967" lon="10.837818"><ele>150.4</ele></trkpt>
<trkpt lat="43.016924" lon="10.837904"><ele>150.3</ele></trkpt>
<trkpt lat="43.016601" lon="10.838313"><ele>149.0</ele></trkpt>
<trkpt lat="43.016344" lon="10.838591"><ele>148.5</ele></trkpt>
<trkpt lat="43.016237" lon="10.838676"><ele>148.7</ele></trkpt>
<trkpt lat="43.016173" lon="10.838762"><ele>149.4</ele></trkpt>
<trkpt lat="43.016108" lon="10.838871"><ele>150.1</ele></trkpt>
<trkpt lat="43.016002" lon="10.839107"><ele>151.9</ele></trkpt>
<trkpt lat="43.015936" lon="10.839321"><ele>152.3</ele></trkpt>
<trkpt lat="43.015873" lon="10.839622"><ele>150.8</ele></trkpt>
<trkpt lat="43.01583" lon="10.839922"><ele>149.4</ele></trkpt>
<trkpt lat="43.015808" lon="10.840051"><ele>148.7</ele></trkpt>
<trkpt lat="43.015765" lon="10.840137"><ele>148.3</ele></trkpt>
<trkpt lat="43.015679" lon="10.840244"><ele>147.7</ele></trkpt>
<trkpt lat="43.015615" lon="10.84035"><ele>146.9</ele></trkpt>
<trkpt lat="43.015573" lon="10.840436"><ele>146.2</ele></trkpt>
<trkpt lat="43.01555" lon="10.840587"><ele>144.9</ele></trkpt>
<trkpt lat="43.015487" lon="10.840716"><ele>143.7</ele></trkpt>
<trkpt lat="43.015421" lon="10.840822"><ele>142.6</ele></trkpt>
<trkpt lat="43.015315" lon="10.840973"><ele>140.9</ele></trkpt>
<trkpt lat="43.015186" lon="10.84108"><ele>139.6</ele></trkpt>
<trkpt lat="43.014799" lon="10.841317"><ele>136.0</ele></trkpt>
<trkpt lat="43.014607" lon="10.841488"><ele>133.5</ele></trkpt>
<trkpt lat="43.014542" lon="10.84153"><ele>133.0</ele></trkpt>
<trkpt lat="43.014435" lon="10.841573"><ele>132.6</ele></trkpt>
<trkpt lat="43.014307" lon="10.841595"><ele>132.5</ele></trkpt>
<trkpt lat="43.013877" lon="10.841573"><ele>132.7</ele></trkpt>
<trkpt lat="43.01347" lon="10.841639"><ele>133.0</ele></trkpt>
<trkpt lat="43.013126" lon="10.841745"><ele>133.7</ele></trkpt>
<trkpt lat="43.012503" lon="10.841982"><ele>137.3</ele></trkpt>
<trkpt lat="43.012354" lon="10.842025"><ele>138.1</ele></trkpt>
<trkpt lat="43.012095" lon="10.842068"><ele>139.0</ele></trkpt>
<trkpt lat="43.011817" lon="10.842174"><ele>140.1</ele></trkpt>
<trkpt lat="43.011517" lon="10.842368"><ele>142.1</ele></trkpt>
<trkpt lat="43.011409" lon="10.842368"><ele>142.0</ele></trkpt>
<trkpt lat="43.011302" lon="10.842325"><ele>141.4</ele></trkpt>
<trkpt lat="43.011194" lon="10.842196"><ele>139.9</ele></trkpt>
<trkpt lat="43.011088" lon="10.842154"><ele>139.4</ele></trkpt>
<trkpt lat="43.011045" lon="10.842196"><ele>139.8</ele></trkpt>
<trkpt lat="43.011022" lon="10.842239"><ele>140.2</ele></trkpt>
<trkpt lat="43.011002" lon="10.842454"><ele>142.2</ele></trkpt>
<trkpt lat="43.01098" lon="10.84256"><ele>143.2</ele></trkpt>
<trkpt lat="43.010959" lon="10.842603"><ele>143.3</ele></trkpt>
<trkpt lat="43.010509" lon="10.843182"><ele>144.3</ele></trkpt>
<trkpt lat="43.010165" lon="10.843677"><ele>145.2</ele></trkpt>
<trkpt lat="43.009842" lon="10.844192"><ele>145.2</ele></trkpt>
<trkpt lat="43.009693" lon="10.8446"><ele>145.0</ele></trkpt>
<trkpt lat="43.009564" lon="10.844986"><ele>144.9</ele></trkpt>
<trkpt lat="43.008985" lon="10.846315"><ele>145.6</ele></trkpt>
<trkpt lat="43.008748" lon="10.846702"><ele>145.8</ele></trkpt>
<trkpt lat="43.008662" lon="10.84696"><ele>145.9</ele></trkpt>
<trkpt lat="43.008662" lon="10.847089"><ele>146.1</ele></trkpt>
<trkpt lat="43.008748" lon="10.84726"><ele>146.5</ele></trkpt>
<trkpt lat="43.008813" lon="10.847367"><ele>146.7</ele></trkpt>
<trkpt lat="43.009414" lon="10.848096"><ele>147.9</ele></trkpt>
<trkpt lat="43.009671" lon="10.848332"><ele>148.8</ele></trkpt>
<trkpt lat="43.010143" lon="10.848761"><ele>148.9</ele></trkpt>
<trkpt lat="43.010744" lon="10.849385"><ele>149.9</ele></trkpt>
<trkpt lat="43.01068" lon="10.849534"><ele>149.9</ele></trkpt>
<trkpt lat="43.010337" lon="10.850737"><ele>147.5</ele></trkpt>
<trkpt lat="43.010186" lon="10.851159"><ele>147.6</ele></trkpt>
<trkpt lat="43.00922" lon="10.853891"><ele>152.6</ele></trkpt>
<trkpt lat="43.006582" lon="10.852645"><ele>148.7</ele></trkpt>
<trkpt lat="43.00641" lon="10.852539"><ele>148.8</ele></trkpt>
<trkpt lat="43.006196" lon="10.852346"><ele>148.8</ele></trkpt>
<trkpt lat="43.00613" lon="10.852281"><ele>148.8</ele></trkpt>
<trkpt lat="43.005572" lon="10.851766"><ele>148.1</ele></trkpt>
<trkpt lat="43.005359" lon="10.851551"><ele>147.6</ele></trkpt>
<trkpt lat="43.005316" lon="10.851508"><ele>147.5</ele></trkpt>
<trkpt lat="43.005187" lon="10.851316"><ele>147.1</ele></trkpt>
<trkpt lat="43.005122" lon="10.851251"><ele>147.0</ele></trkpt>
<trkpt lat="43.005079" lon="10.85123"><ele>146.9</ele></trkpt>
<trkpt lat="43.005036" lon="10.85123"><ele>146.8</ele></trkpt>
<trkpt lat="43.00495" lon="10.851187"><ele>146.7</ele></trkpt>
<trkpt lat="43.004907" lon="10.851144"><ele>146.6</ele></trkpt>
<trkpt lat="43.004821" lon="10.850994"><ele>146.3</ele></trkpt>
<trkpt lat="43.00438" lon="10.850256"><ele>146.3</ele></trkpt>
<trkpt lat="43.004816" lon="10.850986"><ele>146.3</ele></trkpt>
<trkpt lat="43.004672" lon="10.851101"><ele>146.3</ele></trkpt>
<trkpt lat="43.004586" lon="10.85123"><ele>146.3</ele></trkpt>
<trkpt lat="43.004543" lon="10.851336"><ele>146.4</ele></trkpt>
<trkpt lat="43.004478" lon="10.851594"><ele>146.6</ele></trkpt>
<trkpt lat="43.004435" lon="10.851874"><ele>147.1</ele></trkpt>
<trkpt lat="43.004435" lon="10.852066"><ele>147.5</ele></trkpt>
<trkpt lat="43.004457" lon="10.852217"><ele>147.9</ele></trkpt>
<trkpt lat="43.004534" lon="10.852482"><ele>148.7</ele></trkpt>
<trkpt lat="43.004534" lon="10.852482"><ele>148.7</ele></trkpt>
<trkpt lat="43.004692" lon="10.853032"><ele>149.5</ele></trkpt>
<trkpt lat="43.004715" lon="10.85314"><ele>149.6</ele></trkpt>
<trkpt lat="43.004844" lon="10.853589"><ele>149.8</ele></trkpt>
<trkpt lat="43.005036" lon="10.85432"><ele>150.0</ele></trkpt>
<trkpt lat="43.005144" lon="10.854727"><ele>150.2</ele></trkpt>
<trkpt lat="43.005207" lon="10.855093"><ele>150.3</ele></trkpt>
<trkpt lat="43.00523" lon="10.85522"><ele>150.4</ele></trkpt>
<trkpt lat="43.00523" lon="10.856015"><ele>151.3</ele></trkpt>
<trkpt lat="43.005187" lon="10.856529"><ele>152.8</ele></trkpt>
<trkpt lat="43.005165" lon="10.856658"><ele>153.1</ele></trkpt>
<trkpt lat="43.005058" lon="10.857024"><ele>154.3</ele></trkpt>
<trkpt lat="43.004993" lon="10.857195"><ele>154.7</ele></trkpt>
<trkpt lat="43.003856" lon="10.859513"><ele>154.1</ele></trkpt>
<trkpt lat="43.003126" lon="10.861014"><ele>157.1</ele></trkpt>
<trkpt lat="43.002911" lon="10.86138"><ele>157.0</ele></trkpt>
<trkpt lat="43.002762" lon="10.861529"><ele>157.0</ele></trkpt>
<trkpt lat="43.002355" lon="10.86183"><ele>157.0</ele></trkpt>
<trkpt lat="43.00216" lon="10.862022"><ele>157.0</ele></trkpt>
<trkpt lat="43.002075" lon="10.862151"><ele>157.1</ele></trkpt>
<trkpt lat="43.001968" lon="10.862323"><ele>157.5</ele></trkpt>
<trkpt lat="43.00186" lon="10.862517"><ele>157.9</ele></trkpt>
<trkpt lat="43.001731" lon="10.86286"><ele>159.7</ele></trkpt>
<trkpt lat="43.001645" lon="10.863204"><ele>161.6</ele></trkpt>
<trkpt lat="43.001625" lon="10.863374"><ele>162.6</ele></trkpt>
<trkpt lat="43.001631" lon="10.864201"><ele>163.7</ele></trkpt>
<trkpt lat="43.001645" lon="10.865863"><ele>167.0</ele></trkpt>
<trkpt lat="43.001754" lon="10.86803"><ele>170.8</ele></trkpt>
<trkpt lat="43.001774" lon="10.868225"><ele>170.6</ele></trkpt>
<trkpt lat="43.001774" lon="10.868353"><ele>170.5</ele></trkpt>
<trkpt lat="43.001817" lon="10.868675"><ele>170.6</ele></trkpt>
<trkpt lat="43.001968" lon="10.869597"><ele>170.2</ele></trkpt>
<trkpt lat="43.001989" lon="10.869748"><ele>169.7</ele></trkpt>
<trkpt lat="43.001989" lon="10.869984"><ele>169.1</ele></trkpt>
<trkpt lat="43.001968" lon="10.870113"><ele>169.0</ele></trkpt>
<trkpt lat="43.001817" lon="10.870842"><ele>170.1</ele></trkpt>
<trkpt lat="43.001731" lon="10.8711"><ele>169.9</ele></trkpt>
<trkpt lat="43.001625" lon="10.871356"><ele>169.6</ele></trkpt>
<trkpt lat="43.001517" lon="10.871551"><ele>169.6</ele></trkpt>
<trkpt lat="43.001367" lon="10.871765"><ele>169.7</ele></trkpt>
<trkpt lat="43.000251" lon="10.87318"><ele>172.6</ele></trkpt>
<trkpt lat="43.000079" lon="10.87346"><ele>174.5</ele></trkpt>
<trkpt lat="42.999628" lon="10.87464"><ele>177.0</ele></trkpt>
<trkpt lat="42.999543" lon="10.874918"><ele>179.2</ele></trkpt>
<trkpt lat="42.999479" lon="10.875198"><ele>180.9</ele></trkpt>
<trkpt lat="42.999222" lon="10.87745"><ele>183.2</ele></trkpt>
<trkpt lat="42.999199" lon="10.877751"><ele>184.4</ele></trkpt>
<trkpt lat="42.999199" lon="10.877988"><ele>185.5</ele></trkpt>
<trkpt lat="42.999222" lon="10.878138"><ele>185.7</ele></trkpt>
<trkpt lat="42.999308" lon="10.87861"><ele>188.3</ele></trkpt>
<trkpt lat="42.999436" lon="10.879039"><ele>192.2</ele></trkpt>
<trkpt lat="42.999522" lon="10.879274"><ele>193.9</ele></trkpt>
<trkpt lat="42.999651" lon="10.87951"><ele>194.5</ele></trkpt>
<trkpt lat="42.999737" lon="10.879619"><ele>194.9</ele></trkpt>
<trkpt lat="42.999834" lon="10.879694"><ele>195.0</ele></trkpt>
<trkpt lat="43.000122" lon="10.879919"><ele>195.3</ele></trkpt>
<trkpt lat="43.000251" lon="10.880091"><ele>196.3</ele></trkpt>
<trkpt lat="43.000294" lon="10.880219"><ele>197.4</ele></trkpt>
<trkpt lat="43.000316" lon="10.880326"><ele>198.3</ele></trkpt>
<trkpt lat="43.000316" lon="10.88054"><ele>200.7</ele></trkpt>
<trkpt lat="43.000294" lon="10.880606"><ele>201.5</ele></trkpt>
<trkpt lat="43.000251" lon="10.880692"><ele>202.8</ele></trkpt>
<trkpt lat="43.000187" lon="10.880776"><ele>204.3</ele></trkpt>
<trkpt lat="43.000144" lon="10.880819"><ele>205.1</ele></trkpt>
<trkpt lat="43.000079" lon="10.880862"><ele>206.1</ele></trkpt>
<trkpt lat="42.999994" lon="10.880885"><ele>207.1</ele></trkpt>
<trkpt lat="42.999929" lon="10.880862"><ele>207.4</ele></trkpt>
<trkpt lat="42.9995" lon="10.880862"><ele>210.2</ele></trkpt>
<trkpt lat="42.999351" lon="10.880885"><ele>210.8</ele></trkpt>
<trkpt lat="42.998663" lon="10.881077"><ele>212.4</ele></trkpt>
<trkpt lat="42.998191" lon="10.881205"><ele>209.9</ele></trkpt>
<trkpt lat="42.997527" lon="10.8814"><ele>205.3</ele></trkpt>
<trkpt lat="42.997354" lon="10.881463"><ele>203.9</ele></trkpt>
<trkpt lat="42.997225" lon="10.881549"><ele>202.9</ele></trkpt>
<trkpt lat="42.997076" lon="10.881678"><ele>201.3</ele></trkpt>
<trkpt lat="42.996882" lon="10.881872"><ele>200.3</ele></trkpt>
<trkpt lat="42.996776" lon="10.882064"><ele>200.2</ele></trkpt>
<trkpt lat="42.996089" lon="10.883158"><ele>194.1</ele></trkpt>
<trkpt lat="42.995252" lon="10.884553"><ele>188.2</ele></trkpt>
<trkpt lat="42.994178" lon="10.886721"><ele>182.4</ele></trkpt>
<trkpt lat="42.994007" lon="10.887085"><ele>181.8</ele></trkpt>
<trkpt lat="42.993792" lon="10.887687"><ele>180.7</ele></trkpt>
<trkpt lat="42.993686" lon="10.888093"><ele>178.8</ele></trkpt>
<trkpt lat="42.9936" lon="10.888502"><ele>176.1</ele></trkpt>
<trkpt lat="42.993572" lon="10.888681"><ele>174.7</ele></trkpt>
<trkpt lat="42.993655" lon="10.888705"><ele>175.6</ele></trkpt>
<trkpt lat="42.993572" lon="10.888681"><ele>174.7</ele></trkpt>
<trkpt lat="42.9936" lon="10.888502"><ele>176.1</ele></trkpt>
<trkpt lat="42.993686" lon="10.888093"><ele>178.8</ele></trkpt>
<trkpt lat="42.993792" lon="10.887687"><ele>180.7</ele></trkpt>
<trkpt lat="42.994007" lon="10.887085"><ele>181.8</ele></trkpt>
<trkpt lat="42.994178" lon="10.886721"><ele>182.4</ele></trkpt>
<trkpt lat="42.994007" lon="10.887085"><ele>181.8</ele></trkpt>
<trkpt lat="42.993792" lon="10.887687"><ele>180.7</ele></trkpt>
<trkpt lat="42.993686" lon="10.888093"><ele>178.8</ele></trkpt>
<trkpt lat="42.9936" lon="10.888502"><ele>176.1</ele></trkpt>
<trkpt lat="42.993534" lon="10.88893"><ele>172.7</ele></trkpt>
<trkpt lat="42.992935" lon="10.893352"><ele>163.0</ele></trkpt>
<trkpt lat="42.992849" lon="10.894059"><ele>166.0</ele></trkpt>
<trkpt lat="42.992826" lon="10.89421"><ele>166.6</ele></trkpt>
<trkpt lat="42.992268" lon="10.898415"><ele>167.8</ele></trkpt>
<trkpt lat="42.992221" lon="10.898865"><ele>168.7</ele></trkpt>
<trkpt lat="42.992387" lon="10.898907"><ele>170.8</ele></trkpt>
<trkpt lat="42.992634" lon="10.898716"><ele>172.8</ele></trkpt>
<trkpt lat="42.992919" lon="10.898503"><ele>175.4</ele></trkpt>
<trkpt lat="42.994049" lon="10.897665"><ele>183.1</ele></trkpt>
<trkpt lat="42.994158" lon="10.897599"><ele>183.7</ele></trkpt>
<trkpt lat="42.994307" lon="10.897536"><ele>184.8</ele></trkpt>
<trkpt lat="42.994436" lon="10.897513"><ele>185.9</ele></trkpt>
<trkpt lat="42.994544" lon="10.89747"><ele>186.6</ele></trkpt>
<trkpt lat="42.994866" lon="10.89745"><ele>187.5</ele></trkpt>
<trkpt lat="42.994995" lon="10.89745"><ele>187.6</ele></trkpt>
<trkpt lat="42.995187" lon="10.897513"><ele>188.5</ele></trkpt>
<trkpt lat="42.995358" lon="10.897622"><ele>189.4</ele></trkpt>
<trkpt lat="42.99553" lon="10.89775"><ele>190.3</ele></trkpt>
<trkpt lat="42.995573" lon="10.897793"><ele>190.5</ele></trkpt>
<trkpt lat="42.995745" lon="10.897985"><ele>191.9</ele></trkpt>
<trkpt lat="42.995853" lon="10.898094"><ele>192.8</ele></trkpt>
<trkpt lat="42.99596" lon="10.898157"><ele>193.5</ele></trkpt>
<trkpt lat="42.996089" lon="10.89818"><ele>193.9</ele></trkpt>
<trkpt lat="42.996839" lon="10.898222"><ele>199.5</ele></trkpt>
<trkpt lat="42.996947" lon="10.8982"><ele>200.2</ele></trkpt>
<trkpt lat="42.997225" lon="10.898028"><ele>200.9</ele></trkpt>
<trkpt lat="42.998299" lon="10.897127"><ele>206.8</ele></trkpt>
<trkpt lat="42.998428" lon="10.897064"><ele>207.7</ele></trkpt>
<trkpt lat="42.998519" lon="10.897035"><ele>208.5</ele></trkpt>
<trkpt lat="42.998793" lon="10.896955"><ele>210.9</ele></trkpt>
<trkpt lat="42.998921" lon="10.896914"><ele>212.0</ele></trkpt>
<trkpt lat="42.999651" lon="10.896462"><ele>214.2</ele></trkpt>
<trkpt lat="42.999757" lon="10.896419"><ele>214.3</ele></trkpt>
<trkpt lat="43.000122" lon="10.896356"><ele>216.1</ele></trkpt>
<trkpt lat="43.000251" lon="10.896356"><ele>217.2</ele></trkpt>
<trkpt lat="43.000465" lon="10.896399"><ele>219.6</ele></trkpt>
<trkpt lat="43.000659" lon="10.896462"><ele>222.1</ele></trkpt>
<trkpt lat="43.000723" lon="10.896462"><ele>222.5</ele></trkpt>
<trkpt lat="43.000788" lon="10.896441"><ele>222.5</ele></trkpt>
<trkpt lat="43.00096" lon="10.89629"><ele>220.7</ele></trkpt>
<trkpt lat="43.001023" lon="10.896247"><ele>220.2</ele></trkpt>
<trkpt lat="43.001109" lon="10.896204"><ele>219.9</ele></trkpt>
<trkpt lat="43.00126" lon="10.896161"><ele>219.9</ele></trkpt>
<trkpt lat="43.00141" lon="10.896141"><ele>220.7</ele></trkpt>
<trkpt lat="43.00214" lon="10.896076"><ele>226.7</ele></trkpt>
<trkpt lat="43.002226" lon="10.896033"><ele>227.1</ele></trkpt>
<trkpt lat="43.002355" lon="10.895926"><ele>227.0</ele></trkpt>
<trkpt lat="43.002398" lon="10.895861"><ele>226.5</ele></trkpt>
<trkpt lat="43.00244" lon="10.895732"><ele>225.5</ele></trkpt>
<trkpt lat="43.00244" lon="10.895453"><ele>222.3</ele></trkpt>
<trkpt lat="43.002483" lon="10.895347"><ele>221.5</ele></trkpt>
<trkpt lat="43.002526" lon="10.895261"><ele>221.0</ele></trkpt>
<trkpt lat="43.00259" lon="10.895196"><ele>221.0</ele></trkpt>
<trkpt lat="43.002676" lon="10.895153"><ele>221.4</ele></trkpt>
<trkpt lat="43.002805" lon="10.895133"><ele>222.6</ele></trkpt>
<trkpt lat="43.002954" lon="10.895153"><ele>224.5</ele></trkpt>
<trkpt lat="43.003169" lon="10.895218"><ele>225.0</ele></trkpt>
<trkpt lat="43.003363" lon="10.895304"><ele>226.0</ele></trkpt>
<trkpt lat="43.003706" lon="10.895496"><ele>229.0</ele></trkpt>
<trkpt lat="43.003835" lon="10.895605"><ele>230.8</ele></trkpt>
<trkpt lat="43.00405" lon="10.895904"><ele>235.3</ele></trkpt>
<trkpt lat="43.004136" lon="10.895969"><ele>236.0</ele></trkpt>
<trkpt lat="43.0042" lon="10.89599"><ele>236.1</ele></trkpt>
<trkpt lat="43.004306" lon="10.896012"><ele>236.0</ele></trkpt>
<trkpt lat="43.004735" lon="10.896119"><ele>236.3</ele></trkpt>
<trkpt lat="43.004993" lon="10.896161"><ele>236.5</ele></trkpt>
<trkpt lat="43.005122" lon="10.896204"><ele>236.9</ele></trkpt>
<trkpt lat="43.00523" lon="10.89627"><ele>237.7</ele></trkpt>
<trkpt lat="43.005293" lon="10.896333"><ele>238.5</ele></trkpt>
<trkpt lat="43.005595" lon="10.896699"><ele>242.7</ele></trkpt>
<trkpt lat="43.005916" lon="10.896977"><ele>245.8</ele></trkpt>
<trkpt lat="43.00641" lon="10.897256"><ele>246.1</ele></trkpt>
<trkpt lat="43.006496" lon="10.897321"><ele>246.8</ele></trkpt>
<trkpt lat="43.006688" lon="10.897513"><ele>247.9</ele></trkpt>
<trkpt lat="43.006752" lon="10.897622"><ele>248.6</ele></trkpt>
<trkpt lat="43.006774" lon="10.89775"><ele>249.4</ele></trkpt>
<trkpt lat="43.006838" lon="10.898265"><ele>251.9</ele></trkpt>
<trkpt lat="43.00686" lon="10.898372"><ele>252.3</ele></trkpt>
<trkpt lat="43.006881" lon="10.898458"><ele>252.6</ele></trkpt>
<trkpt lat="43.006924" lon="10.898522"><ele>252.5</ele></trkpt>
<trkpt lat="43.006967" lon="10.898544"><ele>252.1</ele></trkpt>
<trkpt lat="43.007032" lon="10.898565"><ele>251.4</ele></trkpt>
<trkpt lat="43.007247" lon="10.898565"><ele>251.2</ele></trkpt>
<trkpt lat="43.007333" lon="10.898587"><ele>252.0</ele></trkpt>
<trkpt lat="43.007376" lon="10.898608"><ele>252.4</ele></trkpt>
<trkpt lat="43.007462" lon="10.898693"><ele>253.2</ele></trkpt>
<trkpt lat="43.007568" lon="10.898908"><ele>253.7</ele></trkpt>
<trkpt lat="43.007611" lon="10.899188"><ele>253.4</ele></trkpt>
<trkpt lat="43.007719" lon="10.899403"><ele>253.6</ele></trkpt>
<trkpt lat="43.008062" lon="10.899896"><ele>254.5</ele></trkpt>
<trkpt lat="43.008083" lon="10.899982"><ele>254.7</ele></trkpt>
<trkpt lat="43.008126" lon="10.900111"><ele>254.8</ele></trkpt>
<trkpt lat="43.008147" lon="10.900432"><ele>254.4</ele></trkpt>
<trkpt lat="43.008083" lon="10.901205"><ele>251.0</ele></trkpt>
<trkpt lat="43.008147" lon="10.901955"><ele>247.2</ele></trkpt>
<trkpt lat="43.00819" lon="10.902149"><ele>246.4</ele></trkpt>
<trkpt lat="43.008255" lon="10.902385"><ele>245.5</ele></trkpt>
<trkpt lat="43.00849" lon="10.9029"><ele>243.9</ele></trkpt>
<trkpt lat="43.008576" lon="10.903049"><ele>243.3</ele></trkpt>
<trkpt lat="43.008642" lon="10.903135"><ele>243.0</ele></trkpt>
<trkpt lat="43.008705" lon="10.903178"><ele>243.1</ele></trkpt>
<trkpt lat="43.00877" lon="10.903201"><ele>243.4</ele></trkpt>
<trkpt lat="43.008899" lon="10.903158"><ele>244.6</ele></trkpt>
<trkpt lat="43.009285" lon="10.902921"><ele>248.7</ele></trkpt>
<trkpt lat="43.009349" lon="10.902857"><ele>249.6</ele></trkpt>
<trkpt lat="43.009414" lon="10.902771"><ele>250.7</ele></trkpt>
<trkpt lat="43.009542" lon="10.902557"><ele>253.3</ele></trkpt>
<trkpt lat="43.009585" lon="10.90245"><ele>254.5</ele></trkpt>
<trkpt lat="43.009671" lon="10.902364"><ele>255.3</ele></trkpt>
<trkpt lat="43.009756" lon="10.902364"><ele>254.9</ele></trkpt>
<trkpt lat="43.009822" lon="10.902407"><ele>254.2</ele></trkpt>
<trkpt lat="43.009865" lon="10.90245"><ele>253.5</ele></trkpt>
<trkpt lat="43.009908" lon="10.902534"><ele>252.5</ele></trkpt>
<trkpt lat="43.009951" lon="10.902943"><ele>247.4</ele></trkpt>
<trkpt lat="43.009928" lon="10.903607"><ele>239.1</ele></trkpt>
<trkpt lat="43.009928" lon="10.903673"><ele>238.2</ele></trkpt>
<trkpt lat="43.009951" lon="10.90378"><ele>236.4</ele></trkpt>
<trkpt lat="43.009994" lon="10.903866"><ele>234.8</ele></trkpt>
<trkpt lat="43.010057" lon="10.903909"><ele>233.7</ele></trkpt>
<trkpt lat="43.010143" lon="10.903929"><ele>232.7</ele></trkpt>
<trkpt lat="43.010229" lon="10.903929"><ele>232.0</ele></trkpt>
<trkpt lat="43.010294" lon="10.903909"><ele>231.7</ele></trkpt>
<trkpt lat="43.01038" lon="10.903823"><ele>232.1</ele></trkpt>
<trkpt lat="43.010423" lon="10.903736"><ele>232.7</ele></trkpt>
<trkpt lat="43.010443" lon="10.903286"><ele>238.2</ele></trkpt>
<trkpt lat="43.010466" lon="10.903221"><ele>239.0</ele></trkpt>
<trkpt lat="43.010509" lon="10.903158"><ele>239.7</ele></trkpt>
<trkpt lat="43.010959" lon="10.902857"><ele>239.2</ele></trkpt>
<trkpt lat="43.011108" lon="10.902663"><ele>239.3</ele></trkpt>
<trkpt lat="43.011151" lon="10.902557"><ele>239.7</ele></trkpt>
<trkpt lat="43.01128" lon="10.902192"><ele>242.5</ele></trkpt>
<trkpt lat="43.011388" lon="10.901978"><ele>244.7</ele></trkpt>
<trkpt lat="43.011452" lon="10.901892"><ele>245.3</ele></trkpt>
<trkpt lat="43.011517" lon="10.901826"><ele>245.5</ele></trkpt>
<trkpt lat="43.011603" lon="10.901763"><ele>245.4</ele></trkpt>
<trkpt lat="43.011732" lon="10.901677"><ele>244.9</ele></trkpt>
<trkpt lat="43.011795" lon="10.901655"><ele>244.5</ele></trkpt>
<trkpt lat="43.011881" lon="10.901634"><ele>243.9</ele></trkpt>
<trkpt lat="43.011946" lon="10.901634"><ele>243.3</ele></trkpt>
<trkpt lat="43.012032" lon="10.901698"><ele>241.8</ele></trkpt>
<trkpt lat="43.012075" lon="10.90174"><ele>241.5</ele></trkpt>
<trkpt lat="43.012138" lon="10.901912"><ele>241.5</ele></trkpt>
<trkpt lat="43.012138" lon="10.902041"><ele>241.7</ele></trkpt>
<trkpt lat="43.012118" lon="10.902192"><ele>241.6</ele></trkpt>
<trkpt lat="43.012095" lon="10.902298"><ele>241.7</ele></trkpt>
<trkpt lat="43.011752" lon="10.903264"><ele>242.2</ele></trkpt>
<trkpt lat="43.011323" lon="10.904272"><ele>233.7</ele></trkpt>
<trkpt lat="43.011237" lon="10.904595"><ele>231.8</ele></trkpt>
<trkpt lat="43.011217" lon="10.904787"><ele>231.1</ele></trkpt>
<trkpt lat="43.011174" lon="10.905796"><ele>224.4</ele></trkpt>
<trkpt lat="43.011217" lon="10.905968"><ele>223.8</ele></trkpt>
<trkpt lat="43.011302" lon="10.906096"><ele>224.0</ele></trkpt>
<trkpt lat="43.011623" lon="10.906311"><ele>225.3</ele></trkpt>
<trkpt lat="43.011709" lon="10.906397"><ele>225.0</ele></trkpt>
<trkpt lat="43.011838" lon="10.90659"><ele>223.1</ele></trkpt>
<trkpt lat="43.011989" lon="10.906784"><ele>221.2</ele></trkpt>
<trkpt lat="43.012052" lon="10.906827"><ele>220.9</ele></trkpt>
<trkpt lat="43.012118" lon="10.906847"><ele>220.8</ele></trkpt>
<trkpt lat="43.012268" lon="10.906847"><ele>221.8</ele></trkpt>
<trkpt lat="43.01244" lon="10.906784"><ele>223.8</ele></trkpt>
<trkpt lat="43.012503" lon="10.906741"><ele>224.7</ele></trkpt>
<trkpt lat="43.01274" lon="10.906397"><ele>231.2</ele></trkpt>
<trkpt lat="43.012803" lon="10.906376"><ele>231.8</ele></trkpt>
<trkpt lat="43.012889" lon="10.906376"><ele>232.1</ele></trkpt>
<trkpt lat="43.012955" lon="10.906418"><ele>231.8</ele></trkpt>
<trkpt lat="43.012975" lon="10.906483"><ele>231.2</ele></trkpt>
<trkpt lat="43.012998" lon="10.906569"><ele>230.3</ele></trkpt>
<trkpt lat="43.012998" lon="10.906655"><ele>229.1</ele></trkpt>
<trkpt lat="43.012975" lon="10.906804"><ele>227.4</ele></trkpt>
<trkpt lat="43.012718" lon="10.907319"><ele>220.9</ele></trkpt>
<trkpt lat="43.012632" lon="10.907577"><ele>217.6</ele></trkpt>
<trkpt lat="43.012632" lon="10.907792"><ele>216.2</ele></trkpt>
<trkpt lat="43.012654" lon="10.907878"><ele>215.7</ele></trkpt>
<trkpt lat="43.013041" lon="10.908265"><ele>214.4</ele></trkpt>
<trkpt lat="43.013126" lon="10.908393"><ele>214.5</ele></trkpt>
<trkpt lat="43.013212" lon="10.908543"><ele>214.8</ele></trkpt>
<trkpt lat="43.013341" lon="10.908886"><ele>213.8</ele></trkpt>
<trkpt lat="43.013447" lon="10.909251"><ele>211.8</ele></trkpt>
<trkpt lat="43.01349" lon="10.909508"><ele>210.7</ele></trkpt>
<trkpt lat="43.013533" lon="10.909831"><ele>209.0</ele></trkpt>
<trkpt lat="43.013556" lon="10.910109"><ele>206.3</ele></trkpt>
<trkpt lat="43.013548" lon="10.910226"><ele>204.4</ele></trkpt>
<trkpt lat="43.013548" lon="10.910226"><ele>204.4</ele></trkpt>
<trkpt lat="43.013533" lon="10.910518"><ele>199.7</ele></trkpt>
<trkpt lat="43.013533" lon="10.910668"><ele>197.3</ele></trkpt>
<trkpt lat="43.013576" lon="10.910797"><ele>194.5</ele></trkpt>
<trkpt lat="43.013683" lon="10.91086"><ele>191.7</ele></trkpt>
<trkpt lat="43.013855" lon="10.91086"><ele>189.6</ele></trkpt>
<trkpt lat="43.01392" lon="10.91084"><ele>189.6</ele></trkpt>
<trkpt lat="43.014327" lon="10.910625"><ele>192.7</ele></trkpt>
<trkpt lat="43.014906" lon="10.910324"><ele>198.2</ele></trkpt>
<trkpt lat="43.015035" lon="10.910281"><ele>198.6</ele></trkpt>
<trkpt lat="43.015358" lon="10.910238"><ele>198.2</ele></trkpt>
<trkpt lat="43.016088" lon="10.910046"><ele>198.6</ele></trkpt>
<trkpt lat="43.016323" lon="10.910003"><ele>198.5</ele></trkpt>
<trkpt lat="43.016452" lon="10.910046"><ele>199.5</ele></trkpt>
<trkpt lat="43.016538" lon="10.910131"><ele>199.8</ele></trkpt>
<trkpt lat="43.016538" lon="10.910496"><ele>197.2</ele></trkpt>
<trkpt lat="43.016559" lon="10.910989"><ele>195.5</ele></trkpt>
<trkpt lat="43.016581" lon="10.91116"><ele>196.6</ele></trkpt>
<trkpt lat="43.016581" lon="10.911269"><ele>197.1</ele></trkpt>
<trkpt lat="43.016366" lon="10.911312"><ele>195.4</ele></trkpt>
<trkpt lat="43.016301" lon="10.911355"><ele>195.1</ele></trkpt>
<trkpt lat="43.016216" lon="10.91144"><ele>194.8</ele></trkpt>
<trkpt lat="43.016173" lon="10.911526"><ele>194.9</ele></trkpt>
<trkpt lat="43.016173" lon="10.911655"><ele>195.7</ele></trkpt>
<trkpt lat="43.016194" lon="10.911718"><ele>196.5</ele></trkpt>
<trkpt lat="43.016237" lon="10.911784"><ele>197.8</ele></trkpt>
<trkpt lat="43.016344" lon="10.911827"><ele>199.3</ele></trkpt>
<trkpt lat="43.016495" lon="10.911827"><ele>200.5</ele></trkpt>
<trkpt lat="43.016581" lon="10.911804"><ele>200.9</ele></trkpt>
<trkpt lat="43.016796" lon="10.911741"><ele>201.5</ele></trkpt>
<trkpt lat="43.016859" lon="10.911741"><ele>202.0</ele></trkpt>
<trkpt lat="43.016924" lon="10.911784"><ele>203.3</ele></trkpt>
<trkpt lat="43.017159" lon="10.912126"><ele>211.8</ele></trkpt>
<trkpt lat="43.017202" lon="10.912148"><ele>212.7</ele></trkpt>
<trkpt lat="43.017268" lon="10.912169"><ele>213.8</ele></trkpt>
<trkpt lat="43.017331" lon="10.912126"><ele>213.6</ele></trkpt>
<trkpt lat="43.017374" lon="10.91202"><ele>211.9</ele></trkpt>
<trkpt lat="43.017417" lon="10.911891"><ele>209.7</ele></trkpt>
<trkpt lat="43.017439" lon="10.911847"><ele>209.0</ele></trkpt>
<trkpt lat="43.017482" lon="10.911804"><ele>208.5</ele></trkpt>
<trkpt lat="43.017525" lon="10.911784"><ele>208.4</ele></trkpt>
<trkpt lat="43.017675" lon="10.911741"><ele>208.8</ele></trkpt>
<trkpt lat="43.017976" lon="10.911698"><ele>210.4</ele></trkpt>
<trkpt lat="43.018233" lon="10.911675"><ele>211.9</ele></trkpt>
<trkpt lat="43.018297" lon="10.911698"><ele>212.7</ele></trkpt>
<trkpt lat="43.01834" lon="10.911718"><ele>213.5</ele></trkpt>
<trkpt lat="43.018382" lon="10.911761"><ele>214.9</ele></trkpt>
<trkpt lat="43.018405" lon="10.911804"><ele>216.0</ele></trkpt>
<trkpt lat="43.018448" lon="10.911934"><ele>219.4</ele></trkpt>
<trkpt lat="43.018491" lon="10.912126"><ele>224.2</ele></trkpt>
<trkpt lat="43.018511" lon="10.912212"><ele>226.4</ele></trkpt>
<trkpt lat="43.018554" lon="10.912255"><ele>227.8</ele></trkpt>
<trkpt lat="43.01862" lon="10.912277"><ele>228.8</ele></trkpt>
<trkpt lat="43.018683" lon="10.912255"><ele>228.8</ele></trkpt>
<trkpt lat="43.018855" lon="10.912063"><ele>225.6</ele></trkpt>
<trkpt lat="43.019006" lon="10.91202"><ele>225.8</ele></trkpt>
<trkpt lat="43.019133" lon="10.91204"><ele>227.4</ele></trkpt>
<trkpt lat="43.019242" lon="10.912063"><ele>228.8</ele></trkpt>
<trkpt lat="43.019391" lon="10.912126"><ele>231.6</ele></trkpt>
<trkpt lat="43.019477" lon="10.912212"><ele>234.4</ele></trkpt>
<trkpt lat="43.019628" lon="10.912406"><ele>240.3</ele></trkpt>
<trkpt lat="43.019691" lon="10.912469"><ele>242.3</ele></trkpt>
<trkpt lat="43.019734" lon="10.912469"><ele>242.5</ele></trkpt>
<trkpt lat="43.019777" lon="10.912449"><ele>242.3</ele></trkpt>
<trkpt lat="43.019906" lon="10.912234"><ele>237.9</ele></trkpt>
<trkpt lat="43.019949" lon="10.912191"><ele>237.1</ele></trkpt>
<trkpt lat="43.020035" lon="10.912148"><ele>236.6</ele></trkpt>
<trkpt lat="43.020121" lon="10.912126"><ele>236.6</ele></trkpt>
<trkpt lat="43.020422" lon="10.912126"><ele>238.4</ele></trkpt>
<trkpt lat="43.020594" lon="10.912169"><ele>239.5</ele></trkpt>
<trkpt lat="43.021043" lon="10.912449"><ele>243.9</ele></trkpt>
<trkpt lat="43.021066" lon="10.912492"><ele>244.6</ele></trkpt>
<trkpt lat="43.021086" lon="10.912578"><ele>245.9</ele></trkpt>
<trkpt lat="43.021086" lon="10.912706"><ele>248.1</ele></trkpt>
<trkpt lat="43.02098" lon="10.913306"><ele>259.2</ele></trkpt>
<trkpt lat="43.021" lon="10.913607"><ele>263.7</ele></trkpt>
<trkpt lat="43.021086" lon="10.914058"><ele>269.4</ele></trkpt>
<trkpt lat="43.021194" lon="10.914316"><ele>271.5</ele></trkpt>
<trkpt lat="43.021258" lon="10.914379"><ele>271.3</ele></trkpt>
<trkpt lat="43.021301" lon="10.914379"><ele>270.9</ele></trkpt>
<trkpt lat="43.021344" lon="10.914336"><ele>270.6</ele></trkpt>
<trkpt lat="43.021409" lon="10.91395"><ele>265.7</ele></trkpt>
<trkpt lat="43.021495" lon="10.913778"><ele>263.9</ele></trkpt>
<trkpt lat="43.021817" lon="10.913263"><ele>258.2</ele></trkpt>
<trkpt lat="43.021903" lon="10.913136"><ele>256.7</ele></trkpt>
<trkpt lat="43.022052" lon="10.91307"><ele>256.6</ele></trkpt>
<trkpt lat="43.022246" lon="10.913136"><ele>260.1</ele></trkpt>
<trkpt lat="43.02246" lon="10.913349"><ele>266.3</ele></trkpt>
<trkpt lat="43.022867" lon="10.913887"><ele>277.5</ele></trkpt>
<trkpt lat="43.022933" lon="10.913993"><ele>279.2</ele></trkpt>
<trkpt lat="43.022996" lon="10.914164"><ele>281.7</ele></trkpt>
<trkpt lat="43.023017" lon="10.914273"><ele>283.2</ele></trkpt>
<trkpt lat="43.02306" lon="10.914422"><ele>285.7</ele></trkpt>
<trkpt lat="43.023082" lon="10.914465"><ele>286.5</ele></trkpt>
<trkpt lat="43.023126" lon="10.914487"><ele>287.5</ele></trkpt>
<trkpt lat="43.023169" lon="10.914487"><ele>288.2</ele></trkpt>
<trkpt lat="43.023211" lon="10.914465"><ele>288.7</ele></trkpt>
<trkpt lat="43.023254" lon="10.914402"><ele>288.8</ele></trkpt>
<trkpt lat="43.023275" lon="10.914359"><ele>288.8</ele></trkpt>
<trkpt lat="43.023297" lon="10.914187"><ele>287.6</ele></trkpt>
<trkpt lat="43.023297" lon="10.913864"><ele>285.5</ele></trkpt>
<trkpt lat="43.023275" lon="10.913649"><ele>283.7</ele></trkpt>
<trkpt lat="43.023122" lon="10.912862"><ele>275.0</ele></trkpt>
<trkpt lat="43.023161" lon="10.912848"><ele>275.8</ele></trkpt>
<trkpt lat="43.023122" lon="10.912862"><ele>275.0</ele></trkpt>
<trkpt lat="43.023082" lon="10.912663"><ele>272.8</ele></trkpt>
<trkpt lat="43.02306" lon="10.912492"><ele>271.0</ele></trkpt>
<trkpt lat="43.02306" lon="10.912383"><ele>269.4</ele></trkpt>
<trkpt lat="43.023082" lon="10.912298"><ele>268.5</ele></trkpt>
<trkpt lat="43.023146" lon="10.912191"><ele>268.1</ele></trkpt>
<trkpt lat="43.023318" lon="10.91204"><ele>268.7</ele></trkpt>
<trkpt lat="43.023512" lon="10.911954"><ele>270.4</ele></trkpt>
<trkpt lat="43.023704" lon="10.911954"><ele>273.8</ele></trkpt>
<trkpt lat="43.023833" lon="10.911997"><ele>276.0</ele></trkpt>
<trkpt lat="43.023941" lon="10.912063"><ele>277.3</ele></trkpt>
<trkpt lat="43.024113" lon="10.912212"><ele>280.7</ele></trkpt>
<trkpt lat="43.024712" lon="10.912792"><ele>292.8</ele></trkpt>
<trkpt lat="43.024841" lon="10.912941"><ele>293.9</ele></trkpt>
<trkpt lat="43.024907" lon="10.91305"><ele>295.1</ele></trkpt>
<trkpt lat="43.025013" lon="10.913242"><ele>297.5</ele></trkpt>
<trkpt lat="43.025099" lon="10.913435"><ele>299.9</ele></trkpt>
<trkpt lat="43.025185" lon="10.913715"><ele>303.2</ele></trkpt>
<trkpt lat="43.02527" lon="10.914187"><ele>310.1</ele></trkpt>
<trkpt lat="43.025293" lon="10.914273"><ele>311.2</ele></trkpt>
<trkpt lat="43.025336" lon="10.914359"><ele>312.3</ele></trkpt>
<trkpt lat="43.025422" lon="10.914402"><ele>312.7</ele></trkpt>
<trkpt lat="43.025528" lon="10.914379"><ele>312.2</ele></trkpt>
<trkpt lat="43.025614" lon="10.914359"><ele>311.7</ele></trkpt>
<trkpt lat="43.025764" lon="10.914336"><ele>311.1</ele></trkpt>
<trkpt lat="43.025807" lon="10.914316"><ele>310.6</ele></trkpt>
<trkpt lat="43.02585" lon="10.914273"><ele>309.7</ele></trkpt>
<trkpt lat="43.025958" lon="10.914144"><ele>307.0</ele></trkpt>
<trkpt lat="43.026001" lon="10.914122"><ele>306.5</ele></trkpt>
<trkpt lat="43.026064" lon="10.914101"><ele>305.9</ele></trkpt>
<trkpt lat="43.026173" lon="10.914144"><ele>306.5</ele></trkpt>
<trkpt lat="43.026322" lon="10.914293"><ele>309.6</ele></trkpt>
<trkpt lat="43.026473" lon="10.914293"><ele>310.4</ele></trkpt>
<trkpt lat="43.026602" lon="10.914336"><ele>312.0</ele></trkpt>
<trkpt lat="43.026688" lon="10.914379"><ele>313.3</ele></trkpt>
<trkpt lat="43.026816" lon="10.914529"><ele>316.9</ele></trkpt>
<trkpt lat="43.026859" lon="10.914551"><ele>317.5</ele></trkpt>
<trkpt lat="43.026923" lon="10.914508"><ele>316.9</ele></trkpt>
<trkpt lat="43.026988" lon="10.914422"><ele>315.6</ele></trkpt>
<trkpt lat="43.027074" lon="10.914164"><ele>311.4</ele></trkpt>
<trkpt lat="43.027202" lon="10.914015"><ele>310.2</ele></trkpt>
<trkpt lat="43.027287" lon="10.913929"><ele>309.9</ele></trkpt>
<trkpt lat="43.027353" lon="10.913907"><ele>310.4</ele></trkpt>
<trkpt lat="43.027416" lon="10.913907"><ele>311.3</ele></trkpt>
<trkpt lat="43.027459" lon="10.913929"><ele>312.2</ele></trkpt>
<trkpt lat="43.027502" lon="10.913972"><ele>313.3</ele></trkpt>
<trkpt lat="43.027545" lon="10.914058"><ele>315.0</ele></trkpt>
<trkpt lat="43.027782" lon="10.914787"><ele>326.0</ele></trkpt>
<trkpt lat="43.027868" lon="10.914958"><ele>328.2</ele></trkpt>
<trkpt lat="43.027931" lon="10.915001"><ele>328.8</ele></trkpt>
<trkpt lat="43.027974" lon="10.915024"><ele>329.6</ele></trkpt>
<trkpt lat="43.028017" lon="10.915024"><ele>330.5</ele></trkpt>
<trkpt lat="43.028274" lon="10.91483"><ele>334.3</ele></trkpt>
<trkpt lat="43.02834" lon="10.914766"><ele>335.2</ele></trkpt>
<trkpt lat="43.028403" lon="10.91468"><ele>336.1</ele></trkpt>
<trkpt lat="43.028447" lon="10.914444"><ele>335.7</ele></trkpt>
<trkpt lat="43.028403" lon="10.9135"><ele>327.7</ele></trkpt>
<trkpt lat="43.028426" lon="10.913329"><ele>327.0</ele></trkpt>
<trkpt lat="43.028469" lon="10.913136"><ele>326.5</ele></trkpt>
<trkpt lat="43.028512" lon="10.913007"><ele>326.5</ele></trkpt>
<trkpt lat="43.028576" lon="10.912898"><ele>327.3</ele></trkpt>
<trkpt lat="43.028811" lon="10.912727"><ele>331.5</ele></trkpt>
<trkpt lat="43.028897" lon="10.912706"><ele>331.9</ele></trkpt>
<trkpt lat="43.029177" lon="10.912706"><ele>334.2</ele></trkpt>
<trkpt lat="43.029434" lon="10.912792"><ele>337.9</ele></trkpt>
<trkpt lat="43.029692" lon="10.912921"><ele>342.7</ele></trkpt>
<trkpt lat="43.029862" lon="10.91307"><ele>346.8</ele></trkpt>
<trkpt lat="43.029928" lon="10.913156"><ele>349.0</ele></trkpt>
<trkpt lat="43.030034" lon="10.913349"><ele>353.5</ele></trkpt>
<trkpt lat="43.030163" lon="10.913564"><ele>357.2</ele></trkpt>
<trkpt lat="43.030249" lon="10.913586"><ele>358.0</ele></trkpt>
<trkpt lat="43.030314" lon="10.913586"><ele>358.5</ele></trkpt>
<trkpt lat="43.030377" lon="10.913564"><ele>358.6</ele></trkpt>
<trkpt lat="43.030592" lon="10.913478"><ele>359.0</ele></trkpt>
<trkpt lat="43.030678" lon="10.913457"><ele>359.4</ele></trkpt>
<trkpt lat="43.030978" lon="10.913521"><ele>362.9</ele></trkpt>
<trkpt lat="43.031085" lon="10.913521"><ele>363.8</ele></trkpt>
<trkpt lat="43.03115" lon="10.913478"><ele>363.7</ele></trkpt>
<trkpt lat="43.031193" lon="10.913414"><ele>363.1</ele></trkpt>
<trkpt lat="43.031214" lon="10.913329"><ele>362.2</ele></trkpt>
<trkpt lat="43.031237" lon="10.91322"><ele>361.6</ele></trkpt>
<trkpt lat="43.031237" lon="10.913136"><ele>360.9</ele></trkpt>
<trkpt lat="43.031193" lon="10.913027"><ele>359.5</ele></trkpt>
<trkpt lat="43.031128" lon="10.912921"><ele>357.6</ele></trkpt>
<trkpt lat="43.031044" lon="10.912749"><ele>354.6</ele></trkpt>
<trkpt lat="43.031044" lon="10.912598"><ele>353.0</ele></trkpt>
<trkpt lat="43.031085" lon="10.912535"><ele>353.2</ele></trkpt>
<trkpt lat="43.031128" lon="10.912492"><ele>353.4</ele></trkpt>
<trkpt lat="43.031193" lon="10.912469"><ele>354.3</ele></trkpt>
<trkpt lat="43.031429" lon="10.912449"><ele>359.3</ele></trkpt>
<trkpt lat="43.031515" lon="10.912406"><ele>360.7</ele></trkpt>
<trkpt lat="43.031643" lon="10.91232"><ele>362.5</ele></trkpt>
<trkpt lat="43.031729" lon="10.912212"><ele>363.3</ele></trkpt>
<trkpt lat="43.03188" lon="10.911954"><ele>364.1</ele></trkpt>
<trkpt lat="43.032201" lon="10.911632"><ele>369.8</ele></trkpt>
<trkpt lat="43.032352" lon="10.911461"><ele>372.3</ele></trkpt>
<trkpt lat="43.032438" lon="10.911312"><ele>373.3</ele></trkpt>
<trkpt lat="43.032502" lon="10.911183"><ele>374.0</ele></trkpt>
<trkpt lat="43.032609" lon="10.910688"><ele>373.3</ele></trkpt>
<trkpt lat="43.03276" lon="10.910152"><ele>374.4</ele></trkpt>
<trkpt lat="43.032909" lon="10.909422"><ele>375.2</ele></trkpt>
<trkpt lat="43.032952" lon="10.909123"><ele>375.2</ele></trkpt>
<trkpt lat="43.032975" lon="10.909037"><ele>375.4</ele></trkpt>
<trkpt lat="43.033018" lon="10.908951"><ele>375.5</ele></trkpt>
<trkpt lat="43.033061" lon="10.908908"><ele>375.4</ele></trkpt>
<trkpt lat="43.033146" lon="10.908865"><ele>374.9</ele></trkpt>
<trkpt lat="43.033189" lon="10.908865"><ele>374.6</ele></trkpt>
<trkpt lat="43.033253" lon="10.908886"><ele>374.3</ele></trkpt>
<trkpt lat="43.033361" lon="10.908994"><ele>374.2</ele></trkpt>
<trkpt lat="43.033553" lon="10.90923"><ele>375.4</ele></trkpt>
<trkpt lat="43.033618" lon="10.909402"><ele>377.2</ele></trkpt>
<trkpt lat="43.033661" lon="10.909551"><ele>379.0</ele></trkpt>
<trkpt lat="43.033682" lon="10.909702"><ele>380.7</ele></trkpt>
<trkpt lat="43.033682" lon="10.910711"><ele>390.6</ele></trkpt>
<trkpt lat="43.033704" lon="10.910882"><ele>392.4</ele></trkpt>
<trkpt lat="43.033725" lon="10.910968"><ele>393.3</ele></trkpt>
<trkpt lat="43.033768" lon="10.911054"><ele>394.5</ele></trkpt>
<trkpt lat="43.033833" lon="10.91116"><ele>395.0</ele></trkpt>
<trkpt lat="43.033897" lon="10.911203"><ele>394.6</ele></trkpt>
<trkpt lat="43.034261" lon="10.911332"><ele>391.8</ele></trkpt>
<trkpt lat="43.034347" lon="10.911418"><ele>391.6</ele></trkpt>
<trkpt lat="43.034412" lon="10.911504"><ele>391.6</ele></trkpt>
<trkpt lat="43.034433" lon="10.911547"><ele>391.7</ele></trkpt>
<trkpt lat="43.034455" lon="10.911655"><ele>392.4</ele></trkpt>
<trkpt lat="43.034498" lon="10.912191"><ele>396.9</ele></trkpt>
<trkpt lat="43.034584" lon="10.912598"><ele>400.1</ele></trkpt>
<trkpt lat="43.034584" lon="10.912598"><ele>400.1</ele></trkpt>
<trkpt lat="43.034647" lon="10.912856"><ele>402.6</ele></trkpt>
<trkpt lat="43.034733" lon="10.91307"><ele>405.0</ele></trkpt>
<trkpt lat="43.034776" lon="10.913156"><ele>406.1</ele></trkpt>
<trkpt lat="43.034819" lon="10.913199"><ele>406.6</ele></trkpt>
<trkpt lat="43.034905" lon="10.913263"><ele>407.6</ele></trkpt>
<trkpt lat="43.03497" lon="10.913286"><ele>408.0</ele></trkpt>
<trkpt lat="43.035056" lon="10.913286"><ele>408.2</ele></trkpt>
<trkpt lat="43.035764" lon="10.91307"><ele>406.0</ele></trkpt>
<trkpt lat="43.035828" lon="10.91307"><ele>406.1</ele></trkpt>
<trkpt lat="43.035936" lon="10.913093"><ele>406.5</ele></trkpt>
<trkpt lat="43.036022" lon="10.913136"><ele>407.3</ele></trkpt>
<trkpt lat="43.036343" lon="10.913372"><ele>411.2</ele></trkpt>
<trkpt lat="43.03673" lon="10.913715"><ele>414.8</ele></trkpt>
<trkpt lat="43.036773" lon="10.913735"><ele>415.1</ele></trkpt>
<trkpt lat="43.036879" lon="10.913735"><ele>415.3</ele></trkpt>
<trkpt lat="43.037008" lon="10.913692"><ele>415.1</ele></trkpt>
<trkpt lat="43.037116" lon="10.913649"><ele>414.9</ele></trkpt>
<trkpt lat="43.038082" lon="10.912878"><ele>412.6</ele></trkpt>
<trkpt lat="43.038125" lon="10.912856"><ele>412.7</ele></trkpt>
<trkpt lat="43.038188" lon="10.912856"><ele>413.5</ele></trkpt>
<trkpt lat="43.038531" lon="10.912921"><ele>418.8</ele></trkpt>
<trkpt lat="43.038597" lon="10.912898"><ele>419.3</ele></trkpt>
<trkpt lat="43.03866" lon="10.912878"><ele>419.7</ele></trkpt>
<trkpt lat="43.038725" lon="10.912835"><ele>419.9</ele></trkpt>
<trkpt lat="43.038768" lon="10.912749"><ele>419.2</ele></trkpt>
<trkpt lat="43.038854" lon="10.912535"><ele>417.3</ele></trkpt>
<trkpt lat="43.038917" lon="10.912277"><ele>416.7</ele></trkpt>
<trkpt lat="43.038983" lon="10.911804"><ele>415.1</ele></trkpt>
<trkpt lat="43.03896" lon="10.911632"><ele>414.4</ele></trkpt>
<trkpt lat="43.03894" lon="10.911569"><ele>414.4</ele></trkpt>
<trkpt lat="43.038875" lon="10.91144"><ele>414.4</ele></trkpt>
<trkpt lat="43.038854" lon="10.911289"><ele>415.0</ele></trkpt>
<trkpt lat="43.038854" lon="10.91114"><ele>415.8</ele></trkpt>
<trkpt lat="43.038897" lon="10.910882"><ele>417.4</ele></trkpt>
<trkpt lat="43.03894" lon="10.910731"><ele>417.5</ele></trkpt>
<trkpt lat="43.039003" lon="10.910582"><ele>417.4</ele></trkpt>
<trkpt lat="43.039175" lon="10.910281"><ele>416.9</ele></trkpt>
<trkpt lat="43.039239" lon="10.910217"><ele>416.7</ele></trkpt>
<trkpt lat="43.039454" lon="10.910003"><ele>415.9</ele></trkpt>
<trkpt lat="43.039626" lon="10.90996"><ele>415.5</ele></trkpt>
<trkpt lat="43.039711" lon="10.90996"><ele>415.1</ele></trkpt>
<trkpt lat="43.039777" lon="10.90998"><ele>415.0</ele></trkpt>
<trkpt lat="43.039863" lon="10.910046"><ele>414.9</ele></trkpt>
<trkpt lat="43.039969" lon="10.910152"><ele>415.0</ele></trkpt>
<trkpt lat="43.040335" lon="10.910645"><ele>415.6</ele></trkpt>
<trkpt lat="43.040398" lon="10.910688"><ele>415.4</ele></trkpt>
<trkpt lat="43.040463" lon="10.910711"><ele>415.2</ele></trkpt>
<trkpt lat="43.04057" lon="10.910711"><ele>414.9</ele></trkpt>
<trkpt lat="43.040699" lon="10.910668"><ele>414.2</ele></trkpt>
<trkpt lat="43.041063" lon="10.910475"><ele>411.6</ele></trkpt>
<trkpt lat="43.041192" lon="10.910432"><ele>410.8</ele></trkpt>
<trkpt lat="43.041278" lon="10.910409"><ele>410.2</ele></trkpt>
<trkpt lat="43.041815" lon="10.910409"><ele>409.2</ele></trkpt>
<trkpt lat="43.041922" lon="10.910366"><ele>408.5</ele></trkpt>
<trkpt lat="43.042115" lon="10.91026"><ele>406.8</ele></trkpt>
<trkpt lat="43.042458" lon="10.909917"><ele>404.3</ele></trkpt>
<trkpt lat="43.042544" lon="10.909831"><ele>404.1</ele></trkpt>
<trkpt lat="43.042652" lon="10.909702"><ele>403.6</ele></trkpt>
<trkpt lat="43.042887" lon="10.909166"><ele>400.9</ele></trkpt>
<trkpt lat="43.04321" lon="10.90807"><ele>397.4</ele></trkpt>
<trkpt lat="43.043424" lon="10.907191"><ele>396.0</ele></trkpt>
<trkpt lat="43.043466" lon="10.906976"><ele>396.1</ele></trkpt>
<trkpt lat="43.043509" lon="10.906418"><ele>398.0</ele></trkpt>
<trkpt lat="43.043532" lon="10.906225"><ele>399.4</ele></trkpt>
<trkpt lat="43.043661" lon="10.905839"><ele>403.5</ele></trkpt>
<trkpt lat="43.043832" lon="10.905475"><ele>406.1</ele></trkpt>
<trkpt lat="43.043853" lon="10.905432"><ele>406.3</ele></trkpt>
<trkpt lat="43.04409" lon="10.905002"><ele>407.6</ele></trkpt>
<trkpt lat="43.044176" lon="10.904896"><ele>407.4</ele></trkpt>
<trkpt lat="43.044282" lon="10.904787"><ele>407.1</ele></trkpt>
<trkpt lat="43.044669" lon="10.904444"><ele>405.7</ele></trkpt>
<trkpt lat="43.044734" lon="10.904381"><ele>405.5</ele></trkpt>
<trkpt lat="43.045012" lon="10.903952"><ele>405.4</ele></trkpt>
<trkpt lat="43.045076" lon="10.903823"><ele>405.7</ele></trkpt>
<trkpt lat="43.04527" lon="10.903479"><ele>406.8</ele></trkpt>
<trkpt lat="43.045742" lon="10.902686"><ele>408.2</ele></trkpt>
<trkpt lat="43.045977" lon="10.902278"><ele>408.8</ele></trkpt>
<trkpt lat="43.046251" lon="10.901815"><ele>409.0</ele></trkpt>
<trkpt lat="43.047544" lon="10.899638"><ele>406.8</ele></trkpt>
<trkpt lat="43.04763" lon="10.899403"><ele>406.0</ele></trkpt>
<trkpt lat="43.047655" lon="10.899395"><ele>406.0</ele></trkpt>
<trkpt lat="43.04769" lon="10.899377"><ele>405.8</ele></trkpt>
<trkpt lat="43.047711" lon="10.899352"><ele>405.7</ele></trkpt>
<trkpt lat="43.047725" lon="10.899273"><ele>405.5</ele></trkpt>
<trkpt lat="43.047716" lon="10.899231"><ele>405.3</ele></trkpt>
<trkpt lat="43.047779" lon="10.899188"><ele>405.1</ele></trkpt>
<trkpt lat="43.047845" lon="10.899102"><ele>404.5</ele></trkpt>
<trkpt lat="43.048059" lon="10.898716"><ele>402.1</ele></trkpt>
<trkpt lat="43.048188" lon="10.898501"><ele>401.0</ele></trkpt>
<trkpt lat="43.048423" lon="10.898094"><ele>400.0</ele></trkpt>
<trkpt lat="43.048552" lon="10.8979"><ele>399.9</ele></trkpt>
<trkpt lat="43.048874" lon="10.897342"><ele>400.3</ele></trkpt>
<trkpt lat="43.049217" lon="10.896762"><ele>401.1</ele></trkpt>
<trkpt lat="43.04984" lon="10.895669"><ele>404.7</ele></trkpt>
<trkpt lat="43.050055" lon="10.895325"><ele>405.8</ele></trkpt>
<trkpt lat="43.050377" lon="10.894789"><ele>406.3</ele></trkpt>
<trkpt lat="43.050591" lon="10.89438"><ele>405.6</ele></trkpt>
<trkpt lat="43.05072" lon="10.894187"><ele>405.6</ele></trkpt>
<trkpt lat="43.050869" lon="10.893909"><ele>405.5</ele></trkpt>
<trkpt lat="43.050961" lon="10.893774"><ele>405.4</ele></trkpt>
<trkpt lat="43.05097" lon="10.893673"><ele>405.2</ele></trkpt>
<trkpt lat="43.050997" lon="10.89369"><ele>405.5</ele></trkpt>
<trkpt lat="43.051041" lon="10.893687"><ele>405.6</ele></trkpt>
<trkpt lat="43.051071" lon="10.893666"><ele>405.7</ele></trkpt>
<trkpt lat="43.051098" lon="10.893635"><ele>405.7</ele></trkpt>
<trkpt lat="43.051157" lon="10.893625"><ele>405.9</ele></trkpt>
<trkpt lat="43.051197" lon="10.893592"><ele>406.0</ele></trkpt>
<trkpt lat="43.05122" lon="10.893532"><ele>406.0</ele></trkpt>
<trkpt lat="43.051235" lon="10.893493"><ele>406.0</ele></trkpt>
<trkpt lat="43.051254" lon="10.893474"><ele>406.0</ele></trkpt>
<trkpt lat="43.051254" lon="10.893457"><ele>406.0</ele></trkpt>
<trkpt lat="43.051242" lon="10.893414"><ele>405.9</ele></trkpt>
<trkpt lat="43.051224" lon="10.89339"><ele>405.8</ele></trkpt>
<trkpt lat="43.051232" lon="10.893291"><ele>405.7</ele></trkpt>
<trkpt lat="43.051261" lon="10.893227"><ele>405.8</ele></trkpt>
<trkpt lat="43.051283" lon="10.893044"><ele>405.6</ele></trkpt>
<trkpt lat="43.051385" lon="10.892271"><ele>405.0</ele></trkpt>
<trkpt lat="43.051469" lon="10.89165"><ele>404.2</ele></trkpt>
<trkpt lat="43.051566" lon="10.890924"><ele>400.9</ele></trkpt>
<trkpt lat="43.051582" lon="10.890727"><ele>400.2</ele></trkpt>
<trkpt lat="43.051596" lon="10.890608"><ele>399.8</ele></trkpt>
<trkpt lat="43.051596" lon="10.890551"><ele>399.7</ele></trkpt>
<trkpt lat="43.051596" lon="10.890551"><ele>399.7</ele></trkpt>
<trkpt lat="43.051569" lon="10.890558"><ele>399.7</ele></trkpt>
<trkpt lat="43.051542" lon="10.890572"><ele>399.8</ele></trkpt>
<trkpt lat="43.051539" lon="10.890576"><ele>399.8</ele></trkpt>
<trkpt lat="43.051383" lon="10.89063"><ele>400.2</ele></trkpt>
<trkpt lat="43.051275" lon="10.890662"><ele>400.5</ele></trkpt>
<trkpt lat="43.05114" lon="10.89068"><ele>399.2</ele></trkpt>
<trkpt lat="43.051011" lon="10.890687"><ele>397.9</ele></trkpt>
<trkpt lat="43.050903" lon="10.890687"><ele>396.7</ele></trkpt>
<trkpt lat="43.050774" lon="10.890687"><ele>395.4</ele></trkpt>
<trkpt lat="43.050679" lon="10.890687"><ele>394.4</ele></trkpt>
<trkpt lat="43.05059" lon="10.890687"><ele>393.5</ele></trkpt>
<trkpt lat="43.050542" lon="10.890687"><ele>393.0</ele></trkpt>
<trkpt lat="43.050472" lon="10.890687"><ele>392.3</ele></trkpt>
<trkpt lat="43.050421" lon="10.890701"><ele>391.9</ele></trkpt>
<trkpt lat="43.050402" lon="10.890737"><ele>392.1</ele></trkpt>
<trkpt lat="43.050396" lon="10.890806"><ele>392.5</ele></trkpt>
<trkpt lat="43.050423" lon="10.890924"><ele>393.1</ele></trkpt>
<trkpt lat="43.050421" lon="10.891097"><ele>393.5</ele></trkpt>
<trkpt lat="43.050415" lon="10.89133"><ele>394.1</ele></trkpt>
<trkpt lat="43.050405" lon="10.891607"><ele>394.7</ele></trkpt>
<trkpt lat="43.050396" lon="10.89175"><ele>395.2</ele></trkpt>
<trkpt lat="43.050391" lon="10.891872"><ele>395.8</ele></trkpt>
<trkpt lat="43.050426" lon="10.892005"><ele>396.4</ele></trkpt>
<trkpt lat="43.050477" lon="10.892192"><ele>397.7</ele></trkpt>
<trkpt lat="43.050526" lon="10.892347"><ele>398.8</ele></trkpt>
<trkpt lat="43.05055" lon="10.892501"><ele>399.6</ele></trkpt>
<trkpt lat="43.050593" lon="10.892623"><ele>400.5</ele></trkpt>
<trkpt lat="43.050612" lon="10.892713"><ele>401.0</ele></trkpt>
<trkpt lat="43.050615" lon="10.89276"><ele>401.2</ele></trkpt>
<trkpt lat="43.050591" lon="10.892793"><ele>401.2</ele></trkpt>
<trkpt lat="43.050506" lon="10.892793"><ele>400.6</ele></trkpt>
<trkpt lat="43.050311" lon="10.892815"><ele>400.5</ele></trkpt>
<trkpt lat="43.050226" lon="10.892793"><ele>400.5</ele></trkpt>
<trkpt lat="43.050162" lon="10.892772"><ele>400.4</ele></trkpt>
<trkpt lat="43.050119" lon="10.892729"><ele>400.3</ele></trkpt>
<trkpt lat="43.050055" lon="10.892578"><ele>399.6</ele></trkpt>
<trkpt lat="43.050033" lon="10.892515"><ele>399.4</ele></trkpt>
<trkpt lat="43.04999" lon="10.892343"><ele>398.5</ele></trkpt>
<trkpt lat="43.049947" lon="10.891828"><ele>395.7</ele></trkpt>
<trkpt lat="43.049947" lon="10.891785"><ele>395.4</ele></trkpt>
<trkpt lat="43.049926" lon="10.89112"><ele>393.1</ele></trkpt>
<trkpt lat="43.049904" lon="10.890991"><ele>392.7</ele></trkpt>
<trkpt lat="43.049883" lon="10.890883"><ele>392.4</ele></trkpt>
<trkpt lat="43.049626" lon="10.890069"><ele>384.4</ele></trkpt>
<trkpt lat="43.04962" lon="10.889905"><ele>381.9</ele></trkpt>
<trkpt lat="43.049619" lon="10.889821"><ele>380.5</ele></trkpt>
<trkpt lat="43.04966" lon="10.889735"><ele>379.3</ele></trkpt>
<trkpt lat="43.049692" lon="10.889644"><ele>378.0</ele></trkpt>
<trkpt lat="43.049723" lon="10.889555"><ele>376.7</ele></trkpt>
<trkpt lat="43.049751" lon="10.889481"><ele>375.7</ele></trkpt>
<trkpt lat="43.04977" lon="10.88939"><ele>374.3</ele></trkpt>
<trkpt lat="43.04977" lon="10.889335"><ele>373.4</ele></trkpt>
<trkpt lat="43.04977" lon="10.889292"><ele>372.7</ele></trkpt>
<trkpt lat="43.04975" lon="10.889299"><ele>372.7</ele></trkpt>
<trkpt lat="43.049728" lon="10.889335"><ele>373.1</ele></trkpt>
<trkpt lat="43.049683" lon="10.889421"><ele>374.2</ele></trkpt>
<trkpt lat="43.049644" lon="10.889519"><ele>375.6</ele></trkpt>
<trkpt lat="43.049599" lon="10.889534"><ele>375.6</ele></trkpt>
<trkpt lat="43.049543" lon="10.889534"><ele>375.9</ele></trkpt>
<trkpt lat="43.049475" lon="10.889469"><ele>375.1</ele></trkpt>
<trkpt lat="43.049435" lon="10.889412"><ele>374.2</ele></trkpt>
<trkpt lat="43.049396" lon="10.88934"><ele>373.0</ele></trkpt>
<trkpt lat="43.049372" lon="10.889297"><ele>372.3</ele></trkpt>
<trkpt lat="43.049369" lon="10.889184"><ele>370.4</ele></trkpt>
<trkpt lat="43.049389" lon="10.889145"><ele>370.0</ele></trkpt>
<trkpt lat="43.049454" lon="10.889124"><ele>369.7</ele></trkpt>
<trkpt lat="43.049669" lon="10.888953"><ele>368.7</ele></trkpt>
<trkpt lat="43.049798" lon="10.888866"><ele>369.0</ele></trkpt>
<trkpt lat="43.04984" lon="10.888823"><ele>369.0</ele></trkpt>
<trkpt lat="43.049818" lon="10.888523"><ele>366.6</ele></trkpt>
<trkpt lat="43.04984" lon="10.888288"><ele>364.9</ele></trkpt>
<trkpt lat="43.049796" lon="10.888197"><ele>362.6</ele></trkpt>
<trkpt lat="43.049728" lon="10.888164"><ele>362.9</ele></trkpt>
<trkpt lat="43.049753" lon="10.888101"><ele>362.1</ele></trkpt>
<trkpt lat="43.049861" lon="10.888008"><ele>362.4</ele></trkpt>
<trkpt lat="43.050021" lon="10.888047"><ele>359.5</ele></trkpt>
<trkpt lat="43.050309" lon="10.88814"><ele>359.8</ele></trkpt>
<trkpt lat="43.050595" lon="10.888183"><ele>359.5</ele></trkpt>
<trkpt lat="43.050805" lon="10.888251"><ele>361.6</ele></trkpt>
<trkpt lat="43.051072" lon="10.888248"><ele>362.0</ele></trkpt>
<trkpt lat="43.051309" lon="10.888251"><ele>362.5</ele></trkpt>
<trkpt lat="43.051438" lon="10.888237"><ele>362.0</ele></trkpt>
<trkpt lat="43.051568" lon="10.888305"><ele>360.4</ele></trkpt>
<trkpt lat="43.051704" lon="10.888524"><ele>356.2</ele></trkpt>
<trkpt lat="43.051788" lon="10.888657"><ele>358.3</ele></trkpt>
<trkpt lat="43.051993" lon="10.888844"><ele>362.0</ele></trkpt>
<trkpt lat="43.052453" lon="10.889009"><ele>362.9</ele></trkpt>
<trkpt lat="43.052661" lon="10.889095"><ele>363.9</ele></trkpt>
<trkpt lat="43.052741" lon="10.889106"><ele>363.9</ele></trkpt>
<trkpt lat="43.053067" lon="10.889189"><ele>364.0</ele></trkpt>
<trkpt lat="43.053364" lon="10.889271"><ele>360.7</ele></trkpt>
<trkpt lat="43.053455" lon="10.889279"><ele>360.3</ele></trkpt>
<trkpt lat="43.053677" lon="10.889282"><ele>358.6</ele></trkpt>
<trkpt lat="43.053739" lon="10.889221"><ele>356.7</ele></trkpt>
<trkpt lat="43.053968" lon="10.889359"><ele>356.0</ele></trkpt>
<trkpt lat="43.05432" lon="10.889736"><ele>355.0</ele></trkpt>
<trkpt lat="43.054509" lon="10.890046"><ele>355.8</ele></trkpt>
<trkpt lat="43.054773" lon="10.890449"><ele>359.3</ele></trkpt>
<trkpt lat="43.055075" lon="10.890918"><ele>359.8</ele></trkpt>
<trkpt lat="43.055397" lon="10.891377"><ele>332.8</ele></trkpt>
<trkpt lat="43.055483" lon="10.891699"><ele>332.2</ele></trkpt>
<trkpt lat="43.055719" lon="10.892149"><ele>325.6</ele></trkpt>
<trkpt lat="43.055741" lon="10.892235"><ele>325.1</ele></trkpt>
<trkpt lat="43.055762" lon="10.892343"><ele>324.7</ele></trkpt>
<trkpt lat="43.05589" lon="10.894296"><ele>320.6</ele></trkpt>
<trkpt lat="43.055913" lon="10.89438"><ele>320.2</ele></trkpt>
<trkpt lat="43.056202" lon="10.894844"><ele>313.4</ele></trkpt>
<trkpt lat="43.056385" lon="10.895133"><ele>309.8</ele></trkpt>
<trkpt lat="43.056448" lon="10.895282"><ele>308.8</ele></trkpt>
<trkpt lat="43.056491" lon="10.895433"><ele>308.3</ele></trkpt>
<trkpt lat="43.056491" lon="10.895582"><ele>308.7</ele></trkpt>
<trkpt lat="43.056471" lon="10.89599"><ele>310.4</ele></trkpt>
<trkpt lat="43.056491" lon="10.896076"><ele>310.4</ele></trkpt>
<trkpt lat="43.056577" lon="10.896247"><ele>309.6</ele></trkpt>
<trkpt lat="43.05662" lon="10.89629"><ele>309.0</ele></trkpt>
<trkpt lat="43.056706" lon="10.896356"><ele>307.6</ele></trkpt>
<trkpt lat="43.056749" lon="10.896376"><ele>306.9</ele></trkpt>
<trkpt lat="43.057028" lon="10.896376"><ele>301.4</ele></trkpt>
<trkpt lat="43.057114" lon="10.896399"><ele>299.9</ele></trkpt>
<trkpt lat="43.057179" lon="10.896419"><ele>298.9</ele></trkpt>
<trkpt lat="43.057265" lon="10.896591"><ele>298.2</ele></trkpt>
<trkpt lat="43.057394" lon="10.8982"><ele>294.1</ele></trkpt>
<trkpt lat="43.057414" lon="10.898329"><ele>293.6</ele></trkpt>
<trkpt lat="43.057457" lon="10.898415"><ele>292.8</ele></trkpt>
<trkpt lat="43.057543" lon="10.898608"><ele>291.0</ele></trkpt>
<trkpt lat="43.058531" lon="10.900111"><ele>277.0</ele></trkpt>
<trkpt lat="43.05868" lon="10.900325"><ele>276.5</ele></trkpt>
<trkpt lat="43.058745" lon="10.900432"><ele>276.5</ele></trkpt>
<trkpt lat="43.058852" lon="10.900603"><ele>276.4</ele></trkpt>
<trkpt lat="43.059646" lon="10.901826"><ele>277.1</ele></trkpt>
<trkpt lat="43.060398" lon="10.903006"><ele>281.6</ele></trkpt>
<trkpt lat="43.060925" lon="10.903774"><ele>281.8</ele></trkpt>
<trkpt lat="43.061482" lon="10.90478"><ele>282.2</ele></trkpt>
<trkpt lat="43.06204" lon="10.905449"><ele>282.4</ele></trkpt>
<trkpt lat="43.06295" lon="10.906011"><ele>291.0</ele></trkpt>
<trkpt lat="43.063138" lon="10.906228"><ele>291.3</ele></trkpt>
<trkpt lat="43.063427" lon="10.906658"><ele>291.9</ele></trkpt>
<trkpt lat="43.064028" lon="10.907478"><ele>290.7</ele></trkpt>
<trkpt lat="43.065498" lon="10.910238"><ele>306.2</ele></trkpt>
<trkpt lat="43.065768" lon="10.910628"><ele>308.3</ele></trkpt>
<trkpt lat="43.066588" lon="10.911378"><ele>310.1</ele></trkpt>
<trkpt lat="43.069178" lon="10.91351"><ele>316.6</ele></trkpt>
<trkpt lat="43.069738" lon="10.91403"><ele>320.0</ele></trkpt>
<trkpt lat="43.07002" lon="10.91435"><ele>322.4</ele></trkpt>
<trkpt lat="43.07025" lon="10.914698"><ele>324.9</ele></trkpt>
<trkpt lat="43.07042" lon="10.915069"><ele>327.6</ele></trkpt>
<trkpt lat="43.07052" lon="10.915417"><ele>328.8</ele></trkpt>
<trkpt lat="43.07058" lon="10.91573"><ele>329.5</ele></trkpt>
<trkpt lat="43.07058" lon="10.91646"><ele>332.1</ele></trkpt>
<trkpt lat="43.07054" lon="10.916809"><ele>333.5</ele></trkpt>
<trkpt lat="43.070398" lon="10.9176"><ele>337.5</ele></trkpt>
<trkpt lat="43.07038" lon="10.91813"><ele>340.9</ele></trkpt>
<trkpt lat="43.070458" lon="10.918679"><ele>344.7</ele></trkpt>
<trkpt lat="43.07055" lon="10.918928"><ele>346.2</ele></trkpt>
<trkpt lat="43.070728" lon="10.919268"><ele>348.2</ele></trkpt>
<trkpt lat="43.0709" lon="10.919458"><ele>350.1</ele></trkpt>
<trkpt lat="43.071078" lon="10.919628"><ele>351.9</ele></trkpt>
<trkpt lat="43.07203" lon="10.92023"><ele>353.8</ele></trkpt>
<trkpt lat="43.073504" lon="10.920993"><ele>349.0</ele></trkpt>
<trkpt lat="43.073656" lon="10.921143"><ele>348.9</ele></trkpt>
<trkpt lat="43.07377" lon="10.921369"><ele>348.9</ele></trkpt>
<trkpt lat="43.073914" lon="10.921362"><ele>348.9</ele></trkpt>
<trkpt lat="43.073982" lon="10.921278"><ele>348.9</ele></trkpt>
<trkpt lat="43.074046" lon="10.921009"><ele>348.9</ele></trkpt>
<trkpt lat="43.074108" lon="10.92082"><ele>349.0</ele></trkpt>
<trkpt lat="43.07442" lon="10.92043"><ele>348.4</ele></trkpt>
<trkpt lat="43.07495" lon="10.919428"><ele>346.2</ele></trkpt>
<trkpt lat="43.0752" lon="10.919098"><ele>346.3</ele></trkpt>
<trkpt lat="43.075447" lon="10.918868"><ele>346.8</ele></trkpt>
<trkpt lat="43.075718" lon="10.91873"><ele>346.7</ele></trkpt>
<trkpt lat="43.07596" lon="10.91865"><ele>346.5</ele></trkpt>
<trkpt lat="43.076368" lon="10.91865"><ele>346.0</ele></trkpt>
<trkpt lat="43.076528" lon="10.918679"><ele>345.7</ele></trkpt>
<trkpt lat="43.076839" lon="10.91879"><ele>345.5</ele></trkpt>
<trkpt lat="43.077358" lon="10.919068"><ele>345.8</ele></trkpt>
<trkpt lat="43.077848" lon="10.919398"><ele>346.6</ele></trkpt>
<trkpt lat="43.08066" lon="10.921468"><ele>357.7</ele></trkpt>
<trkpt lat="43.084269" lon="10.92421"><ele>376.9</ele></trkpt>
<trkpt lat="43.086378" lon="10.925758"><ele>383.3</ele></trkpt>
<trkpt lat="43.086778" lon="10.926028"><ele>386.1</ele></trkpt>
<trkpt lat="43.08781" lon="10.926348"><ele>390.4</ele></trkpt>
<trkpt lat="43.0887" lon="10.926588"><ele>393.6</ele></trkpt>
<trkpt lat="43.08916" lon="10.92674"><ele>396.4</ele></trkpt>
<trkpt lat="43.089168" lon="10.92674"><ele>396.5</ele></trkpt>
<trkpt lat="43.08923" lon="10.92677"><ele>396.9</ele></trkpt>
<trkpt lat="43.089408" lon="10.926908"><ele>397.4</ele></trkpt>
<trkpt lat="43.09015" lon="10.92782"><ele>395.5</ele></trkpt>
<trkpt lat="43.090948" lon="10.92877"><ele>398.9</ele></trkpt>
<trkpt lat="43.091398" lon="10.929249"><ele>401.5</ele></trkpt>
<trkpt lat="43.09202" lon="10.929568"><ele>405.0</ele></trkpt>
<trkpt lat="43.09234" lon="10.92965"><ele>407.3</ele></trkpt>
<trkpt lat="43.094298" lon="10.92998"><ele>412.7</ele></trkpt>
<trkpt lat="43.095118" lon="10.929768"><ele>418.8</ele></trkpt>
<trkpt lat="43.095619" lon="10.92985"><ele>416.4</ele></trkpt>
<trkpt lat="43.097638" lon="10.929368"><ele>419.5</ele></trkpt>
<trkpt lat="43.10005" lon="10.92886"><ele>445.6</ele></trkpt>
<trkpt lat="43.10045" lon="10.928688"><ele>452.4</ele></trkpt>
<trkpt lat="43.10071" lon="10.92841"><ele>454.0</ele></trkpt>
<trkpt lat="43.10095" lon="10.927839"><ele>457.6</ele></trkpt>
<trkpt lat="43.100988" lon="10.92736"><ele>458.1</ele></trkpt>
<trkpt lat="43.10095" lon="10.927048"><ele>457.8</ele></trkpt>
<trkpt lat="43.100928" lon="10.926729"><ele>457.8</ele></trkpt>
<trkpt lat="43.100928" lon="10.926548"><ele>457.5</ele></trkpt>
<trkpt lat="43.10098" lon="10.92634"><ele>457.4</ele></trkpt>
<trkpt lat="43.101388" lon="10.925367"><ele>454.9</ele></trkpt>
<trkpt lat="43.10169" lon="10.92486"><ele>452.2</ele></trkpt>
<trkpt lat="43.101848" lon="10.9248"><ele>451.8</ele></trkpt>
<trkpt lat="43.102208" lon="10.92503"><ele>452.7</ele></trkpt>
<trkpt lat="43.102368" lon="10.92499"><ele>452.1</ele></trkpt>
<trkpt lat="43.102888" lon="10.92479"><ele>451.5</ele></trkpt>
<trkpt lat="43.10356" lon="10.924569"><ele>453.9</ele></trkpt>
<trkpt lat="43.103818" lon="10.92431"><ele>456.3</ele></trkpt>
<trkpt lat="43.104078" lon="10.92375"><ele>461.3</ele></trkpt>
<trkpt lat="43.10419" lon="10.92361"><ele>462.6</ele></trkpt>
<trkpt lat="43.10432" lon="10.923558"><ele>464.5</ele></trkpt>
<trkpt lat="43.10455" lon="10.92371"><ele>465.9</ele></trkpt>
<trkpt lat="43.10479" lon="10.923957"><ele>467.2</ele></trkpt>
<trkpt lat="43.104958" lon="10.924018"><ele>469.2</ele></trkpt>
<trkpt lat="43.10504" lon="10.92407"><ele>470.1</ele></trkpt>
<trkpt lat="43.105098" lon="10.92424"><ele>469.8</ele></trkpt>
<trkpt lat="43.10505" lon="10.92453"><ele>465.8</ele></trkpt>
<trkpt lat="43.105087" lon="10.92466"><ele>465.0</ele></trkpt>
<trkpt lat="43.10518" lon="10.924707"><ele>465.8</ele></trkpt>
<trkpt lat="43.1055" lon="10.924719"><ele>470.4</ele></trkpt>
<trkpt lat="43.105748" lon="10.924589"><ele>475.7</ele></trkpt>
<trkpt lat="43.106078" lon="10.924448"><ele>480.3</ele></trkpt>
<trkpt lat="43.10668" lon="10.92483"><ele>482.0</ele></trkpt>
<trkpt lat="43.107188" lon="10.92538"><ele>483.6</ele></trkpt>
<trkpt lat="43.107558" lon="10.925658"><ele>487.9</ele></trkpt>
<trkpt lat="43.108008" lon="10.92558"><ele>487.1</ele></trkpt>
<trkpt lat="43.108248" lon="10.92562"><ele>487.3</ele></trkpt>
<trkpt lat="43.108478" lon="10.925858"><ele>489.0</ele></trkpt>
<trkpt lat="43.109418" lon="10.927568"><ele>492.6</ele></trkpt>
<trkpt lat="43.109888" lon="10.928058"><ele>491.6</ele></trkpt>
<trkpt lat="43.11037" lon="10.92844"><ele>493.6</ele></trkpt>
<trkpt lat="43.110768" lon="10.92867"><ele>496.3</ele></trkpt>
<trkpt lat="43.111599" lon="10.928837"><ele>503.9</ele></trkpt>
<trkpt lat="43.112648" lon="10.929637"><ele>513.2</ele></trkpt>
<trkpt lat="43.11299" lon="10.93001"><ele>512.4</ele></trkpt>
<trkpt lat="43.113368" lon="10.93018"><ele>516.9</ele></trkpt>
<trkpt lat="43.113888" lon="10.930057"><ele>522.0</ele></trkpt>
<trkpt lat="43.11437" lon="10.92998"><ele>526.8</ele></trkpt>
<trkpt lat="43.1147" lon="10.92976"><ele>532.7</ele></trkpt>
<trkpt lat="43.114878" lon="10.929479"><ele>535.3</ele></trkpt>
<trkpt lat="43.115208" lon="10.929349"><ele>537.9</ele></trkpt>
<trkpt lat="43.115899" lon="10.929479"><ele>547.4</ele></trkpt>
<trkpt lat="43.116819" lon="10.929468"><ele>561.0</ele></trkpt>
<trkpt lat="43.11778" lon="10.929768"><ele>569.9</ele></trkpt>
<trkpt lat="43.118028" lon="10.93014"><ele>571.1</ele></trkpt>
<trkpt lat="43.11828" lon="10.930318"><ele>572.3</ele></trkpt>
<trkpt lat="43.11864" lon="10.93041"><ele>574.7</ele></trkpt>
<trkpt lat="43.119" lon="10.930448"><ele>577.2</ele></trkpt>
<trkpt lat="43.11916" lon="10.930458"><ele>578.2</ele></trkpt>
<trkpt lat="43.119308" lon="10.930418"><ele>580.1</ele></trkpt>
<trkpt lat="43.11959" lon="10.93014"><ele>584.5</ele></trkpt>
<trkpt lat="43.11978" lon="10.929868"><ele>587.9</ele></trkpt>
<trkpt lat="43.119868" lon="10.92962"><ele>589.8</ele></trkpt>
<trkpt lat="43.12004" lon="10.92896"><ele>593.8</ele></trkpt>
<trkpt lat="43.120199" lon="10.928748"><ele>596.8</ele></trkpt>
<trkpt lat="43.120978" lon="10.928348"><ele>597.8</ele></trkpt>
<trkpt lat="43.12129" lon="10.928069"><ele>600.8</ele></trkpt>
<trkpt lat="43.121378" lon="10.92778"><ele>601.5</ele></trkpt>
<trkpt lat="43.121378" lon="10.927337"><ele>604.3</ele></trkpt>
<trkpt lat="43.121508" lon="10.926948"><ele>605.5</ele></trkpt>
<trkpt lat="43.122079" lon="10.925639"><ele>614.7</ele></trkpt>
<trkpt lat="43.122558" lon="10.92513"><ele>616.6</ele></trkpt>
<trkpt lat="43.123008" lon="10.92431"><ele>628.1</ele></trkpt>
<trkpt lat="43.123608" lon="10.92362"><ele>634.4</ele></trkpt>
<trkpt lat="43.124658" lon="10.922868"><ele>639.6</ele></trkpt>
<trkpt lat="43.124788" lon="10.92282"><ele>640.7</ele></trkpt>
<trkpt lat="43.124858" lon="10.92282"><ele>641.0</ele></trkpt>
<trkpt lat="43.124918" lon="10.922868"><ele>640.9</ele></trkpt>
<trkpt lat="43.12503" lon="10.923209"><ele>639.2</ele></trkpt>
<trkpt lat="43.125088" lon="10.92372"><ele>637.3</ele></trkpt>
<trkpt lat="43.12524" lon="10.923918"><ele>637.3</ele></trkpt>
<trkpt lat="43.12556" lon="10.92388"><ele>639.7</ele></trkpt>
<trkpt lat="43.12569" lon="10.92384"><ele>640.9</ele></trkpt>
<trkpt lat="43.126009" lon="10.923679"><ele>645.5</ele></trkpt>
<trkpt lat="43.12618" lon="10.923468"><ele>649.1</ele></trkpt>
<trkpt lat="43.126458" lon="10.9228"><ele>654.1</ele></trkpt>
<trkpt lat="43.126828" lon="10.921558"><ele>658.0</ele></trkpt>
<trkpt lat="43.126828" lon="10.920908"><ele>657.0</ele></trkpt>
<trkpt lat="43.12697" lon="10.920568"><ele>653.7</ele></trkpt>
<trkpt lat="43.127047" lon="10.92013"><ele>649.7</ele></trkpt>
<trkpt lat="43.12704" lon="10.9199"><ele>647.8</ele></trkpt>
<trkpt lat="43.126848" lon="10.919498"><ele>644.2</ele></trkpt>
<trkpt lat="43.12668" lon="10.919068"><ele>638.5</ele></trkpt>
<trkpt lat="43.126718" lon="10.918808"><ele>634.6</ele></trkpt>
<trkpt lat="43.127" lon="10.91856"><ele>632.2</ele></trkpt>
<trkpt lat="43.128108" lon="10.917988"><ele>633.7</ele></trkpt>
<trkpt lat="43.129029" lon="10.91757"><ele>630.9</ele></trkpt>
<trkpt lat="43.129478" lon="10.917258"><ele>625.2</ele></trkpt>
<trkpt lat="43.129719" lon="10.916478"><ele>628.5</ele></trkpt>
<trkpt lat="43.130068" lon="10.915989"><ele>623.2</ele></trkpt>
<trkpt lat="43.130238" lon="10.9155"><ele>620.6</ele></trkpt>
<trkpt lat="43.130498" lon="10.914857"><ele>616.0</ele></trkpt>
<trkpt lat="43.13039" lon="10.91459"><ele>620.3</ele></trkpt>
<trkpt lat="43.130438" lon="10.91432"><ele>619.4</ele></trkpt>
<trkpt lat="43.13075" lon="10.913429"><ele>607.8</ele></trkpt>
<trkpt lat="43.130698" lon="10.913018"><ele>604.1</ele></trkpt>
<trkpt lat="43.130758" lon="10.91279"><ele>600.4</ele></trkpt>
<trkpt lat="43.130918" lon="10.912658"><ele>597.2</ele></trkpt>
<trkpt lat="43.1316" lon="10.912668"><ele>592.0</ele></trkpt>
<trkpt lat="43.131718" lon="10.91261"><ele>590.4</ele></trkpt>
<trkpt lat="43.131747" lon="10.912419"><ele>589.2</ele></trkpt>
<trkpt lat="43.1317" lon="10.91225"><ele>589.5</ele></trkpt>
<trkpt lat="43.13153" lon="10.9121"><ele>589.6</ele></trkpt>
<trkpt lat="43.131288" lon="10.9117"><ele>587.0</ele></trkpt>
<trkpt lat="43.13118" lon="10.911388"><ele>583.6</ele></trkpt>
<trkpt lat="43.1311" lon="10.91104"><ele>579.5</ele></trkpt>
<trkpt lat="43.13095" lon="10.91088"><ele>576.1</ele></trkpt>
<trkpt lat="43.13084" lon="10.910828"><ele>574.0</ele></trkpt>
<trkpt lat="43.13082" lon="10.91068"><ele>570.4</ele></trkpt>
<trkpt lat="43.13097" lon="10.910528"><ele>568.5</ele></trkpt>
<trkpt lat="43.132768" lon="10.9092"><ele>551.5</ele></trkpt>
<trkpt lat="43.13305" lon="10.908928"><ele>551.0</ele></trkpt>
<trkpt lat="43.13311" lon="10.908858"><ele>551.2</ele></trkpt>
<trkpt lat="43.13328" lon="10.908268"><ele>551.1</ele></trkpt>
<trkpt lat="43.13341" lon="10.907959"><ele>547.5</ele></trkpt>
<trkpt lat="43.13353" lon="10.907838"><ele>546.6</ele></trkpt>
<trkpt lat="43.133648" lon="10.90783"><ele>547.7</ele></trkpt>
<trkpt lat="43.13443" lon="10.90809"><ele>556.9</ele></trkpt>
<trkpt lat="43.13465" lon="10.908097"><ele>557.3</ele></trkpt>
<trkpt lat="43.13508" lon="10.907878"><ele>559.1</ele></trkpt>
<trkpt lat="43.13534" lon="10.907677"><ele>562.0</ele></trkpt>
<trkpt lat="43.13548" lon="10.90734"><ele>564.0</ele></trkpt>
<trkpt lat="43.135599" lon="10.906848"><ele>564.2</ele></trkpt>
<trkpt lat="43.1357" lon="10.90654"><ele>564.3</ele></trkpt>
<trkpt lat="43.135878" lon="10.90635"><ele>565.3</ele></trkpt>
<trkpt lat="43.137039" lon="10.90575"><ele>573.1</ele></trkpt>
<trkpt lat="43.137039" lon="10.90575"><ele>573.1</ele></trkpt>
<trkpt lat="43.137168" lon="10.90569"><ele>573.2</ele></trkpt>
<trkpt lat="43.13747" lon="10.905638"><ele>574.8</ele></trkpt>
<trkpt lat="43.138089" lon="10.905638"><ele>574.3</ele></trkpt>
<trkpt lat="43.139328" lon="10.905738"><ele>570.4</ele></trkpt>
<trkpt lat="43.140078" lon="10.90583"><ele>564.7</ele></trkpt>
<trkpt lat="43.140378" lon="10.905668"><ele>562.4</ele></trkpt>
<trkpt lat="43.14148" lon="10.904599"><ele>562.7</ele></trkpt>
<trkpt lat="43.14158" lon="10.904398"><ele>564.5</ele></trkpt>
<trkpt lat="43.141598" lon="10.904258"><ele>565.5</ele></trkpt>
<trkpt lat="43.141419" lon="10.903538"><ele>565.9</ele></trkpt>
<trkpt lat="43.14145" lon="10.903319"><ele>567.1</ele></trkpt>
<trkpt lat="43.141598" lon="10.90281"><ele>569.8</ele></trkpt>
<trkpt lat="43.14168" lon="10.902609"><ele>571.1</ele></trkpt>
<trkpt lat="43.14178" lon="10.90248"><ele>571.8</ele></trkpt>
<trkpt lat="43.1419" lon="10.902388"><ele>571.5</ele></trkpt>
<trkpt lat="43.14247" lon="10.902488"><ele>578.6</ele></trkpt>
<trkpt lat="43.14305" lon="10.90234"><ele>583.1</ele></trkpt>
<trkpt lat="43.14332" lon="10.90215"><ele>584.5</ele></trkpt>
<trkpt lat="43.14349" lon="10.901968"><ele>586.4</ele></trkpt>
<trkpt lat="43.14364" lon="10.901598"><ele>588.1</ele></trkpt>
<trkpt lat="43.14375" lon="10.90107"><ele>588.3</ele></trkpt>
<trkpt lat="43.143947" lon="10.900458"><ele>589.8</ele></trkpt>
<trkpt lat="43.144388" lon="10.899368"><ele>588.7</ele></trkpt>
<trkpt lat="43.144548" lon="10.89913"><ele>589.1</ele></trkpt>
<trkpt lat="43.144977" lon="10.8988"><ele>594.1</ele></trkpt>
<trkpt lat="43.14516" lon="10.89821"><ele>593.2</ele></trkpt>
<trkpt lat="43.14515" lon="10.89791"><ele>594.6</ele></trkpt>
<trkpt lat="43.14502" lon="10.89755"><ele>594.1</ele></trkpt>
<trkpt lat="43.144778" lon="10.89706"><ele>593.6</ele></trkpt>
<trkpt lat="43.14477" lon="10.896359"><ele>598.6</ele></trkpt>
<trkpt lat="43.144648" lon="10.896048"><ele>598.8</ele></trkpt>
<trkpt lat="43.144488" lon="10.895828"><ele>598.1</ele></trkpt>
<trkpt lat="43.14437" lon="10.895698"><ele>597.2</ele></trkpt>
<trkpt lat="43.14431" lon="10.89542"><ele>598.3</ele></trkpt>
<trkpt lat="43.14446" lon="10.895108"><ele>603.1</ele></trkpt>
<trkpt lat="43.14447" lon="10.894878"><ele>605.1</ele></trkpt>
<trkpt lat="43.144278" lon="10.894548"><ele>605.0</ele></trkpt>
<trkpt lat="43.14408" lon="10.894378"><ele>603.4</ele></trkpt>
<trkpt lat="43.143958" lon="10.89417"><ele>603.0</ele></trkpt>
<trkpt lat="43.143947" lon="10.893928"><ele>601.7</ele></trkpt>
<trkpt lat="43.14414" lon="10.893588"><ele>603.7</ele></trkpt>
<trkpt lat="43.144738" lon="10.89342"><ele>612.2</ele></trkpt>
<trkpt lat="43.14483" lon="10.89328"><ele>613.0</ele></trkpt>
<trkpt lat="43.144908" lon="10.89306"><ele>613.1</ele></trkpt>
<trkpt lat="43.14513" lon="10.89217"><ele>612.4</ele></trkpt>
<trkpt lat="43.145267" lon="10.89119"><ele>611.9</ele></trkpt>
<trkpt lat="43.145138" lon="10.888498"><ele>621.0</ele></trkpt>
<trkpt lat="43.14516" lon="10.88817"><ele>620.6</ele></trkpt>
<trkpt lat="43.145267" lon="10.88793"><ele>620.6</ele></trkpt>
<trkpt lat="43.145338" lon="10.88781"><ele>620.9</ele></trkpt>
<trkpt lat="43.14538" lon="10.88761"><ele>621.2</ele></trkpt>
<trkpt lat="43.14539" lon="10.88747"><ele>621.4</ele></trkpt>
<trkpt lat="43.145359" lon="10.887299"><ele>621.9</ele></trkpt>
<trkpt lat="43.14529" lon="10.887028"><ele>622.8</ele></trkpt>
<trkpt lat="43.145298" lon="10.88646"><ele>625.2</ele></trkpt>
<trkpt lat="43.145368" lon="10.885889"><ele>626.9</ele></trkpt>
<trkpt lat="43.14535" lon="10.885618"><ele>626.8</ele></trkpt>
<trkpt lat="43.14525" lon="10.885358"><ele>627.3</ele></trkpt>
<trkpt lat="43.14469" lon="10.88435"><ele>626.8</ele></trkpt>
<trkpt lat="43.144548" lon="10.883878"><ele>625.8</ele></trkpt>
<trkpt lat="43.144488" lon="10.883388"><ele>625.3</ele></trkpt>
<trkpt lat="43.144507" lon="10.883099"><ele>625.9</ele></trkpt>
<trkpt lat="43.144608" lon="10.882788"><ele>626.6</ele></trkpt>
<trkpt lat="43.14523" lon="10.881868"><ele>628.8</ele></trkpt>
<trkpt lat="43.145398" lon="10.88147"><ele>630.3</ele></trkpt>
<trkpt lat="43.145438" lon="10.88107"><ele>628.6</ele></trkpt>
<trkpt lat="43.145008" lon="10.87805"><ele>624.6</ele></trkpt>
<trkpt lat="43.1449" lon="10.877538"><ele>626.8</ele></trkpt>
<trkpt lat="43.14469" lon="10.877078"><ele>627.1</ele></trkpt>
<trkpt lat="43.144348" lon="10.876618"><ele>624.7</ele></trkpt>
<trkpt lat="43.14418" lon="10.87631"><ele>622.6</ele></trkpt>
<trkpt lat="43.144048" lon="10.875928"><ele>623.3</ele></trkpt>
<trkpt lat="43.14397" lon="10.875598"><ele>623.7</ele></trkpt>
<trkpt lat="43.143888" lon="10.87473"><ele>620.8</ele></trkpt>
<trkpt lat="43.14398" lon="10.873349"><ele>609.4</ele></trkpt>
<trkpt lat="43.14407" lon="10.87284"><ele>605.0</ele></trkpt>
<trkpt lat="43.144258" lon="10.87247"><ele>604.0</ele></trkpt>
<trkpt lat="43.14457" lon="10.87221"><ele>604.1</ele></trkpt>
<trkpt lat="43.145267" lon="10.872017"><ele>610.9</ele></trkpt>
<trkpt lat="43.14549" lon="10.87191"><ele>612.4</ele></trkpt>
<trkpt lat="43.14558" lon="10.87179"><ele>611.3</ele></trkpt>
<trkpt lat="43.145598" lon="10.871568"><ele>607.9</ele></trkpt>
<trkpt lat="43.14548" lon="10.8712"><ele>602.0</ele></trkpt>
<trkpt lat="43.145359" lon="10.87063"><ele>592.7</ele></trkpt>
<trkpt lat="43.14542" lon="10.870158"><ele>587.0</ele></trkpt>
<trkpt lat="43.145698" lon="10.869338"><ele>579.9</ele></trkpt>
<trkpt lat="43.145668" lon="10.868908"><ele>575.2</ele></trkpt>
<trkpt lat="43.145279" lon="10.86738"><ele>571.5</ele></trkpt>
<trkpt lat="43.145049" lon="10.866619"><ele>569.4</ele></trkpt>
<trkpt lat="43.144848" lon="10.866218"><ele>566.9</ele></trkpt>
<trkpt lat="43.144518" lon="10.865688"><ele>560.1</ele></trkpt>
<trkpt lat="43.14441" lon="10.86548"><ele>557.2</ele></trkpt>
<trkpt lat="43.1442" lon="10.86492"><ele>550.4</ele></trkpt>
<trkpt lat="43.14414" lon="10.86457"><ele>549.2</ele></trkpt>
<trkpt lat="43.144039" lon="10.86371"><ele>546.9</ele></trkpt>
<trkpt lat="43.143958" lon="10.86321"><ele>543.5</ele></trkpt>
<trkpt lat="43.143947" lon="10.862867"><ele>540.8</ele></trkpt>
<trkpt lat="43.144248" lon="10.861499"><ele>535.7</ele></trkpt>
<trkpt lat="43.144318" lon="10.861258"><ele>533.3</ele></trkpt>
<trkpt lat="43.14443" lon="10.86101"><ele>530.7</ele></trkpt>
<trkpt lat="43.144578" lon="10.860898"><ele>531.0</ele></trkpt>
<trkpt lat="43.144799" lon="10.86082"><ele>532.6</ele></trkpt>
<trkpt lat="43.14515" lon="10.86069"><ele>534.4</ele></trkpt>
<trkpt lat="43.14552" lon="10.86052"><ele>535.5</ele></trkpt>
<trkpt lat="43.145668" lon="10.860368"><ele>535.4</ele></trkpt>
<trkpt lat="43.14572" lon="10.860219"><ele>534.4</ele></trkpt>
<trkpt lat="43.14571" lon="10.86004"><ele>532.2</ele></trkpt>
<trkpt lat="43.14565" lon="10.859648"><ele>526.3</ele></trkpt>
<trkpt lat="43.14565" lon="10.85947"><ele>524.0</ele></trkpt>
<trkpt lat="43.14569" lon="10.85918"><ele>521.4</ele></trkpt>
<trkpt lat="43.14585" lon="10.85892"><ele>521.7</ele></trkpt>
<trkpt lat="43.146358" lon="10.85826"><ele>519.4</ele></trkpt>
<trkpt lat="43.14689" lon="10.857878"><ele>517.5</ele></trkpt>
<trkpt lat="43.14758" lon="10.857578"><ele>515.4</ele></trkpt>
<trkpt lat="43.14788" lon="10.8575"><ele>515.7</ele></trkpt>
<trkpt lat="43.148069" lon="10.85741"><ele>517.2</ele></trkpt>
<trkpt lat="43.14815" lon="10.857158"><ele>518.0</ele></trkpt>
<trkpt lat="43.14815" lon="10.857088"><ele>518.1</ele></trkpt>
<trkpt lat="43.148088" lon="10.856888"><ele>517.6</ele></trkpt>
<trkpt lat="43.14804" lon="10.85679"><ele>517.1</ele></trkpt>
<trkpt lat="43.147419" lon="10.856338"><ele>511.4</ele></trkpt>
<trkpt lat="43.147308" lon="10.856048"><ele>513.4</ele></trkpt>
</trkseg></trk></gpx>