<?xml version="1.0" encoding="UTF-8"?>
<gpx xmlns:gpxdata="http://www.cluetrust.com/XML/GPXDATA/1/0" xmlns:xsi="http://www.w3.org/2001/XMLSchema-instance" xmlns="http://www.topografix.com/GPX/1/1" version="1.1" creator="http://ridewithgps.com/" xsi:schemaLocation="http://www.topografix.com/GPX/1/1 http://www.topografix.com/GPX/1/1/gpx.xsd http://www.cluetrust.com/XML/GPXDATA/1/0 http://www.cluetrust.com/Schemas/gpxdata10.xsd">
  <metadata>
    <name>VO - Road 1 </name>
    <link href="https://ridewithgps.com/routes/53934291">
      <text>VO - Road 1 </text>
    </link>
    <time>2026-02-09T14:32:22Z</time>
  </metadata>
  <trk>
    <name>VO - Road 1 </name>
    <trkseg>
      <trkpt lat="42.965257" lon="10.625886">
        <ele>1.2</ele>
      </trkpt>
      <trkpt lat="42.967037" lon="10.626784">
        <ele>1.2</ele>
      </trkpt>
      <trkpt lat="42.966901" lon="10.613527">
        <ele>1.2</ele>
      </trkpt>
      <trkpt lat="42.966901" lon="10.613168">
        <ele>1.2</ele>
      </trkpt>
      <trkpt lat="42.971833" lon="10.615935">
        <ele>1.2</ele>
      </trkpt>
      <trkpt lat="42.976011" lon="10.618233">
        <ele>1.2</ele>
      </trkpt>
      <trkpt lat="42.976415" lon="10.617407">
        <ele>1.6</ele>
      </trkpt>
      <trkpt lat="42.980834" lon="10.620101">
        <ele>2.1</ele>
      </trkpt>
      <trkpt lat="42.984064" lon="10.622185">
        <ele>2.5</ele>
      </trkpt>
      <trkpt lat="42.986651" lon="10.623765">
        <ele>2.6</ele>
      </trkpt>
      <trkpt lat="42.98541" lon="10.631273">
        <ele>3.0</ele>
      </trkpt>
      <trkpt lat="42.985437" lon="10.632819">
        <ele>3.1</ele>
      </trkpt>
      <trkpt lat="42.985388" lon="10.63337">
        <ele>3.4</ele>
      </trkpt>
      <trkpt lat="42.985437" lon="10.633298">
        <ele>3.4</ele>
      </trkpt>
      <trkpt lat="42.985545" lon="10.635676">
        <ele>4.2</ele>
      </trkpt>
      <trkpt lat="42.985605" lon="10.635986">
        <ele>4.4</ele>
      </trkpt>
      <trkpt lat="42.985673" lon="10.636165">
        <ele>4.5</ele>
      </trkpt>
      <trkpt lat="42.985907" lon="10.636548">
        <ele>4.7</ele>
      </trkpt>
      <trkpt lat="42.987115" lon="10.637972">
        <ele>5.5</ele>
      </trkpt>
      <trkpt lat="42.98717" lon="10.638095">
        <ele>5.5</ele>
      </trkpt>
      <trkpt lat="42.987187" lon="10.638218">
        <ele>5.5</ele>
      </trkpt>
      <trkpt lat="42.987173" lon="10.638485">
        <ele>5.6</ele>
      </trkpt>
      <trkpt lat="42.98712" lon="10.638608">
        <ele>5.7</ele>
      </trkpt>
      <trkpt lat="42.986969" lon="10.638795">
        <ele>5.7</ele>
      </trkpt>
      <trkpt lat="42.985254" lon="10.640598">
        <ele>5.3</ele>
      </trkpt>
      <trkpt lat="42.984766" lon="10.641109">
        <ele>5.1</ele>
      </trkpt>
      <trkpt lat="42.984628" lon="10.641253">
        <ele>5.0</ele>
      </trkpt>
      <trkpt lat="42.984525" lon="10.641409">
        <ele>5.0</ele>
      </trkpt>
      <trkpt lat="42.984415" lon="10.641694">
        <ele>4.9</ele>
      </trkpt>
      <trkpt lat="42.98407" lon="10.6426">
        <ele>4.6</ele>
      </trkpt>
      <trkpt lat="42.983782" lon="10.643356">
        <ele>4.5</ele>
      </trkpt>
      <trkpt lat="42.981408" lon="10.649607">
        <ele>5.0</ele>
      </trkpt>
      <trkpt lat="42.981302" lon="10.649991">
        <ele>5.2</ele>
      </trkpt>
      <trkpt lat="42.981148" lon="10.650902">
        <ele>5.5</ele>
      </trkpt>
      <trkpt lat="42.980943" lon="10.65134">
        <ele>5.6</ele>
      </trkpt>
      <trkpt lat="42.979671" lon="10.653794">
        <ele>5.4</ele>
      </trkpt>
      <trkpt lat="42.979627" lon="10.65395">
        <ele>5.4</ele>
      </trkpt>
      <trkpt lat="42.979647" lon="10.654108">
        <ele>5.4</ele>
      </trkpt>
      <trkpt lat="42.979725" lon="10.654266">
        <ele>5.4</ele>
      </trkpt>
      <trkpt lat="42.980688" lon="10.65569">
        <ele>5.4</ele>
      </trkpt>
      <trkpt lat="42.983087" lon="10.658048">
        <ele>5.6</ele>
      </trkpt>
      <trkpt lat="42.983165" lon="10.65811">
        <ele>5.6</ele>
      </trkpt>
      <trkpt lat="42.984034" lon="10.658537">
        <ele>5.5</ele>
      </trkpt>
      <trkpt lat="42.985553" lon="10.65929">
        <ele>5.5</ele>
      </trkpt>
      <trkpt lat="42.995174" lon="10.664055">
        <ele>9.1</ele>
      </trkpt>
      <trkpt lat="42.995913" lon="10.664409">
        <ele>9.2</ele>
      </trkpt>
      <trkpt lat="42.997508" lon="10.663282">
        <ele>9.5</ele>
      </trkpt>
      <trkpt lat="42.998111" lon="10.662895">
        <ele>9.6</ele>
      </trkpt>
      <trkpt lat="43.000277" lon="10.662161">
        <ele>10.4</ele>
      </trkpt>
      <trkpt lat="43.002657" lon="10.661357">
        <ele>11.6</ele>
      </trkpt>
      <trkpt lat="43.002819" lon="10.661279">
        <ele>11.7</ele>
      </trkpt>
      <trkpt lat="43.005419" lon="10.658868">
        <ele>11.7</ele>
      </trkpt>
      <trkpt lat="43.005633" lon="10.658569">
        <ele>11.6</ele>
      </trkpt>
      <trkpt lat="43.006576" lon="10.656868">
        <ele>11.2</ele>
      </trkpt>
      <trkpt lat="43.007229" lon="10.655917">
        <ele>11.0</ele>
      </trkpt>
      <trkpt lat="43.007608" lon="10.655431">
        <ele>11.1</ele>
      </trkpt>
      <trkpt lat="43.007706" lon="10.655342">
        <ele>11.2</ele>
      </trkpt>
      <trkpt lat="43.00837" lon="10.655053">
        <ele>11.5</ele>
      </trkpt>
      <trkpt lat="43.008498" lon="10.655008">
        <ele>11.6</ele>
      </trkpt>
      <trkpt lat="43.012141" lon="10.653714">
        <ele>12.8</ele>
      </trkpt>
      <trkpt lat="43.012423" lon="10.653613">
        <ele>12.9</ele>
      </trkpt>
      <trkpt lat="43.01273" lon="10.653493">
        <ele>12.9</ele>
      </trkpt>
      <trkpt lat="43.013026" lon="10.653389">
        <ele>13.0</ele>
      </trkpt>
      <trkpt lat="43.01326" lon="10.653374">
        <ele>13.0</ele>
      </trkpt>
      <trkpt lat="43.016523" lon="10.654098">
        <ele>13.3</ele>
      </trkpt>
      <trkpt lat="43.02316" lon="10.655601">
        <ele>13.6</ele>
      </trkpt>
      <trkpt lat="43.023343" lon="10.655617">
        <ele>13.7</ele>
      </trkpt>
      <trkpt lat="43.023581" lon="10.655593">
        <ele>13.8</ele>
      </trkpt>
      <trkpt lat="43.026352" lon="10.654697">
        <ele>14.9</ele>
      </trkpt>
      <trkpt lat="43.026618" lon="10.654611">
        <ele>15.0</ele>
      </trkpt>
      <trkpt lat="43.029599" lon="10.653633">
        <ele>16.1</ele>
      </trkpt>
      <trkpt lat="43.030435" lon="10.653358">
        <ele>16.4</ele>
      </trkpt>
      <trkpt lat="43.030935" lon="10.653174">
        <ele>16.6</ele>
      </trkpt>
      <trkpt lat="43.031633" lon="10.652599">
        <ele>16.9</ele>
      </trkpt>
      <trkpt lat="43.032758" lon="10.651519">
        <ele>17.4</ele>
      </trkpt>
      <trkpt lat="43.032871" lon="10.651361">
        <ele>17.5</ele>
      </trkpt>
      <trkpt lat="43.032981" lon="10.651021">
        <ele>17.6</ele>
      </trkpt>
      <trkpt lat="43.033021" lon="10.650856">
        <ele>17.6</ele>
      </trkpt>
      <trkpt lat="43.033251" lon="10.649938">
        <ele>17.5</ele>
      </trkpt>
      <trkpt lat="43.033331" lon="10.649778">
        <ele>17.5</ele>
      </trkpt>
      <trkpt lat="43.033562" lon="10.649592">
        <ele>17.5</ele>
      </trkpt>
      <trkpt lat="43.034144" lon="10.649258">
        <ele>17.4</ele>
      </trkpt>
      <trkpt lat="43.034495" lon="10.64902">
        <ele>17.4</ele>
      </trkpt>
      <trkpt lat="43.034914" lon="10.648661">
        <ele>17.3</ele>
      </trkpt>
      <trkpt lat="43.03567" lon="10.64801">
        <ele>17.1</ele>
      </trkpt>
      <trkpt lat="43.035724" lon="10.647966">
        <ele>17.0</ele>
      </trkpt>
      <trkpt lat="43.036286" lon="10.647482">
        <ele>16.8</ele>
      </trkpt>
      <trkpt lat="43.036754" lon="10.646724">
        <ele>16.4</ele>
      </trkpt>
      <trkpt lat="43.037116" lon="10.646054">
        <ele>16.3</ele>
      </trkpt>
      <trkpt lat="43.037242" lon="10.64575">
        <ele>16.3</ele>
      </trkpt>
      <trkpt lat="43.03736" lon="10.645368">
        <ele>16.3</ele>
      </trkpt>
      <trkpt lat="43.037447" lon="10.64501">
        <ele>16.3</ele>
      </trkpt>
      <trkpt lat="43.03755" lon="10.644428">
        <ele>16.3</ele>
      </trkpt>
      <trkpt lat="43.037617" lon="10.644267">
        <ele>16.3</ele>
      </trkpt>
      <trkpt lat="43.037634" lon="10.644233">
        <ele>16.3</ele>
      </trkpt>
      <trkpt lat="43.037838" lon="10.643982">
        <ele>16.4</ele>
      </trkpt>
      <trkpt lat="43.038532" lon="10.64322">
        <ele>17.0</ele>
      </trkpt>
      <trkpt lat="43.039178" lon="10.642502">
        <ele>17.6</ele>
      </trkpt>
      <trkpt lat="43.039477" lon="10.642166">
        <ele>18.2</ele>
      </trkpt>
      <trkpt lat="43.039836" lon="10.641754">
        <ele>18.8</ele>
      </trkpt>
      <trkpt lat="43.040869" lon="10.640526">
        <ele>20.9</ele>
      </trkpt>
      <trkpt lat="43.04139" lon="10.639933">
        <ele>22.1</ele>
      </trkpt>
      <trkpt lat="43.041869" lon="10.639297">
        <ele>23.4</ele>
      </trkpt>
      <trkpt lat="43.042037" lon="10.63903">
        <ele>23.4</ele>
      </trkpt>
      <trkpt lat="43.042085" lon="10.638952">
        <ele>23.4</ele>
      </trkpt>
      <trkpt lat="43.042499" lon="10.638202">
        <ele>23.6</ele>
      </trkpt>
      <trkpt lat="43.042657" lon="10.638562">
        <ele>23.7</ele>
      </trkpt>
      <trkpt lat="43.042778" lon="10.638936">
        <ele>23.8</ele>
      </trkpt>
      <trkpt lat="43.042871" lon="10.639231">
        <ele>23.7</ele>
      </trkpt>
      <trkpt lat="43.04299" lon="10.639557">
        <ele>23.3</ele>
      </trkpt>
      <trkpt lat="43.043112" lon="10.639775">
        <ele>23.0</ele>
      </trkpt>
      <trkpt lat="43.043274" lon="10.639982">
        <ele>22.7</ele>
      </trkpt>
      <trkpt lat="43.043833" lon="10.64058">
        <ele>21.6</ele>
      </trkpt>
      <trkpt lat="43.044122" lon="10.641029">
        <ele>21.0</ele>
      </trkpt>
      <trkpt lat="43.044175" lon="10.641108">
        <ele>20.9</ele>
      </trkpt>
      <trkpt lat="43.044334" lon="10.641349">
        <ele>20.8</ele>
      </trkpt>
      <trkpt lat="43.046097" lon="10.644051">
        <ele>18.9</ele>
      </trkpt>
      <trkpt lat="43.046197" lon="10.644272">
        <ele>18.8</ele>
      </trkpt>
      <trkpt lat="43.046826" lon="10.646141">
        <ele>18.5</ele>
      </trkpt>
      <trkpt lat="43.046956" lon="10.646386">
        <ele>18.5</ele>
      </trkpt>
      <trkpt lat="43.047099" lon="10.646587">
        <ele>18.5</ele>
      </trkpt>
      <trkpt lat="43.047691" lon="10.647289">
        <ele>19.0</ele>
      </trkpt>
      <trkpt lat="43.048825" lon="10.648726">
        <ele>20.5</ele>
      </trkpt>
      <trkpt lat="43.050004" lon="10.649947">
        <ele>22.0</ele>
      </trkpt>
      <trkpt lat="43.050421" lon="10.650484">
        <ele>22.6</ele>
      </trkpt>
      <trkpt lat="43.050647" lon="10.650786">
        <ele>22.9</ele>
      </trkpt>
      <trkpt lat="43.050726" lon="10.650886">
        <ele>23.0</ele>
      </trkpt>
      <trkpt lat="43.050939" lon="10.651131">
        <ele>23.2</ele>
      </trkpt>
      <trkpt lat="43.05157" lon="10.651846">
        <ele>24.1</ele>
      </trkpt>
      <trkpt lat="43.051684" lon="10.652032">
        <ele>24.3</ele>
      </trkpt>
      <trkpt lat="43.052062" lon="10.652771">
        <ele>25.0</ele>
      </trkpt>
      <trkpt lat="43.052578" lon="10.653437">
        <ele>25.7</ele>
      </trkpt>
      <trkpt lat="43.052734" lon="10.653674">
        <ele>25.7</ele>
      </trkpt>
      <trkpt lat="43.053184" lon="10.654465">
        <ele>25.6</ele>
      </trkpt>
      <trkpt lat="43.053687" lon="10.655239">
        <ele>25.6</ele>
      </trkpt>
      <trkpt lat="43.053906" lon="10.655575">
        <ele>25.7</ele>
      </trkpt>
      <trkpt lat="43.054547" lon="10.656937">
        <ele>26.0</ele>
      </trkpt>
      <trkpt lat="43.05502" lon="10.657632">
        <ele>26.5</ele>
      </trkpt>
      <trkpt lat="43.055233" lon="10.657889">
        <ele>26.8</ele>
      </trkpt>
      <trkpt lat="43.056145" lon="10.658742">
        <ele>27.8</ele>
      </trkpt>
      <trkpt lat="43.056926" lon="10.659543">
        <ele>28.6</ele>
      </trkpt>
      <trkpt lat="43.058259" lon="10.660723">
        <ele>30.0</ele>
      </trkpt>
      <trkpt lat="43.059208" lon="10.662046">
        <ele>31.2</ele>
      </trkpt>
      <trkpt lat="43.059437" lon="10.662315">
        <ele>31.5</ele>
      </trkpt>
      <trkpt lat="43.06042" lon="10.663027">
        <ele>32.4</ele>
      </trkpt>
      <trkpt lat="43.061194" lon="10.663628">
        <ele>33.3</ele>
      </trkpt>
      <trkpt lat="43.061441" lon="10.663804">
        <ele>33.6</ele>
      </trkpt>
      <trkpt lat="43.063425" lon="10.665268">
        <ele>36.3</ele>
      </trkpt>
      <trkpt lat="43.063824" lon="10.665614">
        <ele>36.6</ele>
      </trkpt>
      <trkpt lat="43.064261" lon="10.666158">
        <ele>36.7</ele>
      </trkpt>
      <trkpt lat="43.064359" lon="10.666274">
        <ele>36.7</ele>
      </trkpt>
      <trkpt lat="43.065207" lon="10.667277">
        <ele>36.8</ele>
      </trkpt>
      <trkpt lat="43.065963" lon="10.668016">
        <ele>37.3</ele>
      </trkpt>
      <trkpt lat="43.066099" lon="10.668186">
        <ele>37.3</ele>
      </trkpt>
      <trkpt lat="43.066427" lon="10.668586">
        <ele>37.5</ele>
      </trkpt>
      <trkpt lat="43.067995" lon="10.670628">
        <ele>38.5</ele>
      </trkpt>
      <trkpt lat="43.068896" lon="10.671896">
        <ele>39.3</ele>
      </trkpt>
      <trkpt lat="43.069017" lon="10.672028">
        <ele>39.4</ele>
      </trkpt>
      <trkpt lat="43.069462" lon="10.672316">
        <ele>39.8</ele>
      </trkpt>
      <trkpt lat="43.069965" lon="10.672525">
        <ele>40.3</ele>
      </trkpt>
      <trkpt lat="43.070195" lon="10.67266">
        <ele>40.6</ele>
      </trkpt>
      <trkpt lat="43.070412" lon="10.672849">
        <ele>40.8</ele>
      </trkpt>
      <trkpt lat="43.070754" lon="10.673207">
        <ele>41.4</ele>
      </trkpt>
      <trkpt lat="43.072418" lon="10.674976">
        <ele>46.1</ele>
      </trkpt>
      <trkpt lat="43.072637" lon="10.675192">
        <ele>47.1</ele>
      </trkpt>
      <trkpt lat="43.072627" lon="10.675191">
        <ele>49.2</ele>
      </trkpt>
      <trkpt lat="43.073229" lon="10.675684">
        <ele>51.2</ele>
      </trkpt>
      <trkpt lat="43.073573" lon="10.675878">
        <ele>53.0</ele>
      </trkpt>
      <trkpt lat="43.073959" lon="10.67605">
        <ele>54.8</ele>
      </trkpt>
      <trkpt lat="43.074045" lon="10.676113">
        <ele>55.1</ele>
      </trkpt>
      <trkpt lat="43.074151" lon="10.676221">
        <ele>55.4</ele>
      </trkpt>
      <trkpt lat="43.074495" lon="10.676672">
        <ele>56.6</ele>
      </trkpt>
      <trkpt lat="43.074624" lon="10.676778">
        <ele>57.2</ele>
      </trkpt>
      <trkpt lat="43.074753" lon="10.676864">
        <ele>57.9</ele>
      </trkpt>
      <trkpt lat="43.074924" lon="10.676972">
        <ele>58.9</ele>
      </trkpt>
      <trkpt lat="43.075311" lon="10.677164">
        <ele>60.9</ele>
      </trkpt>
      <trkpt lat="43.075826" lon="10.677316">
        <ele>64.7</ele>
      </trkpt>
      <trkpt lat="43.075868" lon="10.677336">
        <ele>65.0</ele>
      </trkpt>
      <trkpt lat="43.075933" lon="10.677422">
        <ele>65.3</ele>
      </trkpt>
      <trkpt lat="43.076062" lon="10.677551">
        <ele>65.9</ele>
      </trkpt>
      <trkpt lat="43.076319" lon="10.677894">
        <ele>67.6</ele>
      </trkpt>
      <trkpt lat="43.076405" lon="10.678024">
        <ele>68.6</ele>
      </trkpt>
      <trkpt lat="43.076491" lon="10.67813">
        <ele>69.6</ele>
      </trkpt>
      <trkpt lat="43.07664" lon="10.678324">
        <ele>71.4</ele>
      </trkpt>
      <trkpt lat="43.076855" lon="10.678496">
        <ele>74.2</ele>
      </trkpt>
      <trkpt lat="43.076963" lon="10.678602">
        <ele>74.8</ele>
      </trkpt>
      <trkpt lat="43.077049" lon="10.678645">
        <ele>75.6</ele>
      </trkpt>
      <trkpt lat="43.077156" lon="10.678668">
        <ele>76.9</ele>
      </trkpt>
      <trkpt lat="43.077603" lon="10.678627">
        <ele>83.8</ele>
      </trkpt>
      <trkpt lat="43.077863" lon="10.678602">
        <ele>87.7</ele>
      </trkpt>
      <trkpt lat="43.078014" lon="10.678625">
        <ele>90.0</ele>
      </trkpt>
      <trkpt lat="43.078057" lon="10.678625">
        <ele>90.6</ele>
      </trkpt>
      <trkpt lat="43.078229" lon="10.678625">
        <ele>93.3</ele>
      </trkpt>
      <trkpt lat="43.078229" lon="10.67871">
        <ele>93.2</ele>
      </trkpt>
      <trkpt lat="43.078206" lon="10.678925">
        <ele>92.6</ele>
      </trkpt>
      <trkpt lat="43.078206" lon="10.679054">
        <ele>92.5</ele>
      </trkpt>
      <trkpt lat="43.078164" lon="10.679419">
        <ele>91.2</ele>
      </trkpt>
      <trkpt lat="43.078116" lon="10.680033">
        <ele>89.5</ele>
      </trkpt>
      <trkpt lat="43.0781" lon="10.680234">
        <ele>88.6</ele>
      </trkpt>
      <trkpt lat="43.078078" lon="10.680426">
        <ele>87.0</ele>
      </trkpt>
      <trkpt lat="43.078078" lon="10.680534">
        <ele>86.5</ele>
      </trkpt>
      <trkpt lat="43.0781" lon="10.680577">
        <ele>86.8</ele>
      </trkpt>
      <trkpt lat="43.078164" lon="10.680641">
        <ele>88.0</ele>
      </trkpt>
      <trkpt lat="43.078335" lon="10.680727">
        <ele>91.4</ele>
      </trkpt>
      <trkpt lat="43.078464" lon="10.68077">
        <ele>93.9</ele>
      </trkpt>
      <trkpt lat="43.078571" lon="10.680834">
        <ele>95.7</ele>
      </trkpt>
      <trkpt lat="43.0787" lon="10.680985">
        <ele>97.0</ele>
      </trkpt>
      <trkpt lat="43.079129" lon="10.681349">
        <ele>92.5</ele>
      </trkpt>
      <trkpt lat="43.079215" lon="10.681371">
        <ele>92.4</ele>
      </trkpt>
      <trkpt lat="43.079472" lon="10.681371">
        <ele>93.3</ele>
      </trkpt>
      <trkpt lat="43.079601" lon="10.681349">
        <ele>94.1</ele>
      </trkpt>
      <trkpt lat="43.079664" lon="10.681312">
        <ele>94.3</ele>
      </trkpt>
      <trkpt lat="43.079816" lon="10.68122">
        <ele>94.4</ele>
      </trkpt>
      <trkpt lat="43.079923" lon="10.681114">
        <ele>94.9</ele>
      </trkpt>
      <trkpt lat="43.080031" lon="10.680985">
        <ele>95.1</ele>
      </trkpt>
      <trkpt lat="43.080095" lon="10.680877">
        <ele>95.3</ele>
      </trkpt>
      <trkpt lat="43.080181" lon="10.680705">
        <ele>95.9</ele>
      </trkpt>
      <trkpt lat="43.080246" lon="10.680469">
        <ele>97.3</ele>
      </trkpt>
      <trkpt lat="43.080266" lon="10.680234">
        <ele>99.4</ele>
      </trkpt>
      <trkpt lat="43.080289" lon="10.679825">
        <ele>99.8</ele>
      </trkpt>
      <trkpt lat="43.080289" lon="10.679696">
        <ele>99.8</ele>
      </trkpt>
      <trkpt lat="43.080266" lon="10.679439">
        <ele>100.1</ele>
      </trkpt>
      <trkpt lat="43.080248" lon="10.679174">
        <ele>101.3</ele>
      </trkpt>
      <trkpt lat="43.080246" lon="10.678817">
        <ele>103.6</ele>
      </trkpt>
      <trkpt lat="43.080203" lon="10.678817">
        <ele>103.9</ele>
      </trkpt>
      <trkpt lat="43.080074" lon="10.678796">
        <ele>105.0</ele>
      </trkpt>
      <trkpt lat="43.079624" lon="10.678731">
        <ele>108.3</ele>
      </trkpt>
      <trkpt lat="43.079409" lon="10.678688">
        <ele>107.0</ele>
      </trkpt>
      <trkpt lat="43.079344" lon="10.678668">
        <ele>106.4</ele>
      </trkpt>
      <trkpt lat="43.079301" lon="10.678625">
        <ele>105.9</ele>
      </trkpt>
      <trkpt lat="43.079086" lon="10.678496">
        <ele>103.8</ele>
      </trkpt>
      <trkpt lat="43.079" lon="10.678516">
        <ele>103.1</ele>
      </trkpt>
      <trkpt lat="43.078872" lon="10.678559">
        <ele>102.2</ele>
      </trkpt>
      <trkpt lat="43.078765" lon="10.678559">
        <ele>101.3</ele>
      </trkpt>
      <trkpt lat="43.078571" lon="10.678582">
        <ele>98.5</ele>
      </trkpt>
      <trkpt lat="43.078431" lon="10.678622">
        <ele>96.4</ele>
      </trkpt>
      <trkpt lat="43.078421" lon="10.678559">
        <ele>96.2</ele>
      </trkpt>
      <trkpt lat="43.078431" lon="10.678622">
        <ele>96.4</ele>
      </trkpt>
      <trkpt lat="43.078358" lon="10.678625">
        <ele>95.3</ele>
      </trkpt>
      <trkpt lat="43.078229" lon="10.678625">
        <ele>93.3</ele>
      </trkpt>
      <trkpt lat="43.078057" lon="10.678625">
        <ele>90.6</ele>
      </trkpt>
      <trkpt lat="43.078014" lon="10.678625">
        <ele>90.0</ele>
      </trkpt>
      <trkpt lat="43.077863" lon="10.678602">
        <ele>87.7</ele>
      </trkpt>
      <trkpt lat="43.077886" lon="10.67843">
        <ele>88.1</ele>
      </trkpt>
      <trkpt lat="43.077956" lon="10.678168">
        <ele>87.5</ele>
      </trkpt>
      <trkpt lat="43.077971" lon="10.67811">
        <ele>87.3</ele>
      </trkpt>
      <trkpt lat="43.077992" lon="10.678044">
        <ele>87.2</ele>
      </trkpt>
      <trkpt lat="43.078014" lon="10.678001">
        <ele>87.2</ele>
      </trkpt>
      <trkpt lat="43.078057" lon="10.677981">
        <ele>87.6</ele>
      </trkpt>
      <trkpt lat="43.078121" lon="10.677937">
        <ele>88.0</ele>
      </trkpt>
      <trkpt lat="43.078657" lon="10.677808">
        <ele>93.3</ele>
      </trkpt>
      <trkpt lat="43.078657" lon="10.677808">
        <ele>93.3</ele>
      </trkpt>
      <trkpt lat="43.078661" lon="10.677804">
        <ele>90.8</ele>
      </trkpt>
      <trkpt lat="43.078785" lon="10.677765">
        <ele>91.3</ele>
      </trkpt>
      <trkpt lat="43.079151" lon="10.677634">
        <ele>92.7</ele>
      </trkpt>
      <trkpt lat="43.079195" lon="10.677612">
        <ele>92.8</ele>
      </trkpt>
      <trkpt lat="43.079255" lon="10.677574">
        <ele>93.1</ele>
      </trkpt>
      <trkpt lat="43.079422" lon="10.677388">
        <ele>93.8</ele>
      </trkpt>
      <trkpt lat="43.079494" lon="10.677118">
        <ele>94.6</ele>
      </trkpt>
      <trkpt lat="43.079482" lon="10.676963">
        <ele>95.0</ele>
      </trkpt>
      <trkpt lat="43.079281" lon="10.676528">
        <ele>96.3</ele>
      </trkpt>
      <trkpt lat="43.079239" lon="10.676344">
        <ele>96.8</ele>
      </trkpt>
      <trkpt lat="43.079351" lon="10.675806">
        <ele>98.3</ele>
      </trkpt>
      <trkpt lat="43.079327" lon="10.67557">
        <ele>98.8</ele>
      </trkpt>
      <trkpt lat="43.0791" lon="10.675223">
        <ele>99.6</ele>
      </trkpt>
      <trkpt lat="43.079009" lon="10.675004">
        <ele>100.1</ele>
      </trkpt>
      <trkpt lat="43.078924" lon="10.674422">
        <ele>101.1</ele>
      </trkpt>
      <trkpt lat="43.078896" lon="10.674069">
        <ele>101.8</ele>
      </trkpt>
      <trkpt lat="43.078956" lon="10.673868">
        <ele>102.2</ele>
      </trkpt>
      <trkpt lat="43.079329" lon="10.673488">
        <ele>103.1</ele>
      </trkpt>
      <trkpt lat="43.07937" lon="10.673406">
        <ele>103.3</ele>
      </trkpt>
      <trkpt lat="43.07946" lon="10.673034">
        <ele>103.7</ele>
      </trkpt>
      <trkpt lat="43.079469" lon="10.672722">
        <ele>104.0</ele>
      </trkpt>
      <trkpt lat="43.079383" lon="10.672489">
        <ele>104.3</ele>
      </trkpt>
      <trkpt lat="43.078884" lon="10.671894">
        <ele>105.3</ele>
      </trkpt>
      <trkpt lat="43.078803" lon="10.671743">
        <ele>105.5</ele>
      </trkpt>
      <trkpt lat="43.078776" lon="10.671639">
        <ele>105.8</ele>
      </trkpt>
      <trkpt lat="43.078766" lon="10.671293">
        <ele>106.9</ele>
      </trkpt>
      <trkpt lat="43.078843" lon="10.671022">
        <ele>107.8</ele>
      </trkpt>
      <trkpt lat="43.079016" lon="10.670734">
        <ele>109.0</ele>
      </trkpt>
      <trkpt lat="43.079198" lon="10.670531">
        <ele>110.0</ele>
      </trkpt>
      <trkpt lat="43.079339" lon="10.670447">
        <ele>110.7</ele>
      </trkpt>
      <trkpt lat="43.079824" lon="10.670302">
        <ele>112.8</ele>
      </trkpt>
      <trkpt lat="43.080164" lon="10.670305">
        <ele>114.2</ele>
      </trkpt>
      <trkpt lat="43.080244" lon="10.670254">
        <ele>114.6</ele>
      </trkpt>
      <trkpt lat="43.080314" lon="10.670133">
        <ele>115.0</ele>
      </trkpt>
      <trkpt lat="43.080439" lon="10.669798">
        <ele>116.2</ele>
      </trkpt>
      <trkpt lat="43.080446" lon="10.66964">
        <ele>116.6</ele>
      </trkpt>
      <trkpt lat="43.08042" lon="10.669568">
        <ele>116.9</ele>
      </trkpt>
      <trkpt lat="43.080348" lon="10.669467">
        <ele>117.3</ele>
      </trkpt>
      <trkpt lat="43.079908" lon="10.669079">
        <ele>119.4</ele>
      </trkpt>
      <trkpt lat="43.079854" lon="10.669007">
        <ele>119.7</ele>
      </trkpt>
      <trkpt lat="43.079802" lon="10.668877">
        <ele>120.2</ele>
      </trkpt>
      <trkpt lat="43.079816" lon="10.668677">
        <ele>120.8</ele>
      </trkpt>
      <trkpt lat="43.079984" lon="10.668432">
        <ele>122.1</ele>
      </trkpt>
      <trkpt lat="43.080521" lon="10.668028">
        <ele>125.5</ele>
      </trkpt>
      <trkpt lat="43.080731" lon="10.668">
        <ele>126.6</ele>
      </trkpt>
      <trkpt lat="43.081268" lon="10.668055">
        <ele>129.6</ele>
      </trkpt>
      <trkpt lat="43.081599" lon="10.667908">
        <ele>131.4</ele>
      </trkpt>
      <trkpt lat="43.081711" lon="10.667779">
        <ele>132.2</ele>
      </trkpt>
      <trkpt lat="43.081811" lon="10.667437">
        <ele>133.6</ele>
      </trkpt>
      <trkpt lat="43.081861" lon="10.66735">
        <ele>134.0</ele>
      </trkpt>
      <trkpt lat="43.082004" lon="10.667271">
        <ele>134.8</ele>
      </trkpt>
      <trkpt lat="43.08252" lon="10.667166">
        <ele>137.5</ele>
      </trkpt>
      <trkpt lat="43.082945" lon="10.66685">
        <ele>140.1</ele>
      </trkpt>
      <trkpt lat="43.083095" lon="10.666775">
        <ele>141.1</ele>
      </trkpt>
      <trkpt lat="43.083194" lon="10.666749">
        <ele>141.8</ele>
      </trkpt>
      <trkpt lat="43.083301" lon="10.666763">
        <ele>142.5</ele>
      </trkpt>
      <trkpt lat="43.083436" lon="10.666867">
        <ele>143.6</ele>
      </trkpt>
      <trkpt lat="43.083473" lon="10.666952">
        <ele>144.1</ele>
      </trkpt>
      <trkpt lat="43.083575" lon="10.667557">
        <ele>147.1</ele>
      </trkpt>
      <trkpt lat="43.083609" lon="10.667671">
        <ele>147.7</ele>
      </trkpt>
      <trkpt lat="43.083676" lon="10.667796">
        <ele>148.5</ele>
      </trkpt>
      <trkpt lat="43.083768" lon="10.667867">
        <ele>149.2</ele>
      </trkpt>
      <trkpt lat="43.084015" lon="10.667887">
        <ele>150.8</ele>
      </trkpt>
      <trkpt lat="43.084128" lon="10.667929">
        <ele>151.6</ele>
      </trkpt>
      <trkpt lat="43.084461" lon="10.668185">
        <ele>152.5</ele>
      </trkpt>
      <trkpt lat="43.084552" lon="10.668216">
        <ele>152.7</ele>
      </trkpt>
      <trkpt lat="43.08468" lon="10.668192">
        <ele>152.9</ele>
      </trkpt>
      <trkpt lat="43.084769" lon="10.66807">
        <ele>153.2</ele>
      </trkpt>
      <trkpt lat="43.084794" lon="10.667797">
        <ele>153.6</ele>
      </trkpt>
      <trkpt lat="43.084743" lon="10.66726">
        <ele>154.3</ele>
      </trkpt>
      <trkpt lat="43.084786" lon="10.667117">
        <ele>154.6</ele>
      </trkpt>
      <trkpt lat="43.084863" lon="10.66706">
        <ele>154.7</ele>
      </trkpt>
      <trkpt lat="43.084996" lon="10.667056">
        <ele>155.0</ele>
      </trkpt>
      <trkpt lat="43.085123" lon="10.667136">
        <ele>155.3</ele>
      </trkpt>
      <trkpt lat="43.085444" lon="10.667595">
        <ele>157.2</ele>
      </trkpt>
      <trkpt lat="43.085579" lon="10.6677">
        <ele>157.9</ele>
      </trkpt>
      <trkpt lat="43.085696" lon="10.667741">
        <ele>158.4</ele>
      </trkpt>
      <trkpt lat="43.085753" lon="10.667739">
        <ele>158.7</ele>
      </trkpt>
      <trkpt lat="43.085821" lon="10.667635">
        <ele>159.1</ele>
      </trkpt>
      <trkpt lat="43.085867" lon="10.667242">
        <ele>160.4</ele>
      </trkpt>
      <trkpt lat="43.085913" lon="10.66712">
        <ele>160.8</ele>
      </trkpt>
      <trkpt lat="43.085985" lon="10.667035">
        <ele>161.2</ele>
      </trkpt>
      <trkpt lat="43.086095" lon="10.666988">
        <ele>161.7</ele>
      </trkpt>
      <trkpt lat="43.086216" lon="10.666984">
        <ele>162.2</ele>
      </trkpt>
      <trkpt lat="43.086346" lon="10.667036">
        <ele>162.8</ele>
      </trkpt>
      <trkpt lat="43.086765" lon="10.667282">
        <ele>164.1</ele>
      </trkpt>
      <trkpt lat="43.087002" lon="10.667459">
        <ele>164.8</ele>
      </trkpt>
      <trkpt lat="43.087076" lon="10.667469">
        <ele>164.9</ele>
      </trkpt>
      <trkpt lat="43.08721" lon="10.667261">
        <ele>165.5</ele>
      </trkpt>
      <trkpt lat="43.087294" lon="10.66719">
        <ele>165.7</ele>
      </trkpt>
      <trkpt lat="43.087501" lon="10.667105">
        <ele>166.3</ele>
      </trkpt>
      <trkpt lat="43.087534" lon="10.667077">
        <ele>166.4</ele>
      </trkpt>
      <trkpt lat="43.087563" lon="10.666984">
        <ele>166.5</ele>
      </trkpt>
      <trkpt lat="43.087547" lon="10.666897">
        <ele>166.7</ele>
      </trkpt>
      <trkpt lat="43.087161" lon="10.666459">
        <ele>168.0</ele>
      </trkpt>
      <trkpt lat="43.087036" lon="10.666247">
        <ele>168.6</ele>
      </trkpt>
      <trkpt lat="43.086905" lon="10.665883">
        <ele>169.5</ele>
      </trkpt>
      <trkpt lat="43.0869" lon="10.665741">
        <ele>169.8</ele>
      </trkpt>
      <trkpt lat="43.086936" lon="10.665627">
        <ele>170.1</ele>
      </trkpt>
      <trkpt lat="43.087008" lon="10.665549">
        <ele>170.4</ele>
      </trkpt>
      <trkpt lat="43.087525" lon="10.665426">
        <ele>171.9</ele>
      </trkpt>
      <trkpt lat="43.087941" lon="10.665498">
        <ele>173.1</ele>
      </trkpt>
      <trkpt lat="43.087997" lon="10.665487">
        <ele>173.3</ele>
      </trkpt>
      <trkpt lat="43.088042" lon="10.665411">
        <ele>173.5</ele>
      </trkpt>
      <trkpt lat="43.088058" lon="10.665238">
        <ele>173.8</ele>
      </trkpt>
      <trkpt lat="43.087989" lon="10.66478">
        <ele>174.7</ele>
      </trkpt>
      <trkpt lat="43.08795" lon="10.664676">
        <ele>174.9</ele>
      </trkpt>
      <trkpt lat="43.087857" lon="10.664575">
        <ele>175.2</ele>
      </trkpt>
      <trkpt lat="43.087537" lon="10.66432">
        <ele>176.2</ele>
      </trkpt>
      <trkpt lat="43.087451" lon="10.664146">
        <ele>176.6</ele>
      </trkpt>
      <trkpt lat="43.087451" lon="10.664048">
        <ele>176.8</ele>
      </trkpt>
      <trkpt lat="43.0876" lon="10.663569">
        <ele>177.9</ele>
      </trkpt>
      <trkpt lat="43.087686" lon="10.66341">
        <ele>178.6</ele>
      </trkpt>
      <trkpt lat="43.087764" lon="10.663366">
        <ele>179.1</ele>
      </trkpt>
      <trkpt lat="43.088373" lon="10.663667">
        <ele>182.6</ele>
      </trkpt>
      <trkpt lat="43.088571" lon="10.663683">
        <ele>183.7</ele>
      </trkpt>
      <trkpt lat="43.088784" lon="10.663643">
        <ele>184.8</ele>
      </trkpt>
      <trkpt lat="43.088853" lon="10.663672">
        <ele>185.2</ele>
      </trkpt>
      <trkpt lat="43.08892" lon="10.663714">
        <ele>185.6</ele>
      </trkpt>
      <trkpt lat="43.089006" lon="10.663834">
        <ele>186.3</ele>
      </trkpt>
      <trkpt lat="43.089355" lon="10.664474">
        <ele>188.7</ele>
      </trkpt>
      <trkpt lat="43.089474" lon="10.664625">
        <ele>189.3</ele>
      </trkpt>
      <trkpt lat="43.08952" lon="10.664632">
        <ele>189.5</ele>
      </trkpt>
      <trkpt lat="43.089701" lon="10.664475">
        <ele>190.2</ele>
      </trkpt>
      <trkpt lat="43.089768" lon="10.664461">
        <ele>190.5</ele>
      </trkpt>
      <trkpt lat="43.089845" lon="10.664489">
        <ele>190.8</ele>
      </trkpt>
      <trkpt lat="43.09023" lon="10.664803">
        <ele>192.4</ele>
      </trkpt>
      <trkpt lat="43.090319" lon="10.664826">
        <ele>192.7</ele>
      </trkpt>
      <trkpt lat="43.090385" lon="10.66478">
        <ele>192.9</ele>
      </trkpt>
      <trkpt lat="43.090426" lon="10.664697">
        <ele>193.2</ele>
      </trkpt>
      <trkpt lat="43.090434" lon="10.664562">
        <ele>193.6</ele>
      </trkpt>
      <trkpt lat="43.090342" lon="10.664246">
        <ele>194.2</ele>
      </trkpt>
      <trkpt lat="43.090316" lon="10.664042">
        <ele>194.5</ele>
      </trkpt>
      <trkpt lat="43.090543" lon="10.663526">
        <ele>195.5</ele>
      </trkpt>
      <trkpt lat="43.090688" lon="10.663359">
        <ele>196.0</ele>
      </trkpt>
      <trkpt lat="43.090798" lon="10.663369">
        <ele>196.2</ele>
      </trkpt>
      <trkpt lat="43.091554" lon="10.663896">
        <ele>198.2</ele>
      </trkpt>
      <trkpt lat="43.091683" lon="10.664017">
        <ele>198.5</ele>
      </trkpt>
      <trkpt lat="43.091954" lon="10.664489">
        <ele>199.5</ele>
      </trkpt>
      <trkpt lat="43.092013" lon="10.664536">
        <ele>199.7</ele>
      </trkpt>
      <trkpt lat="43.092083" lon="10.664549">
        <ele>199.8</ele>
      </trkpt>
      <trkpt lat="43.092141" lon="10.664507">
        <ele>200.0</ele>
      </trkpt>
      <trkpt lat="43.092187" lon="10.6644">
        <ele>200.2</ele>
      </trkpt>
      <trkpt lat="43.092209" lon="10.664218">
        <ele>200.5</ele>
      </trkpt>
      <trkpt lat="43.092184" lon="10.663593">
        <ele>201.5</ele>
      </trkpt>
      <trkpt lat="43.092193" lon="10.663483">
        <ele>201.7</ele>
      </trkpt>
      <trkpt lat="43.092226" lon="10.663398">
        <ele>201.9</ele>
      </trkpt>
      <trkpt lat="43.092298" lon="10.663331">
        <ele>202.0</ele>
      </trkpt>
      <trkpt lat="43.092414" lon="10.663307">
        <ele>202.0</ele>
      </trkpt>
      <trkpt lat="43.092846" lon="10.663327">
        <ele>202.3</ele>
      </trkpt>
      <trkpt lat="43.092923" lon="10.663256">
        <ele>202.4</ele>
      </trkpt>
      <trkpt lat="43.092957" lon="10.663139">
        <ele>202.4</ele>
      </trkpt>
      <trkpt lat="43.092833" lon="10.662645">
        <ele>202.7</ele>
      </trkpt>
      <trkpt lat="43.092817" lon="10.662491">
        <ele>202.8</ele>
      </trkpt>
      <trkpt lat="43.092842" lon="10.662364">
        <ele>202.8</ele>
      </trkpt>
      <trkpt lat="43.092917" lon="10.662263">
        <ele>202.9</ele>
      </trkpt>
      <trkpt lat="43.093014" lon="10.662214">
        <ele>203.0</ele>
      </trkpt>
      <trkpt lat="43.093771" lon="10.661901">
        <ele>202.8</ele>
      </trkpt>
      <trkpt lat="43.093983" lon="10.661806">
        <ele>202.6</ele>
      </trkpt>
      <trkpt lat="43.094433" lon="10.661632">
        <ele>202.4</ele>
      </trkpt>
      <trkpt lat="43.094767" lon="10.661624">
        <ele>202.2</ele>
      </trkpt>
      <trkpt lat="43.094845" lon="10.661565">
        <ele>202.1</ele>
      </trkpt>
      <trkpt lat="43.094889" lon="10.661461">
        <ele>202.1</ele>
      </trkpt>
      <trkpt lat="43.094905" lon="10.661326">
        <ele>202.0</ele>
      </trkpt>
      <trkpt lat="43.094887" lon="10.661212">
        <ele>201.9</ele>
      </trkpt>
      <trkpt lat="43.094504" lon="10.660652">
        <ele>201.2</ele>
      </trkpt>
      <trkpt lat="43.094467" lon="10.660507">
        <ele>201.1</ele>
      </trkpt>
      <trkpt lat="43.094493" lon="10.660307">
        <ele>200.9</ele>
      </trkpt>
      <trkpt lat="43.094529" lon="10.660203">
        <ele>200.8</ele>
      </trkpt>
      <trkpt lat="43.094576" lon="10.660119">
        <ele>200.8</ele>
      </trkpt>
      <trkpt lat="43.094745" lon="10.660086">
        <ele>200.6</ele>
      </trkpt>
      <trkpt lat="43.094862" lon="10.660161">
        <ele>200.4</ele>
      </trkpt>
      <trkpt lat="43.095003" lon="10.660309">
        <ele>200.2</ele>
      </trkpt>
      <trkpt lat="43.095162" lon="10.660365">
        <ele>200.0</ele>
      </trkpt>
      <trkpt lat="43.095293" lon="10.660373">
        <ele>200.2</ele>
      </trkpt>
      <trkpt lat="43.095501" lon="10.660272">
        <ele>200.6</ele>
      </trkpt>
      <trkpt lat="43.095604" lon="10.66017">
        <ele>200.8</ele>
      </trkpt>
      <trkpt lat="43.09565" lon="10.660044">
        <ele>201.0</ele>
      </trkpt>
      <trkpt lat="43.095644" lon="10.659745">
        <ele>201.3</ele>
      </trkpt>
      <trkpt lat="43.095506" lon="10.659178">
        <ele>202.0</ele>
      </trkpt>
      <trkpt lat="43.095506" lon="10.659009">
        <ele>202.2</ele>
      </trkpt>
      <trkpt lat="43.095547" lon="10.658911">
        <ele>202.4</ele>
      </trkpt>
      <trkpt lat="43.095619" lon="10.65883">
        <ele>202.5</ele>
      </trkpt>
      <trkpt lat="43.095707" lon="10.658805">
        <ele>202.7</ele>
      </trkpt>
      <trkpt lat="43.095803" lon="10.658839">
        <ele>202.8</ele>
      </trkpt>
      <trkpt lat="43.096152" lon="10.659164">
        <ele>202.9</ele>
      </trkpt>
      <trkpt lat="43.096234" lon="10.659194">
        <ele>202.9</ele>
      </trkpt>
      <trkpt lat="43.096322" lon="10.659171">
        <ele>202.9</ele>
      </trkpt>
      <trkpt lat="43.096385" lon="10.659094">
        <ele>202.9</ele>
      </trkpt>
      <trkpt lat="43.096498" lon="10.65849">
        <ele>202.9</ele>
      </trkpt>
      <trkpt lat="43.096601" lon="10.658317">
        <ele>202.9</ele>
      </trkpt>
      <trkpt lat="43.09693" lon="10.658079">
        <ele>202.8</ele>
      </trkpt>
      <trkpt lat="43.097048" lon="10.658031">
        <ele>202.8</ele>
      </trkpt>
      <trkpt lat="43.097201" lon="10.658065">
        <ele>203.1</ele>
      </trkpt>
      <trkpt lat="43.09727" lon="10.658165">
        <ele>203.5</ele>
      </trkpt>
      <trkpt lat="43.097458" lon="10.658954">
        <ele>205.8</ele>
      </trkpt>
      <trkpt lat="43.097503" lon="10.659041">
        <ele>206.1</ele>
      </trkpt>
      <trkpt lat="43.097582" lon="10.659127">
        <ele>206.5</ele>
      </trkpt>
      <trkpt lat="43.097687" lon="10.659165">
        <ele>206.9</ele>
      </trkpt>
      <trkpt lat="43.097795" lon="10.659146">
        <ele>207.3</ele>
      </trkpt>
      <trkpt lat="43.098025" lon="10.659041">
        <ele>208.3</ele>
      </trkpt>
      <trkpt lat="43.098108" lon="10.658981">
        <ele>208.6</ele>
      </trkpt>
      <trkpt lat="43.098201" lon="10.658854">
        <ele>209.2</ele>
      </trkpt>
      <trkpt lat="43.098368" lon="10.658522">
        <ele>210.5</ele>
      </trkpt>
      <trkpt lat="43.098512" lon="10.658131">
        <ele>212.1</ele>
      </trkpt>
      <trkpt lat="43.098565" lon="10.65789">
        <ele>213.1</ele>
      </trkpt>
      <trkpt lat="43.098539" lon="10.657174">
        <ele>215.8</ele>
      </trkpt>
      <trkpt lat="43.098551" lon="10.657016">
        <ele>216.4</ele>
      </trkpt>
      <trkpt lat="43.098597" lon="10.656935">
        <ele>216.8</ele>
      </trkpt>
      <trkpt lat="43.098656" lon="10.656923">
        <ele>217.2</ele>
      </trkpt>
      <trkpt lat="43.09871" lon="10.65695">
        <ele>217.5</ele>
      </trkpt>
      <trkpt lat="43.098826" lon="10.657111">
        <ele>218.3</ele>
      </trkpt>
      <trkpt lat="43.099117" lon="10.657383">
        <ele>219.6</ele>
      </trkpt>
      <trkpt lat="43.099533" lon="10.65822">
        <ele>221.3</ele>
      </trkpt>
      <trkpt lat="43.099628" lon="10.658289">
        <ele>221.6</ele>
      </trkpt>
      <trkpt lat="43.099701" lon="10.658277">
        <ele>221.7</ele>
      </trkpt>
      <trkpt lat="43.099843" lon="10.658134">
        <ele>222.1</ele>
      </trkpt>
      <trkpt lat="43.099895" lon="10.658049">
        <ele>222.3</ele>
      </trkpt>
      <trkpt lat="43.100056" lon="10.657622">
        <ele>223.1</ele>
      </trkpt>
      <trkpt lat="43.100092" lon="10.657344">
        <ele>224.4</ele>
      </trkpt>
      <trkpt lat="43.100094" lon="10.656898">
        <ele>227.1</ele>
      </trkpt>
      <trkpt lat="43.100134" lon="10.656513">
        <ele>229.5</ele>
      </trkpt>
      <trkpt lat="43.100189" lon="10.656392">
        <ele>230.4</ele>
      </trkpt>
      <trkpt lat="43.100496" lon="10.656299">
        <ele>233.1</ele>
      </trkpt>
      <trkpt lat="43.100563" lon="10.656174">
        <ele>234.1</ele>
      </trkpt>
      <trkpt lat="43.100673" lon="10.655727">
        <ele>237.0</ele>
      </trkpt>
      <trkpt lat="43.100648" lon="10.655297">
        <ele>239.5</ele>
      </trkpt>
      <trkpt lat="43.100655" lon="10.655014">
        <ele>241.0</ele>
      </trkpt>
      <trkpt lat="43.100712" lon="10.654928">
        <ele>241.7</ele>
      </trkpt>
      <trkpt lat="43.100908" lon="10.654858">
        <ele>243.2</ele>
      </trkpt>
      <trkpt lat="43.100975" lon="10.654801">
        <ele>243.8</ele>
      </trkpt>
      <trkpt lat="43.101011" lon="10.654717">
        <ele>244.3</ele>
      </trkpt>
      <trkpt lat="43.101022" lon="10.654609">
        <ele>244.9</ele>
      </trkpt>
      <trkpt lat="43.100919" lon="10.654092">
        <ele>247.8</ele>
      </trkpt>
      <trkpt lat="43.100951" lon="10.653923">
        <ele>248.7</ele>
      </trkpt>
      <trkpt lat="43.101016" lon="10.653788">
        <ele>249.6</ele>
      </trkpt>
      <trkpt lat="43.101152" lon="10.653688">
        <ele>250.7</ele>
      </trkpt>
      <trkpt lat="43.1012" lon="10.653598">
        <ele>251.4</ele>
      </trkpt>
      <trkpt lat="43.101215" lon="10.653461">
        <ele>252.0</ele>
      </trkpt>
      <trkpt lat="43.10116" lon="10.653184">
        <ele>252.7</ele>
      </trkpt>
      <trkpt lat="43.101172" lon="10.653058">
        <ele>253.0</ele>
      </trkpt>
      <trkpt lat="43.101231" lon="10.652963">
        <ele>253.3</ele>
      </trkpt>
      <trkpt lat="43.101402" lon="10.652822">
        <ele>254.0</ele>
      </trkpt>
      <trkpt lat="43.101489" lon="10.652642">
        <ele>254.5</ele>
      </trkpt>
      <trkpt lat="43.101473" lon="10.652401">
        <ele>255.1</ele>
      </trkpt>
      <trkpt lat="43.101408" lon="10.652198">
        <ele>255.6</ele>
      </trkpt>
      <trkpt lat="43.101388" lon="10.652027">
        <ele>256.0</ele>
      </trkpt>
      <trkpt lat="43.101393" lon="10.651874">
        <ele>256.4</ele>
      </trkpt>
      <trkpt lat="43.101441" lon="10.651773">
        <ele>256.7</ele>
      </trkpt>
      <trkpt lat="43.101513" lon="10.651696">
        <ele>257.0</ele>
      </trkpt>
      <trkpt lat="43.101822" lon="10.651709">
        <ele>258.0</ele>
      </trkpt>
      <trkpt lat="43.101906" lon="10.65169">
        <ele>258.3</ele>
      </trkpt>
      <trkpt lat="43.101975" lon="10.65163">
        <ele>258.6</ele>
      </trkpt>
      <trkpt lat="43.102081" lon="10.651419">
        <ele>259.3</ele>
      </trkpt>
      <trkpt lat="43.102167" lon="10.651186">
        <ele>259.9</ele>
      </trkpt>
      <trkpt lat="43.102234" lon="10.65081">
        <ele>260.9</ele>
      </trkpt>
      <trkpt lat="43.102346" lon="10.650699">
        <ele>261.4</ele>
      </trkpt>
      <trkpt lat="43.102492" lon="10.650699">
        <ele>261.9</ele>
      </trkpt>
      <trkpt lat="43.102622" lon="10.650625">
        <ele>262.4</ele>
      </trkpt>
      <trkpt lat="43.102796" lon="10.650311">
        <ele>263.4</ele>
      </trkpt>
      <trkpt lat="43.102884" lon="10.650052">
        <ele>264.1</ele>
      </trkpt>
      <trkpt lat="43.102883" lon="10.649739">
        <ele>265.1</ele>
      </trkpt>
      <trkpt lat="43.102922" lon="10.649654">
        <ele>265.5</ele>
      </trkpt>
      <trkpt lat="43.102978" lon="10.649604">
        <ele>265.8</ele>
      </trkpt>
      <trkpt lat="43.103211" lon="10.649548">
        <ele>266.9</ele>
      </trkpt>
      <trkpt lat="43.103507" lon="10.649045">
        <ele>269.0</ele>
      </trkpt>
      <trkpt lat="43.103611" lon="10.648815">
        <ele>269.9</ele>
      </trkpt>
      <trkpt lat="43.103675" lon="10.648591">
        <ele>270.7</ele>
      </trkpt>
      <trkpt lat="43.103705" lon="10.648418">
        <ele>271.3</ele>
      </trkpt>
      <trkpt lat="43.103703" lon="10.648186">
        <ele>272.1</ele>
      </trkpt>
      <trkpt lat="43.103747" lon="10.648069">
        <ele>272.5</ele>
      </trkpt>
      <trkpt lat="43.1038" lon="10.648041">
        <ele>272.6</ele>
      </trkpt>
      <trkpt lat="43.104022" lon="10.648068">
        <ele>273.2</ele>
      </trkpt>
      <trkpt lat="43.104225" lon="10.64797">
        <ele>273.8</ele>
      </trkpt>
      <trkpt lat="43.104856" lon="10.647289">
        <ele>275.8</ele>
      </trkpt>
      <trkpt lat="43.105014" lon="10.647152">
        <ele>276.3</ele>
      </trkpt>
      <trkpt lat="43.105289" lon="10.647012">
        <ele>276.9</ele>
      </trkpt>
      <trkpt lat="43.105557" lon="10.646865">
        <ele>275.3</ele>
      </trkpt>
      <trkpt lat="43.105643" lon="10.646831">
        <ele>274.8</ele>
      </trkpt>
      <trkpt lat="43.105693" lon="10.646854">
        <ele>274.5</ele>
      </trkpt>
      <trkpt lat="43.105732" lon="10.646925">
        <ele>274.1</ele>
      </trkpt>
      <trkpt lat="43.105715" lon="10.647108">
        <ele>273.4</ele>
      </trkpt>
      <trkpt lat="43.105661" lon="10.647205">
        <ele>272.9</ele>
      </trkpt>
      <trkpt lat="43.104991" lon="10.648024">
        <ele>267.8</ele>
      </trkpt>
      <trkpt lat="43.104901" lon="10.648184">
        <ele>267.0</ele>
      </trkpt>
      <trkpt lat="43.104678" lon="10.649028">
        <ele>266.0</ele>
      </trkpt>
      <trkpt lat="43.104681" lon="10.649276">
        <ele>265.8</ele>
      </trkpt>
      <trkpt lat="43.104751" lon="10.649576">
        <ele>265.4</ele>
      </trkpt>
      <trkpt lat="43.104931" lon="10.65014">
        <ele>264.8</ele>
      </trkpt>
      <trkpt lat="43.104937" lon="10.650213">
        <ele>264.7</ele>
      </trkpt>
      <trkpt lat="43.104896" lon="10.650283">
        <ele>264.6</ele>
      </trkpt>
      <trkpt lat="43.104825" lon="10.650313">
        <ele>264.5</ele>
      </trkpt>
      <trkpt lat="43.104491" lon="10.65035">
        <ele>265.0</ele>
      </trkpt>
      <trkpt lat="43.104416" lon="10.650413">
        <ele>265.2</ele>
      </trkpt>
      <trkpt lat="43.104344" lon="10.650515">
        <ele>265.5</ele>
      </trkpt>
      <trkpt lat="43.104181" lon="10.650866">
        <ele>266.2</ele>
      </trkpt>
      <trkpt lat="43.104153" lon="10.651189">
        <ele>266.8</ele>
      </trkpt>
      <trkpt lat="43.104161" lon="10.651471">
        <ele>267.4</ele>
      </trkpt>
      <trkpt lat="43.104222" lon="10.652099">
        <ele>268.5</ele>
      </trkpt>
      <trkpt lat="43.10446" lon="10.653101">
        <ele>273.5</ele>
      </trkpt>
      <trkpt lat="43.104513" lon="10.653177">
        <ele>274.1</ele>
      </trkpt>
      <trkpt lat="43.104618" lon="10.65323">
        <ele>275.0</ele>
      </trkpt>
      <trkpt lat="43.104695" lon="10.653216">
        <ele>275.5</ele>
      </trkpt>
      <trkpt lat="43.10479" lon="10.653143">
        <ele>276.4</ele>
      </trkpt>
      <trkpt lat="43.104885" lon="10.652944">
        <ele>277.7</ele>
      </trkpt>
      <trkpt lat="43.104913" lon="10.652787">
        <ele>278.6</ele>
      </trkpt>
      <trkpt lat="43.104894" lon="10.652424">
        <ele>280.6</ele>
      </trkpt>
      <trkpt lat="43.104924" lon="10.652224">
        <ele>281.7</ele>
      </trkpt>
      <trkpt lat="43.105" lon="10.652065">
        <ele>282.8</ele>
      </trkpt>
      <trkpt lat="43.105303" lon="10.651926">
        <ele>285.2</ele>
      </trkpt>
      <trkpt lat="43.105531" lon="10.651717">
        <ele>287.3</ele>
      </trkpt>
      <trkpt lat="43.105871" lon="10.651578">
        <ele>290.0</ele>
      </trkpt>
      <trkpt lat="43.105981" lon="10.651457">
        <ele>291.1</ele>
      </trkpt>
      <trkpt lat="43.106136" lon="10.651207">
        <ele>292.9</ele>
      </trkpt>
      <trkpt lat="43.106348" lon="10.650363">
        <ele>296.3</ele>
      </trkpt>
      <trkpt lat="43.106407" lon="10.650315">
        <ele>296.3</ele>
      </trkpt>
      <trkpt lat="43.106464" lon="10.65031">
        <ele>296.3</ele>
      </trkpt>
      <trkpt lat="43.10658" lon="10.650416">
        <ele>296.3</ele>
      </trkpt>
      <trkpt lat="43.106713" lon="10.650981">
        <ele>296.3</ele>
      </trkpt>
      <trkpt lat="43.106809" lon="10.651105">
        <ele>296.3</ele>
      </trkpt>
      <trkpt lat="43.10692" lon="10.65116">
        <ele>296.3</ele>
      </trkpt>
      <trkpt lat="43.10735" lon="10.651261">
        <ele>296.3</ele>
      </trkpt>
      <trkpt lat="43.107975" lon="10.65163">
        <ele>298.2</ele>
      </trkpt>
      <trkpt lat="43.108083" lon="10.651646">
        <ele>298.6</ele>
      </trkpt>
      <trkpt lat="43.108165" lon="10.651644">
        <ele>298.9</ele>
      </trkpt>
      <trkpt lat="43.108433" lon="10.651448">
        <ele>300.1</ele>
      </trkpt>
      <trkpt lat="43.108517" lon="10.651445">
        <ele>300.4</ele>
      </trkpt>
      <trkpt lat="43.108899" lon="10.651577">
        <ele>302.0</ele>
      </trkpt>
      <trkpt lat="43.109015" lon="10.65159">
        <ele>302.4</ele>
      </trkpt>
      <trkpt lat="43.109069" lon="10.651588">
        <ele>302.6</ele>
      </trkpt>
      <trkpt lat="43.109229" lon="10.65149">
        <ele>303.3</ele>
      </trkpt>
      <trkpt lat="43.109363" lon="10.651246">
        <ele>303.1</ele>
      </trkpt>
      <trkpt lat="43.109528" lon="10.650596">
        <ele>302.5</ele>
      </trkpt>
      <trkpt lat="43.10956" lon="10.650543">
        <ele>302.4</ele>
      </trkpt>
      <trkpt lat="43.1096" lon="10.650537">
        <ele>302.4</ele>
      </trkpt>
      <trkpt lat="43.109674" lon="10.650612">
        <ele>302.3</ele>
      </trkpt>
      <trkpt lat="43.109732" lon="10.650919">
        <ele>302.0</ele>
      </trkpt>
      <trkpt lat="43.109795" lon="10.651044">
        <ele>301.9</ele>
      </trkpt>
      <trkpt lat="43.109841" lon="10.651082">
        <ele>301.8</ele>
      </trkpt>
      <trkpt lat="43.110172" lon="10.651177">
        <ele>301.4</ele>
      </trkpt>
      <trkpt lat="43.110279" lon="10.65126">
        <ele>301.3</ele>
      </trkpt>
      <trkpt lat="43.110305" lon="10.651362">
        <ele>301.0</ele>
      </trkpt>
      <trkpt lat="43.11029" lon="10.651433">
        <ele>300.7</ele>
      </trkpt>
      <trkpt lat="43.110169" lon="10.651649">
        <ele>299.6</ele>
      </trkpt>
      <trkpt lat="43.110144" lon="10.651749">
        <ele>299.2</ele>
      </trkpt>
      <trkpt lat="43.110161" lon="10.651849">
        <ele>298.8</ele>
      </trkpt>
      <trkpt lat="43.110327" lon="10.652228">
        <ele>297.0</ele>
      </trkpt>
      <trkpt lat="43.110362" lon="10.65237">
        <ele>296.3</ele>
      </trkpt>
      <trkpt lat="43.110429" lon="10.652818">
        <ele>294.5</ele>
      </trkpt>
      <trkpt lat="43.110413" lon="10.652899">
        <ele>294.2</ele>
      </trkpt>
      <trkpt lat="43.110334" lon="10.653001">
        <ele>293.6</ele>
      </trkpt>
      <trkpt lat="43.109873" lon="10.652997">
        <ele>291.1</ele>
      </trkpt>
      <trkpt lat="43.109599" lon="10.653038">
        <ele>290.3</ele>
      </trkpt>
      <trkpt lat="43.109374" lon="10.653276">
        <ele>289.5</ele>
      </trkpt>
      <trkpt lat="43.109082" lon="10.653437">
        <ele>288.6</ele>
      </trkpt>
      <trkpt lat="43.108992" lon="10.653518">
        <ele>288.3</ele>
      </trkpt>
      <trkpt lat="43.108853" lon="10.653823">
        <ele>287.6</ele>
      </trkpt>
      <trkpt lat="43.108765" lon="10.653968">
        <ele>287.2</ele>
      </trkpt>
      <trkpt lat="43.108695" lon="10.654032">
        <ele>287.0</ele>
      </trkpt>
      <trkpt lat="43.108622" lon="10.654061">
        <ele>286.8</ele>
      </trkpt>
      <trkpt lat="43.108493" lon="10.654045">
        <ele>286.4</ele>
      </trkpt>
      <trkpt lat="43.108315" lon="10.653978">
        <ele>286.0</ele>
      </trkpt>
      <trkpt lat="43.108243" lon="10.654034">
        <ele>285.9</ele>
      </trkpt>
      <trkpt lat="43.1082" lon="10.654106">
        <ele>285.8</ele>
      </trkpt>
      <trkpt lat="43.108074" lon="10.654608">
        <ele>285.3</ele>
      </trkpt>
      <trkpt lat="43.107961" lon="10.654802">
        <ele>285.1</ele>
      </trkpt>
      <trkpt lat="43.10789" lon="10.654987">
        <ele>284.9</ele>
      </trkpt>
      <trkpt lat="43.107847" lon="10.655211">
        <ele>284.7</ele>
      </trkpt>
      <trkpt lat="43.107846" lon="10.655373">
        <ele>284.6</ele>
      </trkpt>
      <trkpt lat="43.107917" lon="10.655805">
        <ele>284.1</ele>
      </trkpt>
      <trkpt lat="43.108005" lon="10.655974">
        <ele>283.9</ele>
      </trkpt>
      <trkpt lat="43.108188" lon="10.656144">
        <ele>284.4</ele>
      </trkpt>
      <trkpt lat="43.108535" lon="10.656359">
        <ele>285.7</ele>
      </trkpt>
      <trkpt lat="43.108624" lon="10.656476">
        <ele>286.2</ele>
      </trkpt>
      <trkpt lat="43.108832" lon="10.657237">
        <ele>288.2</ele>
      </trkpt>
      <trkpt lat="43.108985" lon="10.657588">
        <ele>289.3</ele>
      </trkpt>
      <trkpt lat="43.109277" lon="10.657878">
        <ele>291.0</ele>
      </trkpt>
      <trkpt lat="43.109399" lon="10.65795">
        <ele>292.1</ele>
      </trkpt>
      <trkpt lat="43.109501" lon="10.657959">
        <ele>293.0</ele>
      </trkpt>
      <trkpt lat="43.110104" lon="10.657748">
        <ele>298.0</ele>
      </trkpt>
      <trkpt lat="43.110204" lon="10.657664">
        <ele>298.9</ele>
      </trkpt>
      <trkpt lat="43.110343" lon="10.65729">
        <ele>301.4</ele>
      </trkpt>
      <trkpt lat="43.110458" lon="10.656696">
        <ele>304.8</ele>
      </trkpt>
      <trkpt lat="43.110517" lon="10.656514">
        <ele>305.1</ele>
      </trkpt>
      <trkpt lat="43.110621" lon="10.656375">
        <ele>305.4</ele>
      </trkpt>
      <trkpt lat="43.110911" lon="10.656122">
        <ele>306.2</ele>
      </trkpt>
      <trkpt lat="43.111599" lon="10.65562">
        <ele>308.1</ele>
      </trkpt>
      <trkpt lat="43.111687" lon="10.655516">
        <ele>308.3</ele>
      </trkpt>
      <trkpt lat="43.111785" lon="10.655301">
        <ele>308.8</ele>
      </trkpt>
      <trkpt lat="43.111925" lon="10.654755">
        <ele>309.3</ele>
      </trkpt>
      <trkpt lat="43.112031" lon="10.654506">
        <ele>309.5</ele>
      </trkpt>
      <trkpt lat="43.112098" lon="10.654476">
        <ele>309.6</ele>
      </trkpt>
      <trkpt lat="43.11217" lon="10.654496">
        <ele>309.7</ele>
      </trkpt>
      <trkpt lat="43.112262" lon="10.654592">
        <ele>309.8</ele>
      </trkpt>
      <trkpt lat="43.112528" lon="10.655053">
        <ele>310.3</ele>
      </trkpt>
      <trkpt lat="43.112588" lon="10.655095">
        <ele>310.4</ele>
      </trkpt>
      <trkpt lat="43.112663" lon="10.655086">
        <ele>310.5</ele>
      </trkpt>
      <trkpt lat="43.112719" lon="10.655027">
        <ele>310.5</ele>
      </trkpt>
      <trkpt lat="43.112767" lon="10.654832">
        <ele>310.7</ele>
      </trkpt>
      <trkpt lat="43.112749" lon="10.654539">
        <ele>311.1</ele>
      </trkpt>
      <trkpt lat="43.112676" lon="10.65418">
        <ele>311.8</ele>
      </trkpt>
      <trkpt lat="43.112654" lon="10.65396">
        <ele>312.3</ele>
      </trkpt>
      <trkpt lat="43.112676" lon="10.65384">
        <ele>312.5</ele>
      </trkpt>
      <trkpt lat="43.112762" lon="10.653821">
        <ele>312.7</ele>
      </trkpt>
      <trkpt lat="43.113022" lon="10.653879">
        <ele>313.4</ele>
      </trkpt>
      <trkpt lat="43.113438" lon="10.653427">
        <ele>314.9</ele>
      </trkpt>
      <trkpt lat="43.11364" lon="10.653231">
        <ele>315.6</ele>
      </trkpt>
      <trkpt lat="43.113735" lon="10.653182">
        <ele>315.7</ele>
      </trkpt>
      <trkpt lat="43.113798" lon="10.653216">
        <ele>315.6</ele>
      </trkpt>
      <trkpt lat="43.113837" lon="10.653421">
        <ele>315.2</ele>
      </trkpt>
      <trkpt lat="43.113745" lon="10.654067">
        <ele>314.0</ele>
      </trkpt>
      <trkpt lat="43.113746" lon="10.654307">
        <ele>313.5</ele>
      </trkpt>
      <trkpt lat="43.113802" lon="10.65455">
        <ele>313.1</ele>
      </trkpt>
      <trkpt lat="43.11389" lon="10.654712">
        <ele>312.7</ele>
      </trkpt>
      <trkpt lat="43.11413" lon="10.654913">
        <ele>312.0</ele>
      </trkpt>
      <trkpt lat="43.114333" lon="10.654994">
        <ele>311.4</ele>
      </trkpt>
      <trkpt lat="43.114561" lon="10.654918">
        <ele>312.1</ele>
      </trkpt>
      <trkpt lat="43.114696" lon="10.65476">
        <ele>313.0</ele>
      </trkpt>
      <trkpt lat="43.114791" lon="10.654547">
        <ele>313.9</ele>
      </trkpt>
      <trkpt lat="43.114873" lon="10.654286">
        <ele>314.9</ele>
      </trkpt>
      <trkpt lat="43.114946" lon="10.653912">
        <ele>316.3</ele>
      </trkpt>
      <trkpt lat="43.11517" lon="10.653647">
        <ele>317.8</ele>
      </trkpt>
      <trkpt lat="43.115189" lon="10.653552">
        <ele>318.1</ele>
      </trkpt>
      <trkpt lat="43.11511" lon="10.653186">
        <ele>319.5</ele>
      </trkpt>
      <trkpt lat="43.114934" lon="10.652742">
        <ele>320.5</ele>
      </trkpt>
      <trkpt lat="43.114917" lon="10.652593">
        <ele>320.7</ele>
      </trkpt>
      <trkpt lat="43.11494" lon="10.652543">
        <ele>320.7</ele>
      </trkpt>
      <trkpt lat="43.115039" lon="10.652522">
        <ele>320.9</ele>
      </trkpt>
      <trkpt lat="43.115118" lon="10.652555">
        <ele>321.0</ele>
      </trkpt>
      <trkpt lat="43.115597" lon="10.652899">
        <ele>321.8</ele>
      </trkpt>
      <trkpt lat="43.11576" lon="10.652931">
        <ele>322.0</ele>
      </trkpt>
      <trkpt lat="43.115852" lon="10.652897">
        <ele>322.1</ele>
      </trkpt>
      <trkpt lat="43.115923" lon="10.652819">
        <ele>322.3</ele>
      </trkpt>
      <trkpt lat="43.116075" lon="10.652428">
        <ele>322.7</ele>
      </trkpt>
      <trkpt lat="43.116287" lon="10.65133">
        <ele>326.6</ele>
      </trkpt>
      <trkpt lat="43.116335" lon="10.650456">
        <ele>329.7</ele>
      </trkpt>
      <trkpt lat="43.116383" lon="10.650067">
        <ele>331.0</ele>
      </trkpt>
      <trkpt lat="43.11644" lon="10.649969">
        <ele>331.4</ele>
      </trkpt>
      <trkpt lat="43.116611" lon="10.649862">
        <ele>331.7</ele>
      </trkpt>
      <trkpt lat="43.116703" lon="10.649709">
        <ele>331.9</ele>
      </trkpt>
      <trkpt lat="43.116925" lon="10.6487">
        <ele>333.1</ele>
      </trkpt>
      <trkpt lat="43.117003" lon="10.648526">
        <ele>333.4</ele>
      </trkpt>
      <trkpt lat="43.117063" lon="10.648471">
        <ele>333.5</ele>
      </trkpt>
      <trkpt lat="43.117135" lon="10.648467">
        <ele>333.6</ele>
      </trkpt>
      <trkpt lat="43.117624" lon="10.648672">
        <ele>334.3</ele>
      </trkpt>
      <trkpt lat="43.117754" lon="10.648696">
        <ele>334.3</ele>
      </trkpt>
      <trkpt lat="43.118027" lon="10.648702">
        <ele>334.5</ele>
      </trkpt>
      <trkpt lat="43.118195" lon="10.648638">
        <ele>334.6</ele>
      </trkpt>
      <trkpt lat="43.118395" lon="10.648397">
        <ele>334.7</ele>
      </trkpt>
      <trkpt lat="43.118484" lon="10.648226">
        <ele>334.8</ele>
      </trkpt>
      <trkpt lat="43.118535" lon="10.648047">
        <ele>334.9</ele>
      </trkpt>
      <trkpt lat="43.118626" lon="10.647479">
        <ele>335.1</ele>
      </trkpt>
      <trkpt lat="43.118688" lon="10.647364">
        <ele>335.1</ele>
      </trkpt>
      <trkpt lat="43.118863" lon="10.647275">
        <ele>334.4</ele>
      </trkpt>
      <trkpt lat="43.119036" lon="10.647282">
        <ele>333.8</ele>
      </trkpt>
      <trkpt lat="43.119087" lon="10.64736">
        <ele>333.5</ele>
      </trkpt>
      <trkpt lat="43.119123" lon="10.647507">
        <ele>333.1</ele>
      </trkpt>
      <trkpt lat="43.119254" lon="10.647654">
        <ele>332.5</ele>
      </trkpt>
      <trkpt lat="43.119422" lon="10.647625">
        <ele>331.9</ele>
      </trkpt>
      <trkpt lat="43.119546" lon="10.647621">
        <ele>331.4</ele>
      </trkpt>
      <trkpt lat="43.119621" lon="10.647695">
        <ele>331.1</ele>
      </trkpt>
      <trkpt lat="43.119635" lon="10.647807">
        <ele>330.8</ele>
      </trkpt>
      <trkpt lat="43.119595" lon="10.647907">
        <ele>330.5</ele>
      </trkpt>
      <trkpt lat="43.119474" lon="10.648099">
        <ele>329.8</ele>
      </trkpt>
      <trkpt lat="43.119398" lon="10.648293">
        <ele>329.2</ele>
      </trkpt>
      <trkpt lat="43.119327" lon="10.648672">
        <ele>328.5</ele>
      </trkpt>
      <trkpt lat="43.119317" lon="10.649176">
        <ele>328.3</ele>
      </trkpt>
      <trkpt lat="43.119381" lon="10.649308">
        <ele>328.2</ele>
      </trkpt>
      <trkpt lat="43.119592" lon="10.649604">
        <ele>328.0</ele>
      </trkpt>
      <trkpt lat="43.119672" lon="10.650067">
        <ele>327.7</ele>
      </trkpt>
      <trkpt lat="43.119827" lon="10.650584">
        <ele>327.5</ele>
      </trkpt>
      <trkpt lat="43.120242" lon="10.650975">
        <ele>329.2</ele>
      </trkpt>
      <trkpt lat="43.120509" lon="10.651303">
        <ele>331.0</ele>
      </trkpt>
      <trkpt lat="43.120721" lon="10.651417">
        <ele>332.2</ele>
      </trkpt>
      <trkpt lat="43.12093" lon="10.651413">
        <ele>333.3</ele>
      </trkpt>
      <trkpt lat="43.121034" lon="10.651355">
        <ele>333.9</ele>
      </trkpt>
      <trkpt lat="43.121248" lon="10.651236">
        <ele>335.1</ele>
      </trkpt>
      <trkpt lat="43.121767" lon="10.650829">
        <ele>337.9</ele>
      </trkpt>
      <trkpt lat="43.122275" lon="10.650709">
        <ele>340.0</ele>
      </trkpt>
      <trkpt lat="43.122446" lon="10.650613">
        <ele>340.8</ele>
      </trkpt>
      <trkpt lat="43.122542" lon="10.650487">
        <ele>341.3</ele>
      </trkpt>
      <trkpt lat="43.122609" lon="10.650187">
        <ele>342.3</ele>
      </trkpt>
      <trkpt lat="43.122668" lon="10.650083">
        <ele>342.6</ele>
      </trkpt>
      <trkpt lat="43.122724" lon="10.650024">
        <ele>342.9</ele>
      </trkpt>
      <trkpt lat="43.12294" lon="10.649934">
        <ele>343.9</ele>
      </trkpt>
      <trkpt lat="43.122999" lon="10.649761">
        <ele>344.1</ele>
      </trkpt>
      <trkpt lat="43.123" lon="10.649665">
        <ele>344.1</ele>
      </trkpt>
      <trkpt lat="43.122945" lon="10.649415">
        <ele>344.1</ele>
      </trkpt>
      <trkpt lat="43.122921" lon="10.649175">
        <ele>344.1</ele>
      </trkpt>
      <trkpt lat="43.122789" lon="10.648651">
        <ele>344.1</ele>
      </trkpt>
      <trkpt lat="43.122503" lon="10.648048">
        <ele>344.1</ele>
      </trkpt>
      <trkpt lat="43.122152" lon="10.647633">
        <ele>344.2</ele>
      </trkpt>
      <trkpt lat="43.122054" lon="10.647555">
        <ele>344.2</ele>
      </trkpt>
      <trkpt lat="43.121865" lon="10.647194">
        <ele>344.4</ele>
      </trkpt>
      <trkpt lat="43.121783" lon="10.647102">
        <ele>344.5</ele>
      </trkpt>
      <trkpt lat="43.121556" lon="10.646966">
        <ele>344.6</ele>
      </trkpt>
      <trkpt lat="43.12134" lon="10.646891">
        <ele>344.7</ele>
      </trkpt>
      <trkpt lat="43.121292" lon="10.646821">
        <ele>344.8</ele>
      </trkpt>
      <trkpt lat="43.12118" lon="10.646471">
        <ele>344.9</ele>
      </trkpt>
      <trkpt lat="43.121224" lon="10.646116">
        <ele>345.1</ele>
      </trkpt>
      <trkpt lat="43.121217" lon="10.64601">
        <ele>345.1</ele>
      </trkpt>
      <trkpt lat="43.121037" lon="10.645479">
        <ele>344.8</ele>
      </trkpt>
      <trkpt lat="43.121017" lon="10.64539">
        <ele>344.8</ele>
      </trkpt>
      <trkpt lat="43.121026" lon="10.645307">
        <ele>344.7</ele>
      </trkpt>
      <trkpt lat="43.121056" lon="10.645247">
        <ele>344.7</ele>
      </trkpt>
      <trkpt lat="43.121133" lon="10.645229">
        <ele>344.6</ele>
      </trkpt>
      <trkpt lat="43.121476" lon="10.645338">
        <ele>344.4</ele>
      </trkpt>
      <trkpt lat="43.121631" lon="10.645274">
        <ele>344.3</ele>
      </trkpt>
      <trkpt lat="43.121747" lon="10.64511">
        <ele>344.2</ele>
      </trkpt>
      <trkpt lat="43.1218" lon="10.64496">
        <ele>344.1</ele>
      </trkpt>
      <trkpt lat="43.121828" lon="10.644791">
        <ele>344.1</ele>
      </trkpt>
      <trkpt lat="43.121825" lon="10.644372">
        <ele>343.9</ele>
      </trkpt>
      <trkpt lat="43.121751" lon="10.6438">
        <ele>343.8</ele>
      </trkpt>
      <trkpt lat="43.121771" lon="10.643696">
        <ele>343.7</ele>
      </trkpt>
      <trkpt lat="43.121821" lon="10.643607">
        <ele>343.7</ele>
      </trkpt>
      <trkpt lat="43.121993" lon="10.643461">
        <ele>343.6</ele>
      </trkpt>
      <trkpt lat="43.122167" lon="10.643392">
        <ele>343.5</ele>
      </trkpt>
      <trkpt lat="43.122572" lon="10.64346">
        <ele>343.4</ele>
      </trkpt>
      <trkpt lat="43.122717" lon="10.643394">
        <ele>343.3</ele>
      </trkpt>
      <trkpt lat="43.122817" lon="10.643255">
        <ele>343.4</ele>
      </trkpt>
      <trkpt lat="43.123048" lon="10.642815">
        <ele>345.0</ele>
      </trkpt>
      <trkpt lat="43.123112" lon="10.642573">
        <ele>345.8</ele>
      </trkpt>
      <trkpt lat="43.123118" lon="10.64245">
        <ele>346.2</ele>
      </trkpt>
      <trkpt lat="43.123091" lon="10.642288">
        <ele>346.7</ele>
      </trkpt>
      <trkpt lat="43.123017" lon="10.642191">
        <ele>347.1</ele>
      </trkpt>
      <trkpt lat="43.122706" lon="10.641987">
        <ele>348.5</ele>
      </trkpt>
      <trkpt lat="43.12261" lon="10.641901">
        <ele>349.0</ele>
      </trkpt>
      <trkpt lat="43.122538" lon="10.641773">
        <ele>349.5</ele>
      </trkpt>
      <trkpt lat="43.122471" lon="10.641621">
        <ele>350.0</ele>
      </trkpt>
      <trkpt lat="43.122439" lon="10.641472">
        <ele>350.5</ele>
      </trkpt>
      <trkpt lat="43.122394" lon="10.64102">
        <ele>350.3</ele>
      </trkpt>
      <trkpt lat="43.122303" lon="10.640689">
        <ele>349.9</ele>
      </trkpt>
      <trkpt lat="43.122323" lon="10.640544">
        <ele>349.7</ele>
      </trkpt>
      <trkpt lat="43.122387" lon="10.640504">
        <ele>349.6</ele>
      </trkpt>
      <trkpt lat="43.122458" lon="10.640503">
        <ele>349.5</ele>
      </trkpt>
      <trkpt lat="43.122697" lon="10.640652">
        <ele>349.1</ele>
      </trkpt>
      <trkpt lat="43.122934" lon="10.640901">
        <ele>348.7</ele>
      </trkpt>
      <trkpt lat="43.123092" lon="10.640963">
        <ele>348.4</ele>
      </trkpt>
      <trkpt lat="43.12316" lon="10.640923">
        <ele>348.3</ele>
      </trkpt>
      <trkpt lat="43.123213" lon="10.640807">
        <ele>348.1</ele>
      </trkpt>
      <trkpt lat="43.123195" lon="10.640626">
        <ele>347.9</ele>
      </trkpt>
      <trkpt lat="43.123155" lon="10.640515">
        <ele>347.7</ele>
      </trkpt>
      <trkpt lat="43.123148" lon="10.640363">
        <ele>347.4</ele>
      </trkpt>
      <trkpt lat="43.123175" lon="10.640292">
        <ele>347.2</ele>
      </trkpt>
      <trkpt lat="43.12325" lon="10.64024">
        <ele>347.0</ele>
      </trkpt>
      <trkpt lat="43.123664" lon="10.640391">
        <ele>345.9</ele>
      </trkpt>
      <trkpt lat="43.12395" lon="10.640604">
        <ele>345.1</ele>
      </trkpt>
      <trkpt lat="43.124125" lon="10.640594">
        <ele>344.6</ele>
      </trkpt>
      <trkpt lat="43.124268" lon="10.640533">
        <ele>344.2</ele>
      </trkpt>
      <trkpt lat="43.124372" lon="10.640437">
        <ele>343.9</ele>
      </trkpt>
      <trkpt lat="43.124657" lon="10.63994">
        <ele>343.0</ele>
      </trkpt>
      <trkpt lat="43.124775" lon="10.639779">
        <ele>342.8</ele>
      </trkpt>
      <trkpt lat="43.125304" lon="10.639481">
        <ele>342.1</ele>
      </trkpt>
      <trkpt lat="43.125826" lon="10.639053">
        <ele>341.4</ele>
      </trkpt>
      <trkpt lat="43.125902" lon="10.639022">
        <ele>341.3</ele>
      </trkpt>
      <trkpt lat="43.125967" lon="10.639045">
        <ele>341.2</ele>
      </trkpt>
      <trkpt lat="43.126011" lon="10.639121">
        <ele>341.1</ele>
      </trkpt>
      <trkpt lat="43.12607" lon="10.639426">
        <ele>338.8</ele>
      </trkpt>
      <trkpt lat="43.126334" lon="10.639845">
        <ele>334.7</ele>
      </trkpt>
      <trkpt lat="43.12644" lon="10.640105">
        <ele>332.5</ele>
      </trkpt>
      <trkpt lat="43.126469" lon="10.640372">
        <ele>330.6</ele>
      </trkpt>
      <trkpt lat="43.126385" lon="10.640762">
        <ele>327.5</ele>
      </trkpt>
      <trkpt lat="43.126123" lon="10.641547">
        <ele>322.4</ele>
      </trkpt>
      <trkpt lat="43.126095" lon="10.64168">
        <ele>322.1</ele>
      </trkpt>
      <trkpt lat="43.126081" lon="10.641928">
        <ele>321.6</ele>
      </trkpt>
      <trkpt lat="43.126147" lon="10.642198">
        <ele>321.0</ele>
      </trkpt>
      <trkpt lat="43.126257" lon="10.642399">
        <ele>320.4</ele>
      </trkpt>
      <trkpt lat="43.126339" lon="10.642487">
        <ele>320.1</ele>
      </trkpt>
      <trkpt lat="43.126569" lon="10.642592">
        <ele>319.4</ele>
      </trkpt>
      <trkpt lat="43.126661" lon="10.642699">
        <ele>319.0</ele>
      </trkpt>
      <trkpt lat="43.126828" lon="10.643004">
        <ele>318.2</ele>
      </trkpt>
      <trkpt lat="43.126953" lon="10.64313">
        <ele>317.7</ele>
      </trkpt>
      <trkpt lat="43.127718" lon="10.643532">
        <ele>320.6</ele>
      </trkpt>
      <trkpt lat="43.128012" lon="10.643755">
        <ele>321.9</ele>
      </trkpt>
      <trkpt lat="43.128617" lon="10.644242">
        <ele>324.6</ele>
      </trkpt>
      <trkpt lat="43.128646" lon="10.644265">
        <ele>324.6</ele>
      </trkpt>
      <trkpt lat="43.12871" lon="10.644251">
        <ele>324.6</ele>
      </trkpt>
      <trkpt lat="43.128744" lon="10.644228">
        <ele>324.5</ele>
      </trkpt>
      <trkpt lat="43.128828" lon="10.64411">
        <ele>324.5</ele>
      </trkpt>
      <trkpt lat="43.128843" lon="10.644055">
        <ele>324.5</ele>
      </trkpt>
      <trkpt lat="43.12887" lon="10.64393">
        <ele>324.5</ele>
      </trkpt>
      <trkpt lat="43.128938" lon="10.643678">
        <ele>324.5</ele>
      </trkpt>
      <trkpt lat="43.129016" lon="10.643477">
        <ele>324.5</ele>
      </trkpt>
      <trkpt lat="43.129149" lon="10.643293">
        <ele>324.4</ele>
      </trkpt>
      <trkpt lat="43.129249" lon="10.643219">
        <ele>324.4</ele>
      </trkpt>
      <trkpt lat="43.12932" lon="10.643233">
        <ele>324.4</ele>
      </trkpt>
      <trkpt lat="43.129385" lon="10.643319">
        <ele>324.4</ele>
      </trkpt>
      <trkpt lat="43.129523" lon="10.643652">
        <ele>324.4</ele>
      </trkpt>
      <trkpt lat="43.13005" lon="10.643898">
        <ele>322.4</ele>
      </trkpt>
      <trkpt lat="43.130318" lon="10.644111">
        <ele>320.2</ele>
      </trkpt>
      <trkpt lat="43.130765" lon="10.644649">
        <ele>315.9</ele>
      </trkpt>
      <trkpt lat="43.130997" lon="10.645033">
        <ele>313.3</ele>
      </trkpt>
      <trkpt lat="43.131209" lon="10.64531">
        <ele>311.6</ele>
      </trkpt>
      <trkpt lat="43.131574" lon="10.645521">
        <ele>314.1</ele>
      </trkpt>
      <trkpt lat="43.131733" lon="10.645534">
        <ele>315.1</ele>
      </trkpt>
      <trkpt lat="43.131951" lon="10.645412">
        <ele>316.6</ele>
      </trkpt>
      <trkpt lat="43.132231" lon="10.64502">
        <ele>319.2</ele>
      </trkpt>
      <trkpt lat="43.132603" lon="10.644341">
        <ele>323.0</ele>
      </trkpt>
      <trkpt lat="43.132764" lon="10.643946">
        <ele>324.1</ele>
      </trkpt>
      <trkpt lat="43.132944" lon="10.643388">
        <ele>325.7</ele>
      </trkpt>
      <trkpt lat="43.132995" lon="10.643101">
        <ele>326.4</ele>
      </trkpt>
      <trkpt lat="43.132995" lon="10.642859">
        <ele>327.0</ele>
      </trkpt>
      <trkpt lat="43.132965" lon="10.642621">
        <ele>327.6</ele>
      </trkpt>
      <trkpt lat="43.132955" lon="10.642504">
        <ele>327.9</ele>
      </trkpt>
      <trkpt lat="43.132985" lon="10.64233">
        <ele>328.3</ele>
      </trkpt>
      <trkpt lat="43.133069" lon="10.642172">
        <ele>328.8</ele>
      </trkpt>
      <trkpt lat="43.133228" lon="10.642073">
        <ele>328.9</ele>
      </trkpt>
      <trkpt lat="43.133347" lon="10.642085">
        <ele>328.7</ele>
      </trkpt>
      <trkpt lat="43.133457" lon="10.642144">
        <ele>328.6</ele>
      </trkpt>
      <trkpt lat="43.133832" lon="10.64254">
        <ele>328.0</ele>
      </trkpt>
      <trkpt lat="43.133916" lon="10.642574">
        <ele>327.9</ele>
      </trkpt>
      <trkpt lat="43.134071" lon="10.642562">
        <ele>327.7</ele>
      </trkpt>
      <trkpt lat="43.134121" lon="10.642535">
        <ele>327.6</ele>
      </trkpt>
      <trkpt lat="43.134293" lon="10.642459">
        <ele>327.4</ele>
      </trkpt>
      <trkpt lat="43.134448" lon="10.642315">
        <ele>327.2</ele>
      </trkpt>
      <trkpt lat="43.134614" lon="10.642072">
        <ele>326.9</ele>
      </trkpt>
      <trkpt lat="43.134677" lon="10.642039">
        <ele>326.8</ele>
      </trkpt>
      <trkpt lat="43.134775" lon="10.642054">
        <ele>326.4</ele>
      </trkpt>
      <trkpt lat="43.134851" lon="10.642156">
        <ele>325.9</ele>
      </trkpt>
      <trkpt lat="43.135287" lon="10.642948">
        <ele>322.7</ele>
      </trkpt>
      <trkpt lat="43.135542" lon="10.643622">
        <ele>320.2</ele>
      </trkpt>
      <trkpt lat="43.135667" lon="10.644195">
        <ele>319.1</ele>
      </trkpt>
      <trkpt lat="43.135749" lon="10.644412">
        <ele>319.4</ele>
      </trkpt>
      <trkpt lat="43.135831" lon="10.644449">
        <ele>319.6</ele>
      </trkpt>
      <trkpt lat="43.135954" lon="10.644415">
        <ele>319.8</ele>
      </trkpt>
      <trkpt lat="43.136305" lon="10.643797">
        <ele>321.0</ele>
      </trkpt>
      <trkpt lat="43.136419" lon="10.643658">
        <ele>321.3</ele>
      </trkpt>
      <trkpt lat="43.136508" lon="10.643593">
        <ele>321.5</ele>
      </trkpt>
      <trkpt lat="43.13712" lon="10.643304">
        <ele>322.1</ele>
      </trkpt>
      <trkpt lat="43.137594" lon="10.64296">
        <ele>321.1</ele>
      </trkpt>
      <trkpt lat="43.137696" lon="10.642896">
        <ele>321.0</ele>
      </trkpt>
      <trkpt lat="43.137877" lon="10.642788">
        <ele>320.6</ele>
      </trkpt>
      <trkpt lat="43.138101" lon="10.642741">
        <ele>320.2</ele>
      </trkpt>
      <trkpt lat="43.138385" lon="10.642887">
        <ele>319.7</ele>
      </trkpt>
      <trkpt lat="43.138559" lon="10.642934">
        <ele>319.4</ele>
      </trkpt>
      <trkpt lat="43.138918" lon="10.642821">
        <ele>317.9</ele>
      </trkpt>
      <trkpt lat="43.139395" lon="10.642837">
        <ele>315.8</ele>
      </trkpt>
      <trkpt lat="43.140148" lon="10.642647">
        <ele>312.4</ele>
      </trkpt>
      <trkpt lat="43.140348" lon="10.642659">
        <ele>311.5</ele>
      </trkpt>
      <trkpt lat="43.140361" lon="10.642613">
        <ele>311.4</ele>
      </trkpt>
      <trkpt lat="43.140422" lon="10.642561">
        <ele>310.8</ele>
      </trkpt>
      <trkpt lat="43.141023" lon="10.642449">
        <ele>306.0</ele>
      </trkpt>
      <trkpt lat="43.141406" lon="10.642201">
        <ele>302.7</ele>
      </trkpt>
      <trkpt lat="43.141702" lon="10.64205">
        <ele>300.1</ele>
      </trkpt>
      <trkpt lat="43.142173" lon="10.641971">
        <ele>296.6</ele>
      </trkpt>
      <trkpt lat="43.142317" lon="10.642042">
        <ele>295.8</ele>
      </trkpt>
      <trkpt lat="43.142375" lon="10.642111">
        <ele>295.3</ele>
      </trkpt>
      <trkpt lat="43.142527" lon="10.642449">
        <ele>293.8</ele>
      </trkpt>
      <trkpt lat="43.142601" lon="10.642488">
        <ele>293.3</ele>
      </trkpt>
      <trkpt lat="43.142709" lon="10.642448">
        <ele>292.7</ele>
      </trkpt>
      <trkpt lat="43.143003" lon="10.642181">
        <ele>290.8</ele>
      </trkpt>
      <trkpt lat="43.143191" lon="10.642114">
        <ele>289.8</ele>
      </trkpt>
      <trkpt lat="43.143422" lon="10.642157">
        <ele>288.5</ele>
      </trkpt>
      <trkpt lat="43.143655" lon="10.642334">
        <ele>287.2</ele>
      </trkpt>
      <trkpt lat="43.143768" lon="10.642388">
        <ele>287.1</ele>
      </trkpt>
      <trkpt lat="43.143879" lon="10.642399">
        <ele>286.9</ele>
      </trkpt>
      <trkpt lat="43.144232" lon="10.64228">
        <ele>286.4</ele>
      </trkpt>
      <trkpt lat="43.14433" lon="10.642295">
        <ele>286.2</ele>
      </trkpt>
      <trkpt lat="43.144431" lon="10.642387">
        <ele>286.0</ele>
      </trkpt>
      <trkpt lat="43.144482" lon="10.64255">
        <ele>285.9</ele>
      </trkpt>
      <trkpt lat="43.144479" lon="10.642643">
        <ele>285.8</ele>
      </trkpt>
      <trkpt lat="43.144446" lon="10.642734">
        <ele>285.7</ele>
      </trkpt>
      <trkpt lat="43.144285" lon="10.642933">
        <ele>285.3</ele>
      </trkpt>
      <trkpt lat="43.144215" lon="10.643058">
        <ele>285.2</ele>
      </trkpt>
      <trkpt lat="43.144201" lon="10.643132">
        <ele>285.1</ele>
      </trkpt>
      <trkpt lat="43.144225" lon="10.643225">
        <ele>285.0</ele>
      </trkpt>
      <trkpt lat="43.144271" lon="10.643283">
        <ele>284.9</ele>
      </trkpt>
      <trkpt lat="43.14457" lon="10.643362">
        <ele>283.8</ele>
      </trkpt>
      <trkpt lat="43.144843" lon="10.643495">
        <ele>282.2</ele>
      </trkpt>
      <trkpt lat="43.14492" lon="10.643496">
        <ele>281.8</ele>
      </trkpt>
      <trkpt lat="43.145193" lon="10.643394">
        <ele>280.2</ele>
      </trkpt>
      <trkpt lat="43.14545" lon="10.64335">
        <ele>278.8</ele>
      </trkpt>
      <trkpt lat="43.145682" lon="10.643215">
        <ele>277.4</ele>
      </trkpt>
      <trkpt lat="43.145971" lon="10.642981">
        <ele>275.5</ele>
      </trkpt>
      <trkpt lat="43.146094" lon="10.642919">
        <ele>274.8</ele>
      </trkpt>
      <trkpt lat="43.146219" lon="10.642919">
        <ele>274.3</ele>
      </trkpt>
      <trkpt lat="43.146319" lon="10.642962">
        <ele>274.0</ele>
      </trkpt>
      <trkpt lat="43.146404" lon="10.643065">
        <ele>273.6</ele>
      </trkpt>
      <trkpt lat="43.146474" lon="10.643264">
        <ele>273.1</ele>
      </trkpt>
      <trkpt lat="43.146473" lon="10.643399">
        <ele>272.7</ele>
      </trkpt>
      <trkpt lat="43.146296" lon="10.6441">
        <ele>270.9</ele>
      </trkpt>
      <trkpt lat="43.146341" lon="10.644257">
        <ele>270.5</ele>
      </trkpt>
      <trkpt lat="43.146381" lon="10.644288">
        <ele>270.4</ele>
      </trkpt>
      <trkpt lat="43.146473" lon="10.644291">
        <ele>270.1</ele>
      </trkpt>
      <trkpt lat="43.146545" lon="10.644216">
        <ele>269.8</ele>
      </trkpt>
      <trkpt lat="43.14674" lon="10.643833">
        <ele>268.5</ele>
      </trkpt>
      <trkpt lat="43.14685" lon="10.643683">
        <ele>267.2</ele>
      </trkpt>
      <trkpt lat="43.147424" lon="10.643205">
        <ele>261.6</ele>
      </trkpt>
      <trkpt lat="43.147878" lon="10.642522">
        <ele>256.0</ele>
      </trkpt>
      <trkpt lat="43.14798" lon="10.642421">
        <ele>255.0</ele>
      </trkpt>
      <trkpt lat="43.14807" lon="10.642387">
        <ele>254.2</ele>
      </trkpt>
      <trkpt lat="43.148199" lon="10.642402">
        <ele>253.5</ele>
      </trkpt>
      <trkpt lat="43.148295" lon="10.642459">
        <ele>253.1</ele>
      </trkpt>
      <trkpt lat="43.148361" lon="10.642545">
        <ele>252.8</ele>
      </trkpt>
      <trkpt lat="43.148443" lon="10.642719">
        <ele>252.2</ele>
      </trkpt>
      <trkpt lat="43.148635" lon="10.643379">
        <ele>250.2</ele>
      </trkpt>
      <trkpt lat="43.148712" lon="10.643739">
        <ele>249.2</ele>
      </trkpt>
      <trkpt lat="43.148749" lon="10.643801">
        <ele>248.9</ele>
      </trkpt>
      <trkpt lat="43.148802" lon="10.643827">
        <ele>248.7</ele>
      </trkpt>
      <trkpt lat="43.148932" lon="10.643763">
        <ele>248.2</ele>
      </trkpt>
      <trkpt lat="43.148995" lon="10.643575">
        <ele>247.6</ele>
      </trkpt>
      <trkpt lat="43.149076" lon="10.642434">
        <ele>241.1</ele>
      </trkpt>
      <trkpt lat="43.14911" lon="10.642305">
        <ele>240.2</ele>
      </trkpt>
      <trkpt lat="43.149179" lon="10.642172">
        <ele>239.1</ele>
      </trkpt>
      <trkpt lat="43.149277" lon="10.642085">
        <ele>238.1</ele>
      </trkpt>
      <trkpt lat="43.149693" lon="10.641902">
        <ele>234.2</ele>
      </trkpt>
      <trkpt lat="43.14991" lon="10.641874">
        <ele>232.3</ele>
      </trkpt>
      <trkpt lat="43.149993" lon="10.641824">
        <ele>231.5</ele>
      </trkpt>
      <trkpt lat="43.150041" lon="10.64175">
        <ele>230.9</ele>
      </trkpt>
      <trkpt lat="43.150116" lon="10.641337">
        <ele>229.8</ele>
      </trkpt>
      <trkpt lat="43.150155" lon="10.641248">
        <ele>229.5</ele>
      </trkpt>
      <trkpt lat="43.150237" lon="10.64115">
        <ele>229.1</ele>
      </trkpt>
      <trkpt lat="43.150786" lon="10.64067">
        <ele>226.7</ele>
      </trkpt>
      <trkpt lat="43.151334" lon="10.640355">
        <ele>224.5</ele>
      </trkpt>
      <trkpt lat="43.151766" lon="10.640051">
        <ele>222.9</ele>
      </trkpt>
      <trkpt lat="43.152054" lon="10.639975">
        <ele>222.0</ele>
      </trkpt>
      <trkpt lat="43.152585" lon="10.6401">
        <ele>220.4</ele>
      </trkpt>
      <trkpt lat="43.152723" lon="10.640026">
        <ele>219.9</ele>
      </trkpt>
      <trkpt lat="43.15277" lon="10.639944">
        <ele>219.7</ele>
      </trkpt>
      <trkpt lat="43.152939" lon="10.639425">
        <ele>218.9</ele>
      </trkpt>
      <trkpt lat="43.153055" lon="10.63931">
        <ele>219.1</ele>
      </trkpt>
      <trkpt lat="43.153216" lon="10.639238">
        <ele>219.3</ele>
      </trkpt>
      <trkpt lat="43.153533" lon="10.639197">
        <ele>219.8</ele>
      </trkpt>
      <trkpt lat="43.153693" lon="10.639092">
        <ele>220.0</ele>
      </trkpt>
      <trkpt lat="43.153822" lon="10.638964">
        <ele>220.2</ele>
      </trkpt>
      <trkpt lat="43.154563" lon="10.638159">
        <ele>221.7</ele>
      </trkpt>
      <trkpt lat="43.154858" lon="10.637871">
        <ele>222.5</ele>
      </trkpt>
      <trkpt lat="43.155005" lon="10.637679">
        <ele>223.0</ele>
      </trkpt>
      <trkpt lat="43.155326" lon="10.637004">
        <ele>224.4</ele>
      </trkpt>
      <trkpt lat="43.155706" lon="10.63642">
        <ele>224.6</ele>
      </trkpt>
      <trkpt lat="43.155863" lon="10.635971">
        <ele>222.8</ele>
      </trkpt>
      <trkpt lat="43.155937" lon="10.63584">
        <ele>222.3</ele>
      </trkpt>
      <trkpt lat="43.156123" lon="10.635612">
        <ele>221.1</ele>
      </trkpt>
      <trkpt lat="43.156668" lon="10.635082">
        <ele>217.9</ele>
      </trkpt>
      <trkpt lat="43.156842" lon="10.634825">
        <ele>216.7</ele>
      </trkpt>
      <trkpt lat="43.156905" lon="10.634683">
        <ele>216.2</ele>
      </trkpt>
      <trkpt lat="43.156986" lon="10.634362">
        <ele>215.0</ele>
      </trkpt>
      <trkpt lat="43.15697" lon="10.634147">
        <ele>214.3</ele>
      </trkpt>
      <trkpt lat="43.156864" lon="10.633781">
        <ele>213.0</ele>
      </trkpt>
      <trkpt lat="43.156895" lon="10.633617">
        <ele>212.5</ele>
      </trkpt>
      <trkpt lat="43.156943" lon="10.633573">
        <ele>212.2</ele>
      </trkpt>
      <trkpt lat="43.157005" lon="10.633569">
        <ele>211.9</ele>
      </trkpt>
      <trkpt lat="43.15724" lon="10.633644">
        <ele>210.8</ele>
      </trkpt>
      <trkpt lat="43.157402" lon="10.633646">
        <ele>210.1</ele>
      </trkpt>
      <trkpt lat="43.15769" lon="10.633481">
        <ele>208.7</ele>
      </trkpt>
      <trkpt lat="43.157863" lon="10.633303">
        <ele>208.1</ele>
      </trkpt>
      <trkpt lat="43.157893" lon="10.633217">
        <ele>207.9</ele>
      </trkpt>
      <trkpt lat="43.157972" lon="10.63266">
        <ele>206.7</ele>
      </trkpt>
      <trkpt lat="43.158237" lon="10.631314">
        <ele>203.9</ele>
      </trkpt>
      <trkpt lat="43.158331" lon="10.631186">
        <ele>203.6</ele>
      </trkpt>
      <trkpt lat="43.158649" lon="10.631129">
        <ele>203.2</ele>
      </trkpt>
      <trkpt lat="43.158734" lon="10.631089">
        <ele>203.1</ele>
      </trkpt>
      <trkpt lat="43.158816" lon="10.630997">
        <ele>203.0</ele>
      </trkpt>
      <trkpt lat="43.158878" lon="10.630844">
        <ele>202.8</ele>
      </trkpt>
      <trkpt lat="43.15891" lon="10.630624">
        <ele>202.6</ele>
      </trkpt>
      <trkpt lat="43.158908" lon="10.630404">
        <ele>202.4</ele>
      </trkpt>
      <trkpt lat="43.158881" lon="10.630196">
        <ele>202.2</ele>
      </trkpt>
      <trkpt lat="43.158844" lon="10.630106">
        <ele>202.1</ele>
      </trkpt>
      <trkpt lat="43.158723" lon="10.629976">
        <ele>201.9</ele>
      </trkpt>
      <trkpt lat="43.157457" lon="10.629325">
        <ele>203.3</ele>
      </trkpt>
      <trkpt lat="43.157385" lon="10.629208">
        <ele>203.5</ele>
      </trkpt>
      <trkpt lat="43.157369" lon="10.62903">
        <ele>203.8</ele>
      </trkpt>
      <trkpt lat="43.157425" lon="10.628898">
        <ele>204.0</ele>
      </trkpt>
      <trkpt lat="43.157474" lon="10.628849">
        <ele>204.2</ele>
      </trkpt>
      <trkpt lat="43.157811" lon="10.628658">
        <ele>204.9</ele>
      </trkpt>
      <trkpt lat="43.158109" lon="10.628589">
        <ele>204.5</ele>
      </trkpt>
      <trkpt lat="43.15858" lon="10.628562">
        <ele>203.3</ele>
      </trkpt>
      <trkpt lat="43.158711" lon="10.628494">
        <ele>203.0</ele>
      </trkpt>
      <trkpt lat="43.158779" lon="10.628409">
        <ele>202.7</ele>
      </trkpt>
      <trkpt lat="43.159057" lon="10.627842">
        <ele>201.5</ele>
      </trkpt>
      <trkpt lat="43.159416" lon="10.6274">
        <ele>200.6</ele>
      </trkpt>
      <trkpt lat="43.159463" lon="10.627291">
        <ele>200.6</ele>
      </trkpt>
      <trkpt lat="43.159478" lon="10.627119">
        <ele>200.6</ele>
      </trkpt>
      <trkpt lat="43.159391" lon="10.626321">
        <ele>200.6</ele>
      </trkpt>
      <trkpt lat="43.159344" lon="10.626106">
        <ele>200.6</ele>
      </trkpt>
      <trkpt lat="43.159065" lon="10.625662">
        <ele>200.6</ele>
      </trkpt>
      <trkpt lat="43.159013" lon="10.625528">
        <ele>200.6</ele>
      </trkpt>
      <trkpt lat="43.159028" lon="10.625404">
        <ele>200.6</ele>
      </trkpt>
      <trkpt lat="43.15908" lon="10.625284">
        <ele>200.6</ele>
      </trkpt>
      <trkpt lat="43.159144" lon="10.625229">
        <ele>200.6</ele>
      </trkpt>
      <trkpt lat="43.159234" lon="10.625226">
        <ele>200.6</ele>
      </trkpt>
      <trkpt lat="43.1595" lon="10.625359">
        <ele>200.8</ele>
      </trkpt>
      <trkpt lat="43.159602" lon="10.625361">
        <ele>200.8</ele>
      </trkpt>
      <trkpt lat="43.15978" lon="10.625206">
        <ele>200.9</ele>
      </trkpt>
      <trkpt lat="43.159838" lon="10.625061">
        <ele>200.9</ele>
      </trkpt>
      <trkpt lat="43.159878" lon="10.624833">
        <ele>201.0</ele>
      </trkpt>
      <trkpt lat="43.159965" lon="10.623917">
        <ele>201.2</ele>
      </trkpt>
      <trkpt lat="43.159959" lon="10.623649">
        <ele>201.0</ele>
      </trkpt>
      <trkpt lat="43.159874" lon="10.623336">
        <ele>200.6</ele>
      </trkpt>
      <trkpt lat="43.15985" lon="10.623155">
        <ele>200.4</ele>
      </trkpt>
      <trkpt lat="43.159862" lon="10.623033">
        <ele>200.2</ele>
      </trkpt>
      <trkpt lat="43.159909" lon="10.622901">
        <ele>200.1</ele>
      </trkpt>
      <trkpt lat="43.160108" lon="10.62263">
        <ele>199.6</ele>
      </trkpt>
      <trkpt lat="43.160208" lon="10.622567">
        <ele>199.4</ele>
      </trkpt>
      <trkpt lat="43.16035" lon="10.622561">
        <ele>199.2</ele>
      </trkpt>
      <trkpt lat="43.160552" lon="10.622629">
        <ele>198.8</ele>
      </trkpt>
      <trkpt lat="43.160629" lon="10.622613">
        <ele>198.7</ele>
      </trkpt>
      <trkpt lat="43.160749" lon="10.622512">
        <ele>198.5</ele>
      </trkpt>
      <trkpt lat="43.161439" lon="10.621205">
        <ele>194.5</ele>
      </trkpt>
      <trkpt lat="43.161518" lon="10.620921">
        <ele>193.7</ele>
      </trkpt>
      <trkpt lat="43.161485" lon="10.620665">
        <ele>193.0</ele>
      </trkpt>
      <trkpt lat="43.1613" lon="10.620225">
        <ele>191.7</ele>
      </trkpt>
      <trkpt lat="43.161228" lon="10.619919">
        <ele>190.9</ele>
      </trkpt>
      <trkpt lat="43.16123" lon="10.619291">
        <ele>189.2</ele>
      </trkpt>
      <trkpt lat="43.161181" lon="10.619104">
        <ele>188.7</ele>
      </trkpt>
      <trkpt lat="43.161072" lon="10.618989">
        <ele>188.2</ele>
      </trkpt>
      <trkpt lat="43.160466" lon="10.618707">
        <ele>185.9</ele>
      </trkpt>
      <trkpt lat="43.160385" lon="10.618658">
        <ele>185.6</ele>
      </trkpt>
      <trkpt lat="43.160351" lon="10.618601">
        <ele>185.4</ele>
      </trkpt>
      <trkpt lat="43.16034" lon="10.618488">
        <ele>184.8</ele>
      </trkpt>
      <trkpt lat="43.160398" lon="10.61833">
        <ele>183.9</ele>
      </trkpt>
      <trkpt lat="43.160528" lon="10.618139">
        <ele>182.5</ele>
      </trkpt>
      <trkpt lat="43.160811" lon="10.617799">
        <ele>179.9</ele>
      </trkpt>
      <trkpt lat="43.161099" lon="10.617452">
        <ele>177.2</ele>
      </trkpt>
      <trkpt lat="43.161184" lon="10.617295">
        <ele>176.2</ele>
      </trkpt>
      <trkpt lat="43.161261" lon="10.617076">
        <ele>174.9</ele>
      </trkpt>
      <trkpt lat="43.161268" lon="10.617051">
        <ele>174.8</ele>
      </trkpt>
      <trkpt lat="43.161403" lon="10.616426">
        <ele>171.7</ele>
      </trkpt>
      <trkpt lat="43.161417" lon="10.616208">
        <ele>170.8</ele>
      </trkpt>
      <trkpt lat="43.161403" lon="10.615859">
        <ele>169.4</ele>
      </trkpt>
      <trkpt lat="43.161343" lon="10.615638">
        <ele>168.5</ele>
      </trkpt>
      <trkpt lat="43.161257" lon="10.61554">
        <ele>167.9</ele>
      </trkpt>
      <trkpt lat="43.161142" lon="10.615489">
        <ele>167.2</ele>
      </trkpt>
      <trkpt lat="43.160826" lon="10.615413">
        <ele>165.5</ele>
      </trkpt>
      <trkpt lat="43.1607" lon="10.615326">
        <ele>164.7</ele>
      </trkpt>
      <trkpt lat="43.160608" lon="10.615176">
        <ele>163.9</ele>
      </trkpt>
      <trkpt lat="43.160561" lon="10.614996">
        <ele>163.1</ele>
      </trkpt>
      <trkpt lat="43.160484" lon="10.613398">
        <ele>163.1</ele>
      </trkpt>
      <trkpt lat="43.160418" lon="10.613165">
        <ele>163.1</ele>
      </trkpt>
      <trkpt lat="43.160117" lon="10.612601">
        <ele>163.2</ele>
      </trkpt>
      <trkpt lat="43.160071" lon="10.612541">
        <ele>163.1</ele>
      </trkpt>
      <trkpt lat="43.159988" lon="10.61244">
        <ele>163.0</ele>
      </trkpt>
      <trkpt lat="43.160067" lon="10.612642">
        <ele>165.6</ele>
      </trkpt>
      <trkpt lat="43.160067" lon="10.612599">
        <ele>166.3</ele>
      </trkpt>
      <trkpt lat="43.160067" lon="10.612534">
        <ele>167.4</ele>
      </trkpt>
      <trkpt lat="43.16011" lon="10.612599">
        <ele>167.0</ele>
      </trkpt>
      <trkpt lat="43.160153" lon="10.612556">
        <ele>168.4</ele>
      </trkpt>
      <trkpt lat="43.160262" lon="10.612514">
        <ele>171.0</ele>
      </trkpt>
      <trkpt lat="43.160454" lon="10.612405">
        <ele>174.8</ele>
      </trkpt>
      <trkpt lat="43.161141" lon="10.612084">
        <ele>181.5</ele>
      </trkpt>
      <trkpt lat="43.161356" lon="10.611956">
        <ele>181.7</ele>
      </trkpt>
      <trkpt lat="43.16202" lon="10.61129">
        <ele>181.6</ele>
      </trkpt>
      <trkpt lat="43.162043" lon="10.611205">
        <ele>182.7</ele>
      </trkpt>
      <trkpt lat="43.162043" lon="10.611096">
        <ele>184.6</ele>
      </trkpt>
      <trkpt lat="43.16202" lon="10.611033">
        <ele>186.2</ele>
      </trkpt>
      <trkpt lat="43.161977" lon="10.610904">
        <ele>185.8</ele>
      </trkpt>
      <trkpt lat="43.161891" lon="10.610753">
        <ele>185.9</ele>
      </trkpt>
      <trkpt lat="43.161699" lon="10.610495">
        <ele>186.2</ele>
      </trkpt>
      <trkpt lat="43.161569" lon="10.610365">
        <ele>186.5</ele>
      </trkpt>
      <trkpt lat="43.161505" lon="10.610303">
        <ele>186.5</ele>
      </trkpt>
      <trkpt lat="43.161442" lon="10.61026">
        <ele>186.8</ele>
      </trkpt>
      <trkpt lat="43.161356" lon="10.610217">
        <ele>187.3</ele>
      </trkpt>
      <trkpt lat="43.161205" lon="10.610174">
        <ele>188.2</ele>
      </trkpt>
      <trkpt lat="43.161102" lon="10.610141">
        <ele>187.2</ele>
      </trkpt>
      <trkpt lat="43.161119" lon="10.610045">
        <ele>184.8</ele>
      </trkpt>
      <trkpt lat="43.161102" lon="10.610141">
        <ele>187.2</ele>
      </trkpt>
      <trkpt lat="43.160947" lon="10.610088">
        <ele>185.7</ele>
      </trkpt>
      <trkpt lat="43.160777" lon="10.610024">
        <ele>184.1</ele>
      </trkpt>
      <trkpt lat="43.160734" lon="10.610002">
        <ele>183.7</ele>
      </trkpt>
      <trkpt lat="43.160691" lon="10.609982">
        <ele>183.2</ele>
      </trkpt>
      <trkpt lat="43.160625" lon="10.609982">
        <ele>183.2</ele>
      </trkpt>
      <trkpt lat="43.160595" lon="10.609887">
        <ele>181.4</ele>
      </trkpt>
      <trkpt lat="43.160454" lon="10.609444">
        <ele>173.7</ele>
      </trkpt>
      <trkpt lat="43.160433" lon="10.609358">
        <ele>172.4</ele>
      </trkpt>
      <trkpt lat="43.160433" lon="10.609295">
        <ele>171.8</ele>
      </trkpt>
      <trkpt lat="43.160411" lon="10.608973">
        <ele>169.2</ele>
      </trkpt>
      <trkpt lat="43.160411" lon="10.608372">
        <ele>165.1</ele>
      </trkpt>
      <trkpt lat="43.160411" lon="10.608372">
        <ele>165.1</ele>
      </trkpt>
      <trkpt lat="43.160411" lon="10.608201">
        <ele>164.7</ele>
      </trkpt>
      <trkpt lat="43.160411" lon="10.608092">
        <ele>164.4</ele>
      </trkpt>
      <trkpt lat="43.16039" lon="10.608049">
        <ele>164.6</ele>
      </trkpt>
      <trkpt lat="43.160368" lon="10.607943">
        <ele>164.5</ele>
      </trkpt>
      <trkpt lat="43.160368" lon="10.607749">
        <ele>164.1</ele>
      </trkpt>
      <trkpt lat="43.160368" lon="10.60747">
        <ele>162.3</ele>
      </trkpt>
      <trkpt lat="43.160325" lon="10.607063">
        <ele>158.3</ele>
      </trkpt>
      <trkpt lat="43.160219" lon="10.606526">
        <ele>150.4</ele>
      </trkpt>
      <trkpt lat="43.160176" lon="10.606354">
        <ele>147.7</ele>
      </trkpt>
      <trkpt lat="43.159982" lon="10.605775">
        <ele>140.2</ele>
      </trkpt>
      <trkpt lat="43.159942" lon="10.605528">
        <ele>138.0</ele>
      </trkpt>
      <trkpt lat="43.159909" lon="10.605082">
        <ele>136.2</ele>
      </trkpt>
      <trkpt lat="43.159874" lon="10.604998">
        <ele>135.9</ele>
      </trkpt>
      <trkpt lat="43.159761" lon="10.604877">
        <ele>135.2</ele>
      </trkpt>
      <trkpt lat="43.15969" lon="10.604843">
        <ele>134.8</ele>
      </trkpt>
      <trkpt lat="43.159546" lon="10.604857">
        <ele>134.1</ele>
      </trkpt>
      <trkpt lat="43.159479" lon="10.604899">
        <ele>133.8</ele>
      </trkpt>
      <trkpt lat="43.159378" lon="10.605041">
        <ele>133.1</ele>
      </trkpt>
      <trkpt lat="43.159338" lon="10.605234">
        <ele>132.4</ele>
      </trkpt>
      <trkpt lat="43.159345" lon="10.605337">
        <ele>132.0</ele>
      </trkpt>
      <trkpt lat="43.159447" lon="10.605728">
        <ele>130.5</ele>
      </trkpt>
      <trkpt lat="43.1595" lon="10.606048">
        <ele>129.4</ele>
      </trkpt>
      <trkpt lat="43.159425" lon="10.607355">
        <ele>126.7</ele>
      </trkpt>
      <trkpt lat="43.159231" lon="10.607973">
        <ele>125.5</ele>
      </trkpt>
      <trkpt lat="43.15914" lon="10.608171">
        <ele>125.1</ele>
      </trkpt>
      <trkpt lat="43.159017" lon="10.608317">
        <ele>124.7</ele>
      </trkpt>
      <trkpt lat="43.158956" lon="10.608356">
        <ele>124.5</ele>
      </trkpt>
      <trkpt lat="43.158823" lon="10.608361">
        <ele>123.9</ele>
      </trkpt>
      <trkpt lat="43.158712" lon="10.608247">
        <ele>122.9</ele>
      </trkpt>
      <trkpt lat="43.158668" lon="10.608117">
        <ele>122.1</ele>
      </trkpt>
      <trkpt lat="43.158662" lon="10.60799">
        <ele>121.4</ele>
      </trkpt>
      <trkpt lat="43.158727" lon="10.607818">
        <ele>120.4</ele>
      </trkpt>
      <trkpt lat="43.158968" lon="10.607494">
        <ele>117.9</ele>
      </trkpt>
      <trkpt lat="43.159025" lon="10.607379">
        <ele>117.1</ele>
      </trkpt>
      <trkpt lat="43.159058" lon="10.607249">
        <ele>116.4</ele>
      </trkpt>
      <trkpt lat="43.159069" lon="10.606989">
        <ele>115.0</ele>
      </trkpt>
      <trkpt lat="43.159018" lon="10.606661">
        <ele>113.2</ele>
      </trkpt>
      <trkpt lat="43.158913" lon="10.606276">
        <ele>111.0</ele>
      </trkpt>
      <trkpt lat="43.158608" lon="10.605731">
        <ele>107.4</ele>
      </trkpt>
      <trkpt lat="43.158351" lon="10.605151">
        <ele>103.9</ele>
      </trkpt>
      <trkpt lat="43.158322" lon="10.604924">
        <ele>102.7</ele>
      </trkpt>
      <trkpt lat="43.158346" lon="10.604695">
        <ele>101.5</ele>
      </trkpt>
      <trkpt lat="43.158468" lon="10.604387">
        <ele>99.6</ele>
      </trkpt>
      <trkpt lat="43.15874" lon="10.603949">
        <ele>97.6</ele>
      </trkpt>
      <trkpt lat="43.1592" lon="10.60337">
        <ele>95.9</ele>
      </trkpt>
      <trkpt lat="43.159557" lon="10.602948">
        <ele>94.6</ele>
      </trkpt>
      <trkpt lat="43.159658" lon="10.602898">
        <ele>94.3</ele>
      </trkpt>
      <trkpt lat="43.15982" lon="10.60293">
        <ele>93.9</ele>
      </trkpt>
      <trkpt lat="43.159903" lon="10.602983">
        <ele>93.6</ele>
      </trkpt>
      <trkpt lat="43.160346" lon="10.603417">
        <ele>91.8</ele>
      </trkpt>
      <trkpt lat="43.160535" lon="10.603514">
        <ele>91.1</ele>
      </trkpt>
      <trkpt lat="43.160883" lon="10.603621">
        <ele>89.8</ele>
      </trkpt>
      <trkpt lat="43.160952" lon="10.603687">
        <ele>89.6</ele>
      </trkpt>
      <trkpt lat="43.161246" lon="10.60411">
        <ele>88.1</ele>
      </trkpt>
      <trkpt lat="43.161329" lon="10.604178">
        <ele>87.7</ele>
      </trkpt>
      <trkpt lat="43.161419" lon="10.60422">
        <ele>87.4</ele>
      </trkpt>
      <trkpt lat="43.161612" lon="10.60422">
        <ele>86.5</ele>
      </trkpt>
      <trkpt lat="43.161703" lon="10.604178">
        <ele>85.8</ele>
      </trkpt>
      <trkpt lat="43.161855" lon="10.604019">
        <ele>84.6</ele>
      </trkpt>
      <trkpt lat="43.162176" lon="10.603127">
        <ele>79.9</ele>
      </trkpt>
      <trkpt lat="43.162292" lon="10.60293">
        <ele>78.7</ele>
      </trkpt>
      <trkpt lat="43.162437" lon="10.602752">
        <ele>77.4</ele>
      </trkpt>
      <trkpt lat="43.162839" lon="10.602433">
        <ele>74.6</ele>
      </trkpt>
      <trkpt lat="43.163286" lon="10.602217">
        <ele>72.1</ele>
      </trkpt>
      <trkpt lat="43.163345" lon="10.602157">
        <ele>71.7</ele>
      </trkpt>
      <trkpt lat="43.163385" lon="10.602072">
        <ele>71.3</ele>
      </trkpt>
      <trkpt lat="43.163385" lon="10.601936">
        <ele>70.8</ele>
      </trkpt>
      <trkpt lat="43.163332" lon="10.601826">
        <ele>70.3</ele>
      </trkpt>
      <trkpt lat="43.163293" lon="10.601789">
        <ele>70.0</ele>
      </trkpt>
      <trkpt lat="43.162796" lon="10.601748">
        <ele>67.4</ele>
      </trkpt>
      <trkpt lat="43.16265" lon="10.601706">
        <ele>66.6</ele>
      </trkpt>
      <trkpt lat="43.162594" lon="10.601602">
        <ele>66.1</ele>
      </trkpt>
      <trkpt lat="43.162594" lon="10.601488">
        <ele>65.7</ele>
      </trkpt>
      <trkpt lat="43.162647" lon="10.601348">
        <ele>65.1</ele>
      </trkpt>
      <trkpt lat="43.16302" lon="10.600884">
        <ele>62.3</ele>
      </trkpt>
      <trkpt lat="43.164213" lon="10.59941">
        <ele>54.9</ele>
      </trkpt>
      <trkpt lat="43.164377" lon="10.5992">
        <ele>54.4</ele>
      </trkpt>
      <trkpt lat="43.164464" lon="10.599229">
        <ele>54.2</ele>
      </trkpt>
      <trkpt lat="43.164527" lon="10.599313">
        <ele>54.0</ele>
      </trkpt>
      <trkpt lat="43.164568" lon="10.599611">
        <ele>53.5</ele>
      </trkpt>
      <trkpt lat="43.1649" lon="10.600855">
        <ele>52.1</ele>
      </trkpt>
      <trkpt lat="43.165371" lon="10.60255">
        <ele>53.2</ele>
      </trkpt>
      <trkpt lat="43.165456" lon="10.602778">
        <ele>53.4</ele>
      </trkpt>
      <trkpt lat="43.165519" lon="10.6029">
        <ele>53.4</ele>
      </trkpt>
      <trkpt lat="43.165746" lon="10.603194">
        <ele>53.2</ele>
      </trkpt>
      <trkpt lat="43.166509" lon="10.604027">
        <ele>52.8</ele>
      </trkpt>
      <trkpt lat="43.167108" lon="10.604685">
        <ele>52.6</ele>
      </trkpt>
      <trkpt lat="43.168395" lon="10.606324">
        <ele>52.6</ele>
      </trkpt>
      <trkpt lat="43.170071" lon="10.608083">
        <ele>52.6</ele>
      </trkpt>
      <trkpt lat="43.170404" lon="10.608312">
        <ele>52.6</ele>
      </trkpt>
      <trkpt lat="43.171972" lon="10.609209">
        <ele>51.8</ele>
      </trkpt>
      <trkpt lat="43.173504" lon="10.610044">
        <ele>50.1</ele>
      </trkpt>
      <trkpt lat="43.174257" lon="10.610452">
        <ele>48.9</ele>
      </trkpt>
      <trkpt lat="43.174574" lon="10.610562">
        <ele>48.5</ele>
      </trkpt>
      <trkpt lat="43.175836" lon="10.610816">
        <ele>46.9</ele>
      </trkpt>
      <trkpt lat="43.17616" lon="10.61088">
        <ele>46.5</ele>
      </trkpt>
      <trkpt lat="43.176675" lon="10.610988">
        <ele>45.9</ele>
      </trkpt>
      <trkpt lat="43.179703" lon="10.611597">
        <ele>42.1</ele>
      </trkpt>
      <trkpt lat="43.180855" lon="10.611813">
        <ele>40.3</ele>
      </trkpt>
      <trkpt lat="43.185125" lon="10.612676">
        <ele>34.9</ele>
      </trkpt>
      <trkpt lat="43.18571" lon="10.612579">
        <ele>34.2</ele>
      </trkpt>
      <trkpt lat="43.186727" lon="10.612312">
        <ele>33.0</ele>
      </trkpt>
      <trkpt lat="43.189807" lon="10.61148">
        <ele>30.8</ele>
      </trkpt>
      <trkpt lat="43.192031" lon="10.610907">
        <ele>30.0</ele>
      </trkpt>
      <trkpt lat="43.192272" lon="10.610839">
        <ele>29.9</ele>
      </trkpt>
      <trkpt lat="43.192728" lon="10.610867">
        <ele>30.0</ele>
      </trkpt>
      <trkpt lat="43.193025" lon="10.610945">
        <ele>30.0</ele>
      </trkpt>
      <trkpt lat="43.193888" lon="10.611109">
        <ele>30.1</ele>
      </trkpt>
      <trkpt lat="43.195312" lon="10.611703">
        <ele>31.0</ele>
      </trkpt>
      <trkpt lat="43.195932" lon="10.611965">
        <ele>31.3</ele>
      </trkpt>
      <trkpt lat="43.196887" lon="10.61237">
        <ele>31.7</ele>
      </trkpt>
      <trkpt lat="43.197751" lon="10.612698">
        <ele>32.2</ele>
      </trkpt>
      <trkpt lat="43.197963" lon="10.612762">
        <ele>32.5</ele>
      </trkpt>
      <trkpt lat="43.200713" lon="10.613356">
        <ele>36.4</ele>
      </trkpt>
      <trkpt lat="43.200978" lon="10.613356">
        <ele>36.8</ele>
      </trkpt>
      <trkpt lat="43.201493" lon="10.613274">
        <ele>37.6</ele>
      </trkpt>
      <trkpt lat="43.20437" lon="10.612767">
        <ele>42.6</ele>
      </trkpt>
      <trkpt lat="43.204851" lon="10.61268">
        <ele>43.4</ele>
      </trkpt>
      <trkpt lat="43.207366" lon="10.61223">
        <ele>46.9</ele>
      </trkpt>
      <trkpt lat="43.209578" lon="10.611836">
        <ele>49.4</ele>
      </trkpt>
      <trkpt lat="43.211465" lon="10.611507">
        <ele>54.2</ele>
      </trkpt>
      <trkpt lat="43.213804" lon="10.611077">
        <ele>59.8</ele>
      </trkpt>
      <trkpt lat="43.213964" lon="10.611048">
        <ele>59.9</ele>
      </trkpt>
      <trkpt lat="43.220662" lon="10.60984">
        <ele>59.1</ele>
      </trkpt>
      <trkpt lat="43.222566" lon="10.609497">
        <ele>58.3</ele>
      </trkpt>
      <trkpt lat="43.222735" lon="10.609401">
        <ele>58.0</ele>
      </trkpt>
      <trkpt lat="43.222904" lon="10.609224">
        <ele>57.6</ele>
      </trkpt>
      <trkpt lat="43.223082" lon="10.609123">
        <ele>57.3</ele>
      </trkpt>
      <trkpt lat="43.223547" lon="10.609045">
        <ele>56.4</ele>
      </trkpt>
      <trkpt lat="43.223642" lon="10.608922">
        <ele>56.2</ele>
      </trkpt>
      <trkpt lat="43.223747" lon="10.608438">
        <ele>55.6</ele>
      </trkpt>
      <trkpt lat="43.223804" lon="10.608292">
        <ele>55.3</ele>
      </trkpt>
      <trkpt lat="43.223877" lon="10.608235">
        <ele>55.2</ele>
      </trkpt>
      <trkpt lat="43.224098" lon="10.608274">
        <ele>54.6</ele>
      </trkpt>
      <trkpt lat="43.22414" lon="10.608256">
        <ele>54.5</ele>
      </trkpt>
      <trkpt lat="43.224191" lon="10.608208">
        <ele>54.4</ele>
      </trkpt>
      <trkpt lat="43.224379" lon="10.607912">
        <ele>53.7</ele>
      </trkpt>
      <trkpt lat="43.224935" lon="10.607033">
        <ele>51.8</ele>
      </trkpt>
      <trkpt lat="43.225055" lon="10.606693">
        <ele>51.2</ele>
      </trkpt>
      <trkpt lat="43.225086" lon="10.606511">
        <ele>50.8</ele>
      </trkpt>
      <trkpt lat="43.225085" lon="10.606272">
        <ele>50.4</ele>
      </trkpt>
      <trkpt lat="43.225014" lon="10.604291">
        <ele>46.8</ele>
      </trkpt>
      <trkpt lat="43.225024" lon="10.60408">
        <ele>46.6</ele>
      </trkpt>
      <trkpt lat="43.225299" lon="10.602836">
        <ele>45.1</ele>
      </trkpt>
      <trkpt lat="43.225372" lon="10.602681">
        <ele>44.9</ele>
      </trkpt>
      <trkpt lat="43.225458" lon="10.602589">
        <ele>44.7</ele>
      </trkpt>
      <trkpt lat="43.225974" lon="10.602323">
        <ele>44.0</ele>
      </trkpt>
      <trkpt lat="43.226202" lon="10.602115">
        <ele>44.0</ele>
      </trkpt>
      <trkpt lat="43.226274" lon="10.601977">
        <ele>44.0</ele>
      </trkpt>
      <trkpt lat="43.226315" lon="10.601641">
        <ele>44.1</ele>
      </trkpt>
      <trkpt lat="43.226293" lon="10.601484">
        <ele>44.1</ele>
      </trkpt>
      <trkpt lat="43.226208" lon="10.601141">
        <ele>44.1</ele>
      </trkpt>
      <trkpt lat="43.225948" lon="10.600522">
        <ele>44.2</ele>
      </trkpt>
      <trkpt lat="43.225929" lon="10.600346">
        <ele>44.2</ele>
      </trkpt>
      <trkpt lat="43.225943" lon="10.600155">
        <ele>44.2</ele>
      </trkpt>
      <trkpt lat="43.226074" lon="10.599613">
        <ele>44.2</ele>
      </trkpt>
      <trkpt lat="43.226159" lon="10.599425">
        <ele>44.2</ele>
      </trkpt>
      <trkpt lat="43.226314" lon="10.59926">
        <ele>44.2</ele>
      </trkpt>
      <trkpt lat="43.226475" lon="10.599213">
        <ele>44.1</ele>
      </trkpt>
      <trkpt lat="43.228473" lon="10.599042">
        <ele>45.4</ele>
      </trkpt>
      <trkpt lat="43.228536" lon="10.599057">
        <ele>45.4</ele>
      </trkpt>
      <trkpt lat="43.228679" lon="10.599144">
        <ele>45.6</ele>
      </trkpt>
      <trkpt lat="43.228748" lon="10.599238">
        <ele>45.7</ele>
      </trkpt>
      <trkpt lat="43.229636" lon="10.600729">
        <ele>49.1</ele>
      </trkpt>
      <trkpt lat="43.229856" lon="10.60098">
        <ele>49.9</ele>
      </trkpt>
      <trkpt lat="43.229983" lon="10.601031">
        <ele>50.2</ele>
      </trkpt>
      <trkpt lat="43.230189" lon="10.601016">
        <ele>50.8</ele>
      </trkpt>
      <trkpt lat="43.231777" lon="10.600524">
        <ele>52.8</ele>
      </trkpt>
      <trkpt lat="43.23178" lon="10.600519">
        <ele>57.3</ele>
      </trkpt>
      <trkpt lat="43.233218" lon="10.610495">
        <ele>81.5</ele>
      </trkpt>
      <trkpt lat="43.233518" lon="10.612599">
        <ele>87.4</ele>
      </trkpt>
      <trkpt lat="43.23371" lon="10.613994">
        <ele>89.9</ele>
      </trkpt>
      <trkpt lat="43.233925" lon="10.616741">
        <ele>88.0</ele>
      </trkpt>
      <trkpt lat="43.233946" lon="10.617003">
        <ele>88.7</ele>
      </trkpt>
      <trkpt lat="43.233938" lon="10.61714">
        <ele>88.0</ele>
      </trkpt>
      <trkpt lat="43.233909" lon="10.617417">
        <ele>88.0</ele>
      </trkpt>
      <trkpt lat="43.233879" lon="10.617632">
        <ele>88.3</ele>
      </trkpt>
      <trkpt lat="43.233879" lon="10.617991">
        <ele>89.5</ele>
      </trkpt>
      <trkpt lat="43.233884" lon="10.618156">
        <ele>92.3</ele>
      </trkpt>
      <trkpt lat="43.233844" lon="10.618264">
        <ele>92.4</ele>
      </trkpt>
      <trkpt lat="43.233809" lon="10.61835">
        <ele>92.5</ele>
      </trkpt>
      <trkpt lat="43.233715" lon="10.61835">
        <ele>92.7</ele>
      </trkpt>
      <trkpt lat="43.233698" lon="10.618376">
        <ele>93.3</ele>
      </trkpt>
      <trkpt lat="43.233671" lon="10.618437">
        <ele>93.8</ele>
      </trkpt>
      <trkpt lat="43.233666" lon="10.618641">
        <ele>94.9</ele>
      </trkpt>
      <trkpt lat="43.233669" lon="10.618803">
        <ele>94.9</ele>
      </trkpt>
      <trkpt lat="43.233685" lon="10.618976">
        <ele>95.1</ele>
      </trkpt>
      <trkpt lat="43.233731" lon="10.619062">
        <ele>95.2</ele>
      </trkpt>
      <trkpt lat="43.233809" lon="10.619101">
        <ele>97.0</ele>
      </trkpt>
      <trkpt lat="43.233884" lon="10.619144">
        <ele>97.0</ele>
      </trkpt>
      <trkpt lat="43.234054" lon="10.618864">
        <ele>95.7</ele>
      </trkpt>
      <trkpt lat="43.234075" lon="10.618821">
        <ele>95.5</ele>
      </trkpt>
      <trkpt lat="43.234097" lon="10.618543">
        <ele>94.4</ele>
      </trkpt>
      <trkpt lat="43.234118" lon="10.618178">
        <ele>93.7</ele>
      </trkpt>
      <trkpt lat="43.234161" lon="10.617706">
        <ele>92.8</ele>
      </trkpt>
      <trkpt lat="43.234161" lon="10.617555">
        <ele>91.9</ele>
      </trkpt>
      <trkpt lat="43.234161" lon="10.617383">
        <ele>90.9</ele>
      </trkpt>
      <trkpt lat="43.23414" lon="10.61732">
        <ele>90.5</ele>
      </trkpt>
      <trkpt lat="43.234032" lon="10.617234">
        <ele>90.3</ele>
      </trkpt>
      <trkpt lat="43.233968" lon="10.617169">
        <ele>90.0</ele>
      </trkpt>
      <trkpt lat="43.233946" lon="10.617126">
        <ele>89.8</ele>
      </trkpt>
      <trkpt lat="43.233946" lon="10.617019">
        <ele>89.2</ele>
      </trkpt>
      <trkpt lat="43.233946" lon="10.616955">
        <ele>88.8</ele>
      </trkpt>
      <trkpt lat="43.233925" lon="10.616741">
        <ele>88.0</ele>
      </trkpt>
      <trkpt lat="43.233893" lon="10.616353">
        <ele>85.9</ele>
      </trkpt>
      <trkpt lat="43.233881" lon="10.616165">
        <ele>86.9</ele>
      </trkpt>
      <trkpt lat="43.23371" lon="10.613994">
        <ele>89.9</ele>
      </trkpt>
      <trkpt lat="43.233518" lon="10.612599">
        <ele>87.4</ele>
      </trkpt>
      <trkpt lat="43.233218" lon="10.610495">
        <ele>81.5</ele>
      </trkpt>
      <trkpt lat="43.23178" lon="10.600519">
        <ele>57.3</ele>
      </trkpt>
      <trkpt lat="43.23178" lon="10.600519">
        <ele>57.3</ele>
      </trkpt>
      <trkpt lat="43.231777" lon="10.600524">
        <ele>52.8</ele>
      </trkpt>
      <trkpt lat="43.230184" lon="10.589209">
        <ele>31.4</ele>
      </trkpt>
      <trkpt lat="43.230172" lon="10.589129">
        <ele>31.2</ele>
      </trkpt>
      <trkpt lat="43.229335" lon="10.583267">
        <ele>25.5</ele>
      </trkpt>
      <trkpt lat="43.228789" lon="10.579472">
        <ele>22.4</ele>
      </trkpt>
      <trkpt lat="43.227984" lon="10.573875">
        <ele>18.8</ele>
      </trkpt>
      <trkpt lat="43.227925" lon="10.573468">
        <ele>18.5</ele>
      </trkpt>
      <trkpt lat="43.227715" lon="10.572022">
        <ele>16.9</ele>
      </trkpt>
      <trkpt lat="43.227688" lon="10.571832">
        <ele>16.7</ele>
      </trkpt>
      <trkpt lat="43.227649" lon="10.57152">
        <ele>16.4</ele>
      </trkpt>
      <trkpt lat="43.22764" lon="10.571468">
        <ele>16.3</ele>
      </trkpt>
      <trkpt lat="43.226665" lon="10.564614">
        <ele>10.9</ele>
      </trkpt>
      <trkpt lat="43.226363" lon="10.56248">
        <ele>9.2</ele>
      </trkpt>
      <trkpt lat="43.226355" lon="10.562412">
        <ele>9.2</ele>
      </trkpt>
      <trkpt lat="43.226289" lon="10.561948">
        <ele>8.8</ele>
      </trkpt>
      <trkpt lat="43.226012" lon="10.559987">
        <ele>7.9</ele>
      </trkpt>
      <trkpt lat="43.225209" lon="10.560439">
        <ele>7.6</ele>
      </trkpt>
      <trkpt lat="43.224635" lon="10.560688">
        <ele>7.6</ele>
      </trkpt>
      <trkpt lat="43.222408" lon="10.561459">
        <ele>7.8</ele>
      </trkpt>
      <trkpt lat="43.221841" lon="10.561582">
        <ele>7.9</ele>
      </trkpt>
      <trkpt lat="43.220107" lon="10.561812">
        <ele>8.0</ele>
      </trkpt>
      <trkpt lat="43.219552" lon="10.561882">
        <ele>8.0</ele>
      </trkpt>
      <trkpt lat="43.216953" lon="10.562223">
        <ele>7.7</ele>
      </trkpt>
      <trkpt lat="43.213978" lon="10.562637">
        <ele>7.9</ele>
      </trkpt>
      <trkpt lat="43.213215" lon="10.562739">
        <ele>8.0</ele>
      </trkpt>
      <trkpt lat="43.207491" lon="10.56351">
        <ele>7.8</ele>
      </trkpt>
      <trkpt lat="43.201969" lon="10.564242">
        <ele>6.1</ele>
      </trkpt>
      <trkpt lat="43.199927" lon="10.564493">
        <ele>6.1</ele>
      </trkpt>
      <trkpt lat="43.19606" lon="10.565012">
        <ele>6.2</ele>
      </trkpt>
      <trkpt lat="43.19537" lon="10.565103">
        <ele>6.3</ele>
      </trkpt>
      <trkpt lat="43.194621" lon="10.565213">
        <ele>6.3</ele>
      </trkpt>
      <trkpt lat="43.194356" lon="10.56525">
        <ele>6.3</ele>
      </trkpt>
      <trkpt lat="43.193548" lon="10.565361">
        <ele>6.4</ele>
      </trkpt>
      <trkpt lat="43.193288" lon="10.565405">
        <ele>6.4</ele>
      </trkpt>
      <trkpt lat="43.188082" lon="10.566081">
        <ele>7.1</ele>
      </trkpt>
      <trkpt lat="43.186727" lon="10.566278">
        <ele>7.9</ele>
      </trkpt>
      <trkpt lat="43.185388" lon="10.566458">
        <ele>9.0</ele>
      </trkpt>
      <trkpt lat="43.182171" lon="10.56689">
        <ele>11.8</ele>
      </trkpt>
      <trkpt lat="43.181514" lon="10.56697">
        <ele>12.4</ele>
      </trkpt>
      <trkpt lat="43.179737" lon="10.567199">
        <ele>14.1</ele>
      </trkpt>
      <trkpt lat="43.179335" lon="10.567231">
        <ele>14.6</ele>
      </trkpt>
      <trkpt lat="43.178955" lon="10.567288">
        <ele>15.0</ele>
      </trkpt>
      <trkpt lat="43.178426" lon="10.567365">
        <ele>15.7</ele>
      </trkpt>
      <trkpt lat="43.178236" lon="10.567389">
        <ele>15.9</ele>
      </trkpt>
      <trkpt lat="43.178155" lon="10.567402">
        <ele>16.0</ele>
      </trkpt>
      <trkpt lat="43.177894" lon="10.567434">
        <ele>16.4</ele>
      </trkpt>
      <trkpt lat="43.177867" lon="10.567435">
        <ele>16.4</ele>
      </trkpt>
      <trkpt lat="43.177595" lon="10.567446">
        <ele>16.8</ele>
      </trkpt>
      <trkpt lat="43.177289" lon="10.567421">
        <ele>17.2</ele>
      </trkpt>
      <trkpt lat="43.176941" lon="10.567346">
        <ele>17.5</ele>
      </trkpt>
      <trkpt lat="43.175224" lon="10.566732">
        <ele>18.4</ele>
      </trkpt>
      <trkpt lat="43.175089" lon="10.566685">
        <ele>18.4</ele>
      </trkpt>
      <trkpt lat="43.174602" lon="10.56651">
        <ele>18.7</ele>
      </trkpt>
      <trkpt lat="43.174531" lon="10.566483">
        <ele>18.7</ele>
      </trkpt>
      <trkpt lat="43.173074" lon="10.565964">
        <ele>19.5</ele>
      </trkpt>
      <trkpt lat="43.170824" lon="10.565157">
        <ele>20.8</ele>
      </trkpt>
      <trkpt lat="43.169934" lon="10.564915">
        <ele>21.1</ele>
      </trkpt>
      <trkpt lat="43.16932" lon="10.564774">
        <ele>21.1</ele>
      </trkpt>
      <trkpt lat="43.1686" lon="10.564614">
        <ele>21.0</ele>
      </trkpt>
      <trkpt lat="43.168543" lon="10.564599">
        <ele>21.0</ele>
      </trkpt>
      <trkpt lat="43.168515" lon="10.564595">
        <ele>21.0</ele>
      </trkpt>
      <trkpt lat="43.167996" lon="10.564469">
        <ele>21.0</ele>
      </trkpt>
      <trkpt lat="43.167681" lon="10.564393">
        <ele>21.0</ele>
      </trkpt>
      <trkpt lat="43.167358" lon="10.56431">
        <ele>21.1</ele>
      </trkpt>
      <trkpt lat="43.166693" lon="10.564158">
        <ele>21.1</ele>
      </trkpt>
      <trkpt lat="43.166037" lon="10.56401">
        <ele>21.2</ele>
      </trkpt>
      <trkpt lat="43.165072" lon="10.563809">
        <ele>21.4</ele>
      </trkpt>
      <trkpt lat="43.163786" lon="10.563523">
        <ele>20.9</ele>
      </trkpt>
      <trkpt lat="43.163569" lon="10.563475">
        <ele>20.7</ele>
      </trkpt>
      <trkpt lat="43.160526" lon="10.562789">
        <ele>18.4</ele>
      </trkpt>
      <trkpt lat="43.159862" lon="10.562615">
        <ele>17.9</ele>
      </trkpt>
      <trkpt lat="43.158987" lon="10.562239">
        <ele>17.6</ele>
      </trkpt>
      <trkpt lat="43.156099" lon="10.560691">
        <ele>16.9</ele>
      </trkpt>
      <trkpt lat="43.155463" lon="10.560351">
        <ele>16.5</ele>
      </trkpt>
      <trkpt lat="43.154985" lon="10.560096">
        <ele>16.2</ele>
      </trkpt>
      <trkpt lat="43.154962" lon="10.560084">
        <ele>16.2</ele>
      </trkpt>
      <trkpt lat="43.154857" lon="10.560113">
        <ele>16.1</ele>
      </trkpt>
      <trkpt lat="43.154801" lon="10.560178">
        <ele>16.1</ele>
      </trkpt>
      <trkpt lat="43.154718" lon="10.560574">
        <ele>15.9</ele>
      </trkpt>
      <trkpt lat="43.154699" lon="10.560143">
        <ele>15.7</ele>
      </trkpt>
      <trkpt lat="43.154661" lon="10.560022">
        <ele>15.7</ele>
      </trkpt>
      <trkpt lat="43.154557" lon="10.559853">
        <ele>15.6</ele>
      </trkpt>
      <trkpt lat="43.154158" lon="10.559623">
        <ele>15.5</ele>
      </trkpt>
      <trkpt lat="43.153759" lon="10.559413">
        <ele>15.3</ele>
      </trkpt>
      <trkpt lat="43.152619" lon="10.558789">
        <ele>15.3</ele>
      </trkpt>
      <trkpt lat="43.151699" lon="10.558311">
        <ele>15.6</ele>
      </trkpt>
      <trkpt lat="43.151363" lon="10.558133">
        <ele>15.5</ele>
      </trkpt>
      <trkpt lat="43.151021" lon="10.557956">
        <ele>15.4</ele>
      </trkpt>
      <trkpt lat="43.149606" lon="10.557179">
        <ele>15.1</ele>
      </trkpt>
      <trkpt lat="43.149502" lon="10.557124">
        <ele>15.1</ele>
      </trkpt>
      <trkpt lat="43.145707" lon="10.555061">
        <ele>14.1</ele>
      </trkpt>
      <trkpt lat="43.144256" lon="10.554283">
        <ele>14.1</ele>
      </trkpt>
      <trkpt lat="43.142782" lon="10.553655">
        <ele>14.3</ele>
      </trkpt>
      <trkpt lat="43.141253" lon="10.553089">
        <ele>14.6</ele>
      </trkpt>
      <trkpt lat="43.137805" lon="10.551875">
        <ele>14.0</ele>
      </trkpt>
      <trkpt lat="43.133783" lon="10.550463">
        <ele>13.5</ele>
      </trkpt>
      <trkpt lat="43.126642" lon="10.547907">
        <ele>12.0</ele>
      </trkpt>
      <trkpt lat="43.124831" lon="10.547269">
        <ele>11.0</ele>
      </trkpt>
      <trkpt lat="43.124725" lon="10.547228">
        <ele>10.9</ele>
      </trkpt>
      <trkpt lat="43.123343" lon="10.546734">
        <ele>10.6</ele>
      </trkpt>
      <trkpt lat="43.123343" lon="10.546734">
        <ele>11.8</ele>
      </trkpt>
      <trkpt lat="43.120966" lon="10.54588">
        <ele>11.8</ele>
      </trkpt>
      <trkpt lat="43.120743" lon="10.545801">
        <ele>11.7</ele>
      </trkpt>
      <trkpt lat="43.119449" lon="10.545472">
        <ele>11.2</ele>
      </trkpt>
      <trkpt lat="43.119223" lon="10.545309">
        <ele>11.0</ele>
      </trkpt>
      <trkpt lat="43.119146" lon="10.545212">
        <ele>10.9</ele>
      </trkpt>
      <trkpt lat="43.119082" lon="10.545075">
        <ele>10.7</ele>
      </trkpt>
      <trkpt lat="43.118996" lon="10.544782">
        <ele>10.3</ele>
      </trkpt>
      <trkpt lat="43.118871" lon="10.544149">
        <ele>9.6</ele>
      </trkpt>
      <trkpt lat="43.118775" lon="10.54389">
        <ele>9.2</ele>
      </trkpt>
      <trkpt lat="43.118619" lon="10.54368">
        <ele>8.9</ele>
      </trkpt>
      <trkpt lat="43.118528" lon="10.543594">
        <ele>8.7</ele>
      </trkpt>
      <trkpt lat="43.118413" lon="10.54354">
        <ele>8.5</ele>
      </trkpt>
      <trkpt lat="43.118297" lon="10.543522">
        <ele>8.4</ele>
      </trkpt>
      <trkpt lat="43.118167" lon="10.543529">
        <ele>8.3</ele>
      </trkpt>
      <trkpt lat="43.116699" lon="10.544054">
        <ele>7.2</ele>
      </trkpt>
      <trkpt lat="43.116359" lon="10.544144">
        <ele>7.0</ele>
      </trkpt>
      <trkpt lat="43.115999" lon="10.544103">
        <ele>6.8</ele>
      </trkpt>
      <trkpt lat="43.11506" lon="10.543777">
        <ele>6.4</ele>
      </trkpt>
      <trkpt lat="43.113224" lon="10.543118">
        <ele>5.4</ele>
      </trkpt>
      <trkpt lat="43.113137" lon="10.543087">
        <ele>5.4</ele>
      </trkpt>
      <trkpt lat="43.112652" lon="10.542913">
        <ele>5.4</ele>
      </trkpt>
      <trkpt lat="43.112047" lon="10.542706">
        <ele>5.5</ele>
      </trkpt>
      <trkpt lat="43.111224" lon="10.542408">
        <ele>5.7</ele>
      </trkpt>
      <trkpt lat="43.110796" lon="10.542256">
        <ele>5.8</ele>
      </trkpt>
      <trkpt lat="43.109496" lon="10.541776">
        <ele>6.2</ele>
      </trkpt>
      <trkpt lat="43.108346" lon="10.541386">
        <ele>5.7</ele>
      </trkpt>
      <trkpt lat="43.10753" lon="10.541103">
        <ele>5.4</ele>
      </trkpt>
      <trkpt lat="43.107385" lon="10.541054">
        <ele>5.5</ele>
      </trkpt>
      <trkpt lat="43.107337" lon="10.541039">
        <ele>5.5</ele>
      </trkpt>
      <trkpt lat="43.106756" lon="10.540845">
        <ele>5.6</ele>
      </trkpt>
      <trkpt lat="43.106306" lon="10.54077">
        <ele>5.6</ele>
      </trkpt>
      <trkpt lat="43.106137" lon="10.540765">
        <ele>5.7</ele>
      </trkpt>
      <trkpt lat="43.105733" lon="10.540793">
        <ele>6.5</ele>
      </trkpt>
      <trkpt lat="43.10554" lon="10.540842">
        <ele>7.0</ele>
      </trkpt>
      <trkpt lat="43.105175" lon="10.541016">
        <ele>8.0</ele>
      </trkpt>
      <trkpt lat="43.105044" lon="10.541053">
        <ele>8.4</ele>
      </trkpt>
      <trkpt lat="43.105072" lon="10.540738">
        <ele>6.6</ele>
      </trkpt>
      <trkpt lat="43.105137" lon="10.540695">
        <ele>6.3</ele>
      </trkpt>
      <trkpt lat="43.10518" lon="10.540695">
        <ele>6.2</ele>
      </trkpt>
      <trkpt lat="43.105309" lon="10.540716">
        <ele>5.8</ele>
      </trkpt>
      <trkpt lat="43.105351" lon="10.540716">
        <ele>5.7</ele>
      </trkpt>
      <trkpt lat="43.105437" lon="10.540673">
        <ele>5.4</ele>
      </trkpt>
      <trkpt lat="43.105459" lon="10.54063">
        <ele>5.4</ele>
      </trkpt>
      <trkpt lat="43.10548" lon="10.540566">
        <ele>5.3</ele>
      </trkpt>
      <trkpt lat="43.10548" lon="10.540502">
        <ele>5.2</ele>
      </trkpt>
      <trkpt lat="43.105502" lon="10.540266">
        <ele>4.9</ele>
      </trkpt>
      <trkpt lat="43.105502" lon="10.540137">
        <ele>4.8</ele>
      </trkpt>
      <trkpt lat="43.10548" lon="10.540094">
        <ele>4.8</ele>
      </trkpt>
      <trkpt lat="43.105394" lon="10.540008">
        <ele>5.0</ele>
      </trkpt>
      <trkpt lat="43.1043" lon="10.539858">
        <ele>7.0</ele>
      </trkpt>
      <trkpt lat="43.104193" lon="10.539836">
        <ele>7.1</ele>
      </trkpt>
      <trkpt lat="43.104128" lon="10.539836">
        <ele>7.3</ele>
      </trkpt>
      <trkpt lat="43.104085" lon="10.539793">
        <ele>7.3</ele>
      </trkpt>
      <trkpt lat="43.104128" lon="10.539708">
        <ele>7.0</ele>
      </trkpt>
      <trkpt lat="43.104128" lon="10.539665">
        <ele>6.9</ele>
      </trkpt>
      <trkpt lat="43.104107" lon="10.5396">
        <ele>6.9</ele>
      </trkpt>
      <trkpt lat="43.104064" lon="10.539557">
        <ele>6.8</ele>
      </trkpt>
      <trkpt lat="43.104021" lon="10.539536">
        <ele>6.9</ele>
      </trkpt>
      <trkpt lat="43.104085" lon="10.538742">
        <ele>3.3</ele>
      </trkpt>
      <trkpt lat="43.103699" lon="10.538785">
        <ele>4.0</ele>
      </trkpt>
      <trkpt lat="43.103656" lon="10.538785">
        <ele>4.0</ele>
      </trkpt>
      <trkpt lat="43.10357" lon="10.538785">
        <ele>4.1</ele>
      </trkpt>
      <trkpt lat="43.103291" lon="10.538763">
        <ele>4.3</ele>
      </trkpt>
      <trkpt lat="43.102948" lon="10.538742">
        <ele>4.5</ele>
      </trkpt>
      <trkpt lat="43.102905" lon="10.538742">
        <ele>4.5</ele>
      </trkpt>
      <trkpt lat="43.102519" lon="10.538721">
        <ele>4.9</ele>
      </trkpt>
      <trkpt lat="43.102455" lon="10.538721">
        <ele>5.0</ele>
      </trkpt>
      <trkpt lat="43.101983" lon="10.538635">
        <ele>5.4</ele>
      </trkpt>
      <trkpt lat="43.101618" lon="10.538485">
        <ele>5.5</ele>
      </trkpt>
      <trkpt lat="43.101382" lon="10.538356">
        <ele>5.1</ele>
      </trkpt>
      <trkpt lat="43.101296" lon="10.538356">
        <ele>5.2</ele>
      </trkpt>
      <trkpt lat="43.101232" lon="10.538334">
        <ele>5.2</ele>
      </trkpt>
      <trkpt lat="43.100996" lon="10.538291">
        <ele>4.7</ele>
      </trkpt>
      <trkpt lat="43.100931" lon="10.53827">
        <ele>4.5</ele>
      </trkpt>
      <trkpt lat="43.100674" lon="10.538227">
        <ele>4.0</ele>
      </trkpt>
      <trkpt lat="43.100523" lon="10.538206">
        <ele>3.8</ele>
      </trkpt>
      <trkpt lat="43.100395" lon="10.538206">
        <ele>3.7</ele>
      </trkpt>
      <trkpt lat="43.100051" lon="10.53827">
        <ele>4.1</ele>
      </trkpt>
      <trkpt lat="43.09988" lon="10.538313">
        <ele>4.4</ele>
      </trkpt>
      <trkpt lat="43.099708" lon="10.538399">
        <ele>4.9</ele>
      </trkpt>
      <trkpt lat="43.099429" lon="10.53857">
        <ele>5.9</ele>
      </trkpt>
      <trkpt lat="43.099343" lon="10.538635">
        <ele>6.0</ele>
      </trkpt>
      <trkpt lat="43.09915" lon="10.538763">
        <ele>6.2</ele>
      </trkpt>
      <trkpt lat="43.099021" lon="10.538806">
        <ele>6.2</ele>
      </trkpt>
      <trkpt lat="43.098978" lon="10.538828">
        <ele>6.3</ele>
      </trkpt>
      <trkpt lat="43.098764" lon="10.538828">
        <ele>6.3</ele>
      </trkpt>
      <trkpt lat="43.098614" lon="10.538871">
        <ele>6.4</ele>
      </trkpt>
      <trkpt lat="43.097777" lon="10.538957">
        <ele>6.9</ele>
      </trkpt>
      <trkpt lat="43.097605" lon="10.538978">
        <ele>6.9</ele>
      </trkpt>
      <trkpt lat="43.097541" lon="10.538978">
        <ele>6.9</ele>
      </trkpt>
      <trkpt lat="43.096854" lon="10.539042">
        <ele>6.9</ele>
      </trkpt>
      <trkpt lat="43.096554" lon="10.539085">
        <ele>6.8</ele>
      </trkpt>
      <trkpt lat="43.096168" lon="10.53915">
        <ele>6.6</ele>
      </trkpt>
      <trkpt lat="43.095459" lon="10.539236">
        <ele>6.5</ele>
      </trkpt>
      <trkpt lat="43.095266" lon="10.539257">
        <ele>6.5</ele>
      </trkpt>
      <trkpt lat="43.094558" lon="10.539321">
        <ele>6.6</ele>
      </trkpt>
      <trkpt lat="43.094515" lon="10.539321">
        <ele>6.6</ele>
      </trkpt>
      <trkpt lat="43.094322" lon="10.539343">
        <ele>6.8</ele>
      </trkpt>
      <trkpt lat="43.094108" lon="10.539386">
        <ele>6.9</ele>
      </trkpt>
      <trkpt lat="43.093979" lon="10.539386">
        <ele>6.9</ele>
      </trkpt>
      <trkpt lat="43.093979" lon="10.539386">
        <ele>6.9</ele>
      </trkpt>
      <trkpt lat="43.093171" lon="10.539504">
        <ele>6.3</ele>
      </trkpt>
      <trkpt lat="43.09305" lon="10.539504">
        <ele>6.2</ele>
      </trkpt>
      <trkpt lat="43.091642" lon="10.539638">
        <ele>6.1</ele>
      </trkpt>
      <trkpt lat="43.091581" lon="10.539648">
        <ele>6.1</ele>
      </trkpt>
      <trkpt lat="43.091556" lon="10.539649">
        <ele>6.1</ele>
      </trkpt>
      <trkpt lat="43.089244" lon="10.539917">
        <ele>6.7</ele>
      </trkpt>
      <trkpt lat="43.088321" lon="10.539955">
        <ele>6.9</ele>
      </trkpt>
      <trkpt lat="43.088139" lon="10.539946">
        <ele>6.9</ele>
      </trkpt>
      <trkpt lat="43.088057" lon="10.539937">
        <ele>6.9</ele>
      </trkpt>
      <trkpt lat="43.087579" lon="10.539907">
        <ele>7.0</ele>
      </trkpt>
      <trkpt lat="43.087067" lon="10.539832">
        <ele>7.0</ele>
      </trkpt>
      <trkpt lat="43.086117" lon="10.539701">
        <ele>7.1</ele>
      </trkpt>
      <trkpt lat="43.085463" lon="10.539606">
        <ele>7.1</ele>
      </trkpt>
      <trkpt lat="43.085016" lon="10.539546">
        <ele>7.1</ele>
      </trkpt>
      <trkpt lat="43.084872" lon="10.539529">
        <ele>7.2</ele>
      </trkpt>
      <trkpt lat="43.083848" lon="10.53938">
        <ele>7.2</ele>
      </trkpt>
      <trkpt lat="43.083113" lon="10.539285">
        <ele>7.5</ele>
      </trkpt>
      <trkpt lat="43.082905" lon="10.539256">
        <ele>7.6</ele>
      </trkpt>
      <trkpt lat="43.082694" lon="10.539228">
        <ele>7.7</ele>
      </trkpt>
      <trkpt lat="43.08226" lon="10.539164">
        <ele>7.9</ele>
      </trkpt>
      <trkpt lat="43.081768" lon="10.539096">
        <ele>8.0</ele>
      </trkpt>
      <trkpt lat="43.081385" lon="10.539044">
        <ele>8.1</ele>
      </trkpt>
      <trkpt lat="43.081307" lon="10.539038">
        <ele>8.2</ele>
      </trkpt>
      <trkpt lat="43.081155" lon="10.539016">
        <ele>8.2</ele>
      </trkpt>
      <trkpt lat="43.080996" lon="10.538997">
        <ele>8.2</ele>
      </trkpt>
      <trkpt lat="43.078765" lon="10.538686">
        <ele>8.4</ele>
      </trkpt>
      <trkpt lat="43.077258" lon="10.53848">
        <ele>7.6</ele>
      </trkpt>
      <trkpt lat="43.076763" lon="10.538413">
        <ele>7.3</ele>
      </trkpt>
      <trkpt lat="43.076594" lon="10.538395">
        <ele>7.3</ele>
      </trkpt>
      <trkpt lat="43.07575" lon="10.538282">
        <ele>7.3</ele>
      </trkpt>
      <trkpt lat="43.073819" lon="10.53801">
        <ele>7.4</ele>
      </trkpt>
      <trkpt lat="43.073544" lon="10.537971">
        <ele>7.4</ele>
      </trkpt>
      <trkpt lat="43.073316" lon="10.537937">
        <ele>7.4</ele>
      </trkpt>
      <trkpt lat="43.073162" lon="10.537916">
        <ele>7.5</ele>
      </trkpt>
      <trkpt lat="43.072213" lon="10.537792">
        <ele>7.4</ele>
      </trkpt>
      <trkpt lat="43.071907" lon="10.537749">
        <ele>7.4</ele>
      </trkpt>
      <trkpt lat="43.070541" lon="10.537543">
        <ele>7.6</ele>
      </trkpt>
      <trkpt lat="43.070363" lon="10.537518">
        <ele>7.6</ele>
      </trkpt>
      <trkpt lat="43.068703" lon="10.537288">
        <ele>7.7</ele>
      </trkpt>
      <trkpt lat="43.067889" lon="10.537174">
        <ele>7.6</ele>
      </trkpt>
      <trkpt lat="43.066047" lon="10.536916">
        <ele>6.8</ele>
      </trkpt>
      <trkpt lat="43.065605" lon="10.536855">
        <ele>6.7</ele>
      </trkpt>
      <trkpt lat="43.065523" lon="10.536844">
        <ele>6.7</ele>
      </trkpt>
      <trkpt lat="43.064974" lon="10.536777">
        <ele>6.7</ele>
      </trkpt>
      <trkpt lat="43.063738" lon="10.536614">
        <ele>6.6</ele>
      </trkpt>
      <trkpt lat="43.063681" lon="10.536608">
        <ele>6.6</ele>
      </trkpt>
      <trkpt lat="43.063626" lon="10.536599">
        <ele>6.7</ele>
      </trkpt>
      <trkpt lat="43.063321" lon="10.536558">
        <ele>6.7</ele>
      </trkpt>
      <trkpt lat="43.06293" lon="10.536513">
        <ele>6.7</ele>
      </trkpt>
      <trkpt lat="43.060368" lon="10.536125">
        <ele>6.1</ele>
      </trkpt>
      <trkpt lat="43.059943" lon="10.536061">
        <ele>5.9</ele>
      </trkpt>
      <trkpt lat="43.058515" lon="10.53585">
        <ele>5.5</ele>
      </trkpt>
      <trkpt lat="43.05711" lon="10.53565">
        <ele>6.5</ele>
      </trkpt>
      <trkpt lat="43.055771" lon="10.535457">
        <ele>7.5</ele>
      </trkpt>
      <trkpt lat="43.053285" lon="10.535103">
        <ele>8.2</ele>
      </trkpt>
      <trkpt lat="43.051524" lon="10.534854">
        <ele>8.1</ele>
      </trkpt>
      <trkpt lat="43.050616" lon="10.53464">
        <ele>8.1</ele>
      </trkpt>
      <trkpt lat="43.050147" lon="10.534511">
        <ele>8.1</ele>
      </trkpt>
      <trkpt lat="43.049963" lon="10.534455">
        <ele>8.1</ele>
      </trkpt>
      <trkpt lat="43.049872" lon="10.534428">
        <ele>8.1</ele>
      </trkpt>
      <trkpt lat="43.049803" lon="10.534404">
        <ele>8.1</ele>
      </trkpt>
      <trkpt lat="43.048607" lon="10.534034">
        <ele>8.8</ele>
      </trkpt>
      <trkpt lat="43.04706" lon="10.533551">
        <ele>8.6</ele>
      </trkpt>
      <trkpt lat="43.04619" lon="10.53328">
        <ele>8.0</ele>
      </trkpt>
      <trkpt lat="43.044996" lon="10.532908">
        <ele>6.0</ele>
      </trkpt>
      <trkpt lat="43.044751" lon="10.532832">
        <ele>5.7</ele>
      </trkpt>
      <trkpt lat="43.044597" lon="10.532786">
        <ele>5.4</ele>
      </trkpt>
      <trkpt lat="43.042022" lon="10.531983">
        <ele>5.8</ele>
      </trkpt>
      <trkpt lat="43.04073" lon="10.53158">
        <ele>6.1</ele>
      </trkpt>
      <trkpt lat="43.038706" lon="10.530952">
        <ele>5.6</ele>
      </trkpt>
      <trkpt lat="43.036882" lon="10.530369">
        <ele>4.4</ele>
      </trkpt>
      <trkpt lat="43.035595" lon="10.529982">
        <ele>3.5</ele>
      </trkpt>
      <trkpt lat="43.035271" lon="10.529879">
        <ele>3.3</ele>
      </trkpt>
      <trkpt lat="43.034751" lon="10.529711">
        <ele>3.0</ele>
      </trkpt>
      <trkpt lat="43.034348" lon="10.529582">
        <ele>2.8</ele>
      </trkpt>
      <trkpt lat="43.033665" lon="10.529367">
        <ele>2.6</ele>
      </trkpt>
      <trkpt lat="43.033267" lon="10.529245">
        <ele>2.5</ele>
      </trkpt>
      <trkpt lat="43.032891" lon="10.529125">
        <ele>2.4</ele>
      </trkpt>
      <trkpt lat="43.030729" lon="10.528446">
        <ele>2.2</ele>
      </trkpt>
      <trkpt lat="43.029583" lon="10.528085">
        <ele>2.8</ele>
      </trkpt>
      <trkpt lat="43.028748" lon="10.527823">
        <ele>3.4</ele>
      </trkpt>
      <trkpt lat="43.028703" lon="10.527889">
        <ele>3.5</ele>
      </trkpt>
      <trkpt lat="43.028642" lon="10.527888">
        <ele>3.5</ele>
      </trkpt>
      <trkpt lat="43.028602" lon="10.52784">
        <ele>3.6</ele>
      </trkpt>
      <trkpt lat="43.028594" lon="10.527767">
        <ele>3.6</ele>
      </trkpt>
      <trkpt lat="43.028397" lon="10.527655">
        <ele>3.8</ele>
      </trkpt>
      <trkpt lat="43.026035" lon="10.526394">
        <ele>4.9</ele>
      </trkpt>
      <trkpt lat="43.024637" lon="10.525637">
        <ele>3.6</ele>
      </trkpt>
      <trkpt lat="43.023768" lon="10.525153">
        <ele>2.4</ele>
      </trkpt>
      <trkpt lat="43.022703" lon="10.52455">
        <ele>2.0</ele>
      </trkpt>
      <trkpt lat="43.022527" lon="10.524455">
        <ele>1.9</ele>
      </trkpt>
      <trkpt lat="43.020548" lon="10.523353">
        <ele>1.7</ele>
      </trkpt>
      <trkpt lat="43.02031" lon="10.523213">
        <ele>1.7</ele>
      </trkpt>
      <trkpt lat="43.020079" lon="10.523093">
        <ele>1.7</ele>
      </trkpt>
      <trkpt lat="43.019688" lon="10.522931">
        <ele>1.7</ele>
      </trkpt>
      <trkpt lat="43.01913" lon="10.522825">
        <ele>1.8</ele>
      </trkpt>
      <trkpt lat="43.018965" lon="10.522806">
        <ele>1.8</ele>
      </trkpt>
      <trkpt lat="43.018033" lon="10.522689">
        <ele>1.7</ele>
      </trkpt>
      <trkpt lat="43.017779" lon="10.52265">
        <ele>1.6</ele>
      </trkpt>
      <trkpt lat="43.017435" lon="10.522604">
        <ele>1.6</ele>
      </trkpt>
      <trkpt lat="43.017227" lon="10.522577">
        <ele>1.5</ele>
      </trkpt>
      <trkpt lat="43.017075" lon="10.522562">
        <ele>1.5</ele>
      </trkpt>
      <trkpt lat="43.016899" lon="10.522538">
        <ele>1.5</ele>
      </trkpt>
      <trkpt lat="43.016233" lon="10.52245">
        <ele>1.7</ele>
      </trkpt>
      <trkpt lat="43.015992" lon="10.522431">
        <ele>1.7</ele>
      </trkpt>
      <trkpt lat="43.015614" lon="10.522448">
        <ele>1.8</ele>
      </trkpt>
      <trkpt lat="43.014406" lon="10.522509">
        <ele>2.7</ele>
      </trkpt>
      <trkpt lat="43.013765" lon="10.522536">
        <ele>3.4</ele>
      </trkpt>
      <trkpt lat="43.012156" lon="10.522592">
        <ele>5.0</ele>
      </trkpt>
      <trkpt lat="43.010585" lon="10.522678">
        <ele>6.6</ele>
      </trkpt>
      <trkpt lat="43.010093" lon="10.522703">
        <ele>7.1</ele>
      </trkpt>
      <trkpt lat="43.008151" lon="10.522793">
        <ele>9.8</ele>
      </trkpt>
      <trkpt lat="43.006653" lon="10.522862">
        <ele>12.0</ele>
      </trkpt>
      <trkpt lat="43.006215" lon="10.522894">
        <ele>12.6</ele>
      </trkpt>
      <trkpt lat="43.00584" lon="10.522966">
        <ele>13.0</ele>
      </trkpt>
      <trkpt lat="43.005624" lon="10.523048">
        <ele>13.3</ele>
      </trkpt>
      <trkpt lat="43.005221" lon="10.523268">
        <ele>13.8</ele>
      </trkpt>
      <trkpt lat="43.004649" lon="10.523776">
        <ele>14.5</ele>
      </trkpt>
      <trkpt lat="43.004099" lon="10.524414">
        <ele>15.2</ele>
      </trkpt>
      <trkpt lat="43.002879" lon="10.525828">
        <ele>16.7</ele>
      </trkpt>
      <trkpt lat="43.001913" lon="10.526949">
        <ele>18.1</ele>
      </trkpt>
      <trkpt lat="43.001802" lon="10.527226">
        <ele>18.1</ele>
      </trkpt>
      <trkpt lat="43.00181" lon="10.527367">
        <ele>18.0</ele>
      </trkpt>
      <trkpt lat="43.001882" lon="10.527563">
        <ele>17.8</ele>
      </trkpt>
      <trkpt lat="43.002115" lon="10.5281">
        <ele>17.3</ele>
      </trkpt>
      <trkpt lat="43.002575" lon="10.529065">
        <ele>16.3</ele>
      </trkpt>
      <trkpt lat="43.003796" lon="10.531672">
        <ele>13.0</ele>
      </trkpt>
      <trkpt lat="43.00721" lon="10.539207">
        <ele>6.9</ele>
      </trkpt>
      <trkpt lat="43.008644" lon="10.542419">
        <ele>5.5</ele>
      </trkpt>
      <trkpt lat="43.010503" lon="10.547101">
        <ele>3.9</ele>
      </trkpt>
      <trkpt lat="43.010574" lon="10.547283">
        <ele>3.9</ele>
      </trkpt>
      <trkpt lat="43.010767" lon="10.547841">
        <ele>3.7</ele>
      </trkpt>
      <trkpt lat="43.011021" lon="10.548997">
        <ele>3.3</ele>
      </trkpt>
      <trkpt lat="43.011146" lon="10.549715">
        <ele>3.0</ele>
      </trkpt>
      <trkpt lat="43.011071" lon="10.551532">
        <ele>2.3</ele>
      </trkpt>
      <trkpt lat="43.011077" lon="10.552133">
        <ele>2.2</ele>
      </trkpt>
      <trkpt lat="43.01129" lon="10.555295">
        <ele>1.6</ele>
      </trkpt>
      <trkpt lat="43.011317" lon="10.555566">
        <ele>1.6</ele>
      </trkpt>
      <trkpt lat="43.011379" lon="10.555872">
        <ele>1.5</ele>
      </trkpt>
      <trkpt lat="43.011492" lon="10.556174">
        <ele>1.4</ele>
      </trkpt>
      <trkpt lat="43.011937" lon="10.55712">
        <ele>1.2</ele>
      </trkpt>
      <trkpt lat="43.013679" lon="10.560685">
        <ele>1.9</ele>
      </trkpt>
      <trkpt lat="43.013844" lon="10.561048">
        <ele>2.0</ele>
      </trkpt>
      <trkpt lat="43.013893" lon="10.561274">
        <ele>2.1</ele>
      </trkpt>
      <trkpt lat="43.014151" lon="10.563579">
        <ele>2.7</ele>
      </trkpt>
      <trkpt lat="43.014323" lon="10.565086">
        <ele>3.0</ele>
      </trkpt>
      <trkpt lat="43.014367" lon="10.565464">
        <ele>3.1</ele>
      </trkpt>
      <trkpt lat="43.014448" lon="10.565768">
        <ele>3.2</ele>
      </trkpt>
      <trkpt lat="43.014509" lon="10.565892">
        <ele>3.2</ele>
      </trkpt>
      <trkpt lat="43.014716" lon="10.566179">
        <ele>3.3</ele>
      </trkpt>
      <trkpt lat="43.016555" lon="10.568426">
        <ele>4.3</ele>
      </trkpt>
      <trkpt lat="43.019023" lon="10.571442">
        <ele>4.7</ele>
      </trkpt>
      <trkpt lat="43.019196" lon="10.571526">
        <ele>4.8</ele>
      </trkpt>
      <trkpt lat="43.019223" lon="10.571457">
        <ele>4.8</ele>
      </trkpt>
      <trkpt lat="43.019262" lon="10.57143">
        <ele>4.8</ele>
      </trkpt>
      <trkpt lat="43.019357" lon="10.571426">
        <ele>4.9</ele>
      </trkpt>
      <trkpt lat="43.019434" lon="10.571488">
        <ele>4.9</ele>
      </trkpt>
      <trkpt lat="43.019443" lon="10.571571">
        <ele>4.9</ele>
      </trkpt>
      <trkpt lat="43.021212" lon="10.571813">
        <ele>5.8</ele>
      </trkpt>
      <trkpt lat="43.021639" lon="10.571929">
        <ele>6.1</ele>
      </trkpt>
      <trkpt lat="43.022222" lon="10.572193">
        <ele>6.5</ele>
      </trkpt>
      <trkpt lat="43.022641" lon="10.572511">
        <ele>6.8</ele>
      </trkpt>
      <trkpt lat="43.023044" lon="10.572909">
        <ele>7.1</ele>
      </trkpt>
      <trkpt lat="43.024123" lon="10.574459">
        <ele>8.1</ele>
      </trkpt>
      <trkpt lat="43.024535" lon="10.575093">
        <ele>8.6</ele>
      </trkpt>
      <trkpt lat="43.024767" lon="10.575418">
        <ele>8.8</ele>
      </trkpt>
      <trkpt lat="43.024986" lon="10.575672">
        <ele>9.0</ele>
      </trkpt>
      <trkpt lat="43.025181" lon="10.575842">
        <ele>9.0</ele>
      </trkpt>
      <trkpt lat="43.025379" lon="10.576017">
        <ele>9.0</ele>
      </trkpt>
      <trkpt lat="43.02553" lon="10.576156">
        <ele>9.0</ele>
      </trkpt>
      <trkpt lat="43.026006" lon="10.576555">
        <ele>8.9</ele>
      </trkpt>
      <trkpt lat="43.026213" lon="10.576799">
        <ele>8.9</ele>
      </trkpt>
      <trkpt lat="43.02692" lon="10.577813">
        <ele>8.6</ele>
      </trkpt>
      <trkpt lat="43.027237" lon="10.578178">
        <ele>8.5</ele>
      </trkpt>
      <trkpt lat="43.0275" lon="10.578429">
        <ele>8.4</ele>
      </trkpt>
      <trkpt lat="43.027752" lon="10.578606">
        <ele>8.3</ele>
      </trkpt>
      <trkpt lat="43.028444" lon="10.579033">
        <ele>8.6</ele>
      </trkpt>
      <trkpt lat="43.02848" lon="10.579055">
        <ele>8.6</ele>
      </trkpt>
      <trkpt lat="43.028677" lon="10.579201">
        <ele>8.7</ele>
      </trkpt>
      <trkpt lat="43.028938" lon="10.579442">
        <ele>8.8</ele>
      </trkpt>
      <trkpt lat="43.031318" lon="10.58163">
        <ele>10.3</ele>
      </trkpt>
      <trkpt lat="43.031897" lon="10.582167">
        <ele>10.9</ele>
      </trkpt>
      <trkpt lat="43.034164" lon="10.584259">
        <ele>13.8</ele>
      </trkpt>
      <trkpt lat="43.036442" lon="10.586363">
        <ele>16.8</ele>
      </trkpt>
      <trkpt lat="43.036718" lon="10.586621">
        <ele>17.2</ele>
      </trkpt>
      <trkpt lat="43.038709" lon="10.58847">
        <ele>20.4</ele>
      </trkpt>
      <trkpt lat="43.039127" lon="10.58887">
        <ele>20.4</ele>
      </trkpt>
      <trkpt lat="43.039215" lon="10.588961">
        <ele>20.4</ele>
      </trkpt>
      <trkpt lat="43.038286" lon="10.590099">
        <ele>19.4</ele>
      </trkpt>
      <trkpt lat="43.038154" lon="10.590264">
        <ele>19.1</ele>
      </trkpt>
      <trkpt lat="43.037454" lon="10.59112">
        <ele>17.2</ele>
      </trkpt>
      <trkpt lat="43.037409" lon="10.591176">
        <ele>17.1</ele>
      </trkpt>
      <trkpt lat="43.036558" lon="10.592224">
        <ele>15.6</ele>
      </trkpt>
      <trkpt lat="43.036498" lon="10.592297">
        <ele>15.5</ele>
      </trkpt>
      <trkpt lat="43.035476" lon="10.593606">
        <ele>14.6</ele>
      </trkpt>
      <trkpt lat="43.035455" lon="10.593795">
        <ele>14.6</ele>
      </trkpt>
      <trkpt lat="43.03546" lon="10.593831">
        <ele>14.6</ele>
      </trkpt>
      <trkpt lat="43.035432" lon="10.593899">
        <ele>14.6</ele>
      </trkpt>
      <trkpt lat="43.035393" lon="10.593919">
        <ele>14.6</ele>
      </trkpt>
      <trkpt lat="43.035257" lon="10.593938">
        <ele>14.6</ele>
      </trkpt>
      <trkpt lat="43.035176" lon="10.593985">
        <ele>14.6</ele>
      </trkpt>
      <trkpt lat="43.035021" lon="10.594142">
        <ele>14.5</ele>
      </trkpt>
      <trkpt lat="43.034763" lon="10.59446">
        <ele>14.5</ele>
      </trkpt>
      <trkpt lat="43.034667" lon="10.594582">
        <ele>14.5</ele>
      </trkpt>
      <trkpt lat="43.033509" lon="10.596011">
        <ele>14.4</ele>
      </trkpt>
      <trkpt lat="43.033226" lon="10.596356">
        <ele>14.2</ele>
      </trkpt>
      <trkpt lat="43.032902" lon="10.596755">
        <ele>14.0</ele>
      </trkpt>
      <trkpt lat="43.032689" lon="10.597012">
        <ele>13.8</ele>
      </trkpt>
      <trkpt lat="43.032377" lon="10.597401">
        <ele>13.6</ele>
      </trkpt>
      <trkpt lat="43.032181" lon="10.597661">
        <ele>13.4</ele>
      </trkpt>
      <trkpt lat="43.032083" lon="10.597818">
        <ele>13.4</ele>
      </trkpt>
      <trkpt lat="43.032064" lon="10.597949">
        <ele>13.3</ele>
      </trkpt>
      <trkpt lat="43.032087" lon="10.598021">
        <ele>13.3</ele>
      </trkpt>
      <trkpt lat="43.032082" lon="10.598095">
        <ele>13.3</ele>
      </trkpt>
      <trkpt lat="43.032028" lon="10.598167">
        <ele>13.3</ele>
      </trkpt>
      <trkpt lat="43.031972" lon="10.598179">
        <ele>13.2</ele>
      </trkpt>
      <trkpt lat="43.031915" lon="10.598137">
        <ele>13.2</ele>
      </trkpt>
      <trkpt lat="43.031723" lon="10.598194">
        <ele>13.1</ele>
      </trkpt>
      <trkpt lat="43.03151" lon="10.598468">
        <ele>13.0</ele>
      </trkpt>
      <trkpt lat="43.031441" lon="10.598553">
        <ele>13.0</ele>
      </trkpt>
      <trkpt lat="43.031319" lon="10.598708">
        <ele>13.0</ele>
      </trkpt>
      <trkpt lat="43.030997" lon="10.599108">
        <ele>12.8</ele>
      </trkpt>
      <trkpt lat="43.030895" lon="10.599233">
        <ele>12.8</ele>
      </trkpt>
      <trkpt lat="43.030906" lon="10.599303">
        <ele>12.7</ele>
      </trkpt>
      <trkpt lat="43.030886" lon="10.599369">
        <ele>12.7</ele>
      </trkpt>
      <trkpt lat="43.030846" lon="10.5994">
        <ele>12.7</ele>
      </trkpt>
      <trkpt lat="43.030778" lon="10.599381">
        <ele>12.7</ele>
      </trkpt>
      <trkpt lat="43.030382" lon="10.599862">
        <ele>12.5</ele>
      </trkpt>
      <trkpt lat="43.030244" lon="10.600031">
        <ele>12.4</ele>
      </trkpt>
      <trkpt lat="43.02964" lon="10.600779">
        <ele>12.2</ele>
      </trkpt>
      <trkpt lat="43.029139" lon="10.601382">
        <ele>11.6</ele>
      </trkpt>
      <trkpt lat="43.029107" lon="10.601472">
        <ele>11.5</ele>
      </trkpt>
      <trkpt lat="43.029001" lon="10.601417">
        <ele>11.4</ele>
      </trkpt>
      <trkpt lat="43.028677" lon="10.600928">
        <ele>10.9</ele>
      </trkpt>
      <trkpt lat="43.028332" lon="10.60041">
        <ele>10.4</ele>
      </trkpt>
      <trkpt lat="43.027966" lon="10.599856">
        <ele>9.9</ele>
      </trkpt>
      <trkpt lat="43.027771" lon="10.600072">
        <ele>9.8</ele>
      </trkpt>
      <trkpt lat="43.027584" lon="10.600278">
        <ele>9.6</ele>
      </trkpt>
      <trkpt lat="43.026591" lon="10.60138">
        <ele>9.2</ele>
      </trkpt>
      <trkpt lat="43.026273" lon="10.601692">
        <ele>9.3</ele>
      </trkpt>
      <trkpt lat="43.02619" lon="10.601818">
        <ele>9.4</ele>
      </trkpt>
      <trkpt lat="43.026115" lon="10.602019">
        <ele>9.4</ele>
      </trkpt>
      <trkpt lat="43.026356" lon="10.602214">
        <ele>9.5</ele>
      </trkpt>
      <trkpt lat="43.026657" lon="10.602451">
        <ele>9.6</ele>
      </trkpt>
      <trkpt lat="43.026967" lon="10.602689">
        <ele>9.7</ele>
      </trkpt>
      <trkpt lat="43.027465" lon="10.603063">
        <ele>9.8</ele>
      </trkpt>
      <trkpt lat="43.027567" lon="10.60316">
        <ele>9.8</ele>
      </trkpt>
      <trkpt lat="43.027598" lon="10.603242">
        <ele>9.8</ele>
      </trkpt>
      <trkpt lat="43.027579" lon="10.603319">
        <ele>9.8</ele>
      </trkpt>
      <trkpt lat="43.027479" lon="10.60346">
        <ele>9.9</ele>
      </trkpt>
      <trkpt lat="43.026903" lon="10.604164">
        <ele>9.8</ele>
      </trkpt>
      <trkpt lat="43.026488" lon="10.604677">
        <ele>9.4</ele>
      </trkpt>
      <trkpt lat="43.026373" lon="10.604819">
        <ele>9.3</ele>
      </trkpt>
      <trkpt lat="43.026203" lon="10.605026">
        <ele>9.2</ele>
      </trkpt>
      <trkpt lat="43.026071" lon="10.605192">
        <ele>9.1</ele>
      </trkpt>
      <trkpt lat="43.025988" lon="10.605287">
        <ele>9.0</ele>
      </trkpt>
      <trkpt lat="43.025874" lon="10.605428">
        <ele>8.9</ele>
      </trkpt>
      <trkpt lat="43.025685" lon="10.60566">
        <ele>8.8</ele>
      </trkpt>
      <trkpt lat="43.025545" lon="10.60583">
        <ele>8.8</ele>
      </trkpt>
      <trkpt lat="43.025363" lon="10.606058">
        <ele>8.7</ele>
      </trkpt>
      <trkpt lat="43.025307" lon="10.606128">
        <ele>8.7</ele>
      </trkpt>
      <trkpt lat="43.025014" lon="10.606488">
        <ele>8.6</ele>
      </trkpt>
      <trkpt lat="43.024765" lon="10.60678">
        <ele>8.5</ele>
      </trkpt>
      <trkpt lat="43.024522" lon="10.607076">
        <ele>8.4</ele>
      </trkpt>
      <trkpt lat="43.024321" lon="10.607356">
        <ele>8.4</ele>
      </trkpt>
      <trkpt lat="43.024065" lon="10.607676">
        <ele>8.4</ele>
      </trkpt>
      <trkpt lat="43.023813" lon="10.607986">
        <ele>8.4</ele>
      </trkpt>
      <trkpt lat="43.023556" lon="10.608301">
        <ele>8.5</ele>
      </trkpt>
      <trkpt lat="43.023425" lon="10.608462">
        <ele>8.5</ele>
      </trkpt>
      <trkpt lat="43.023035" lon="10.608939">
        <ele>8.5</ele>
      </trkpt>
      <trkpt lat="43.022939" lon="10.609056">
        <ele>8.5</ele>
      </trkpt>
      <trkpt lat="43.022223" lon="10.609931">
        <ele>8.3</ele>
      </trkpt>
      <trkpt lat="43.022175" lon="10.609995">
        <ele>8.3</ele>
      </trkpt>
      <trkpt lat="43.021123" lon="10.611283">
        <ele>8.7</ele>
      </trkpt>
      <trkpt lat="43.020852" lon="10.611612">
        <ele>8.8</ele>
      </trkpt>
      <trkpt lat="43.019199" lon="10.613625">
        <ele>9.9</ele>
      </trkpt>
      <trkpt lat="43.019185" lon="10.61364">
        <ele>9.9</ele>
      </trkpt>
      <trkpt lat="43.018722" lon="10.61421">
        <ele>9.9</ele>
      </trkpt>
      <trkpt lat="43.018693" lon="10.614244">
        <ele>9.9</ele>
      </trkpt>
      <trkpt lat="43.016839" lon="10.61653">
        <ele>8.9</ele>
      </trkpt>
      <trkpt lat="43.016767" lon="10.616357">
        <ele>8.8</ele>
      </trkpt>
      <trkpt lat="43.016578" lon="10.61514">
        <ele>8.3</ele>
      </trkpt>
      <trkpt lat="43.016339" lon="10.613612">
        <ele>7.6</ele>
      </trkpt>
      <trkpt lat="43.016281" lon="10.613403">
        <ele>7.5</ele>
      </trkpt>
      <trkpt lat="43.016189" lon="10.613252">
        <ele>7.5</ele>
      </trkpt>
      <trkpt lat="43.013162" lon="10.610608">
        <ele>6.2</ele>
      </trkpt>
      <trkpt lat="43.009473" lon="10.607355">
        <ele>5.6</ele>
      </trkpt>
      <trkpt lat="43.009234" lon="10.607191">
        <ele>5.6</ele>
      </trkpt>
      <trkpt lat="43.008872" lon="10.607139">
        <ele>5.6</ele>
      </trkpt>
      <trkpt lat="43.008027" lon="10.607268">
        <ele>5.8</ele>
      </trkpt>
      <trkpt lat="43.007668" lon="10.607249">
        <ele>5.9</ele>
      </trkpt>
      <trkpt lat="43.007311" lon="10.607139">
        <ele>6.0</ele>
      </trkpt>
      <trkpt lat="43.007052" lon="10.606948">
        <ele>6.1</ele>
      </trkpt>
      <trkpt lat="43.006891" lon="10.606779">
        <ele>6.1</ele>
      </trkpt>
      <trkpt lat="43.006625" lon="10.606338">
        <ele>6.1</ele>
      </trkpt>
      <trkpt lat="43.005419" lon="10.603308">
        <ele>5.5</ele>
      </trkpt>
      <trkpt lat="43.005195" lon="10.602977">
        <ele>5.4</ele>
      </trkpt>
      <trkpt lat="43.004966" lon="10.602794">
        <ele>5.3</ele>
      </trkpt>
      <trkpt lat="43.004589" lon="10.602666">
        <ele>5.2</ele>
      </trkpt>
      <trkpt lat="43.004157" lon="10.602576">
        <ele>5.1</ele>
      </trkpt>
      <trkpt lat="43.00405" lon="10.602519">
        <ele>5.0</ele>
      </trkpt>
      <trkpt lat="43.003694" lon="10.602267">
        <ele>4.9</ele>
      </trkpt>
      <trkpt lat="43.002704" lon="10.601427">
        <ele>4.4</ele>
      </trkpt>
      <trkpt lat="43.001211" lon="10.600121">
        <ele>3.8</ele>
      </trkpt>
      <trkpt lat="43.000374" lon="10.599388">
        <ele>3.4</ele>
      </trkpt>
      <trkpt lat="42.999773" lon="10.598869">
        <ele>3.3</ele>
      </trkpt>
      <trkpt lat="42.997599" lon="10.596971">
        <ele>3.1</ele>
      </trkpt>
      <trkpt lat="42.986584" lon="10.587364">
        <ele>0.9</ele>
      </trkpt>
      <trkpt lat="42.984737" lon="10.585681">
        <ele>1.3</ele>
      </trkpt>
      <trkpt lat="42.984498" lon="10.585621">
        <ele>1.4</ele>
      </trkpt>
      <trkpt lat="42.984473" lon="10.586357">
        <ele>1.8</ele>
      </trkpt>
      <trkpt lat="42.984468" lon="10.586622">
        <ele>1.9</ele>
      </trkpt>
      <trkpt lat="42.984428" lon="10.587893">
        <ele>2.8</ele>
      </trkpt>
      <trkpt lat="42.984411" lon="10.588732">
        <ele>3.5</ele>
      </trkpt>
      <trkpt lat="42.9844" lon="10.588981">
        <ele>3.8</ele>
      </trkpt>
      <trkpt lat="42.984423" lon="10.58962">
        <ele>4.3</ele>
      </trkpt>
      <trkpt lat="42.98443" lon="10.589663">
        <ele>4.3</ele>
      </trkpt>
      <trkpt lat="42.985752" lon="10.594598">
        <ele>2.5</ele>
      </trkpt>
      <trkpt lat="42.986594" lon="10.598836">
        <ele>2.3</ele>
      </trkpt>
      <trkpt lat="42.987896" lon="10.605514">
        <ele>2.6</ele>
      </trkpt>
      <trkpt lat="42.987933" lon="10.605835">
        <ele>2.6</ele>
      </trkpt>
      <trkpt lat="42.987919" lon="10.606051">
        <ele>2.6</ele>
      </trkpt>
      <trkpt lat="42.986644" lon="10.613911">
        <ele>4.0</ele>
      </trkpt>
      <trkpt lat="42.986678" lon="10.617623">
        <ele>4.3</ele>
      </trkpt>
      <trkpt lat="42.986957" lon="10.621113">
        <ele>4.7</ele>
      </trkpt>
      <trkpt lat="42.986957" lon="10.621519">
        <ele>4.7</ele>
      </trkpt>
      <trkpt lat="42.986634" lon="10.623607">
        <ele>4.4</ele>
      </trkpt>
      <trkpt lat="42.982841" lon="10.621361">
        <ele>3.2</ele>
      </trkpt>
      <trkpt lat="42.976376" lon="10.617527">
        <ele>1.1</ele>
      </trkpt>
      <trkpt lat="42.97607" lon="10.618308">
        <ele>0.9</ele>
      </trkpt>
      <trkpt lat="42.976028" lon="10.618367">
        <ele>0.9</ele>
      </trkpt>
      <trkpt lat="42.975956" lon="10.618364">
        <ele>0.9</ele>
      </trkpt>
      <trkpt lat="42.971669" lon="10.615799">
        <ele>0.8</ele>
      </trkpt>
      <trkpt lat="42.967048" lon="10.613011">
        <ele>0.8</ele>
      </trkpt>
      <trkpt lat="42.966978" lon="10.612982">
        <ele>0.8</ele>
      </trkpt>
      <trkpt lat="42.966882" lon="10.613079">
        <ele>0.8</ele>
      </trkpt>
      <trkpt lat="42.966806" lon="10.613318">
        <ele>0.8</ele>
      </trkpt>
      <trkpt lat="42.96684" lon="10.617234">
        <ele>0.8</ele>
      </trkpt>
      <trkpt lat="42.966842" lon="10.617351">
        <ele>0.8</ele>
      </trkpt>
      <trkpt lat="42.966842" lon="10.617598">
        <ele>0.8</ele>
      </trkpt>
      <trkpt lat="42.966852" lon="10.618371">
        <ele>0.8</ele>
      </trkpt>
      <trkpt lat="42.966868" lon="10.62077">
        <ele>0.8</ele>
      </trkpt>
      <trkpt lat="42.966872" lon="10.621221">
        <ele>0.8</ele>
      </trkpt>
      <trkpt lat="42.966894" lon="10.624436">
        <ele>1.2</ele>
      </trkpt>
      <trkpt lat="42.966897" lon="10.625118">
        <ele>1.2</ele>
      </trkpt>
      <trkpt lat="42.966899" lon="10.625282">
        <ele>1.2</ele>
      </trkpt>
      <trkpt lat="42.966907" lon="10.626047">
        <ele>1.2</ele>
      </trkpt>
      <trkpt lat="42.96691" lon="10.626586">
        <ele>1.2</ele>
      </trkpt>
      <trkpt lat="42.965398" lon="10.625896">
        <ele>1.2</ele>
      </trkpt>
    </trkseg>
  </trk>
</gpx>
