<?xml version="1.0" encoding="UTF-8"?>
<gpx xmlns:gpxdata="http://www.cluetrust.com/XML/GPXDATA/1/0" xmlns:xsi="http://www.w3.org/2001/XMLSchema-instance" xmlns="http://www.topografix.com/GPX/1/1" version="1.1" creator="http://ridewithgps.com/" xsi:schemaLocation="http://www.topografix.com/GPX/1/1 http://www.topografix.com/GPX/1/1/gpx.xsd http://www.cluetrust.com/XML/GPXDATA/1/0 http://www.cluetrust.com/Schemas/gpxdata10.xsd">
  <metadata>
    <name>VO - Road 2 - Canneto</name>
    <link href="https://ridewithgps.com/routes/53934346">
      <text>VO - Road 2 - Canneto</text>
    </link>
    <time>2026-02-09T14:43:05Z</time>
  </metadata>
  <trk>
    <name>VO - Road 2 - Canneto</name>
    <trkseg>
      <trkpt lat="42.964989" lon="10.625943">
        <ele>2.0</ele>
      </trkpt>
      <trkpt lat="42.965012" lon="10.625855">
        <ele>2.2</ele>
      </trkpt>
      <trkpt lat="42.965361" lon="10.626032">
        <ele>1.9</ele>
      </trkpt>
      <trkpt lat="42.965446" lon="10.626075">
        <ele>1.8</ele>
      </trkpt>
      <trkpt lat="42.966326" lon="10.626547">
        <ele>0.9</ele>
      </trkpt>
      <trkpt lat="42.966712" lon="10.62674">
        <ele>0.9</ele>
      </trkpt>
      <trkpt lat="42.966821" lon="10.626783">
        <ele>0.9</ele>
      </trkpt>
      <trkpt lat="42.966907" lon="10.626783">
        <ele>0.9</ele>
      </trkpt>
      <trkpt lat="42.966907" lon="10.62528">
        <ele>0.5</ele>
      </trkpt>
      <trkpt lat="42.966907" lon="10.62513">
        <ele>0.5</ele>
      </trkpt>
      <trkpt lat="42.966884" lon="10.624443">
        <ele>0.6</ele>
      </trkpt>
      <trkpt lat="42.966864" lon="10.621224">
        <ele>0.0</ele>
      </trkpt>
      <trkpt lat="42.966864" lon="10.620774">
        <ele>0.1</ele>
      </trkpt>
      <trkpt lat="42.966841" lon="10.618371">
        <ele>0.4</ele>
      </trkpt>
      <trkpt lat="42.966841" lon="10.617234">
        <ele>1.4</ele>
      </trkpt>
      <trkpt lat="42.966798" lon="10.613307">
        <ele>1.0</ele>
      </trkpt>
      <trkpt lat="42.966907" lon="10.613029">
        <ele>1.0</ele>
      </trkpt>
      <trkpt lat="42.96697" lon="10.612986">
        <ele>1.0</ele>
      </trkpt>
      <trkpt lat="42.967056" lon="10.613006">
        <ele>1.0</ele>
      </trkpt>
      <trkpt lat="42.967657" lon="10.613371">
        <ele>0.0</ele>
      </trkpt>
      <trkpt lat="42.97167" lon="10.615796">
        <ele>0.8</ele>
      </trkpt>
      <trkpt lat="42.973571" lon="10.616937">
        <ele>1.0</ele>
      </trkpt>
      <trkpt lat="42.975961" lon="10.618371">
        <ele>1.4</ele>
      </trkpt>
      <trkpt lat="42.976026" lon="10.618371">
        <ele>1.5</ele>
      </trkpt>
      <trkpt lat="42.976069" lon="10.618307">
        <ele>1.5</ele>
      </trkpt>
      <trkpt lat="42.976369" lon="10.617535">
        <ele>1.0</ele>
      </trkpt>
      <trkpt lat="42.976433" lon="10.617426">
        <ele>1.1</ele>
      </trkpt>
      <trkpt lat="42.976561" lon="10.617298">
        <ele>1.2</ele>
      </trkpt>
      <trkpt lat="42.977956" lon="10.616054">
        <ele>2.0</ele>
      </trkpt>
      <trkpt lat="42.977999" lon="10.615989">
        <ele>2.0</ele>
      </trkpt>
      <trkpt lat="42.978065" lon="10.615882">
        <ele>2.0</ele>
      </trkpt>
      <trkpt lat="42.979846" lon="10.612019">
        <ele>1.9</ele>
      </trkpt>
      <trkpt lat="42.97991" lon="10.611677">
        <ele>2.3</ele>
      </trkpt>
      <trkpt lat="42.980511" lon="10.60629">
        <ele>3.0</ele>
      </trkpt>
      <trkpt lat="42.98096" lon="10.602922">
        <ele>1.2</ele>
      </trkpt>
      <trkpt lat="42.981454" lon="10.599703">
        <ele>1.8</ele>
      </trkpt>
      <trkpt lat="42.981648" lon="10.598566">
        <ele>1.9</ele>
      </trkpt>
      <trkpt lat="42.981691" lon="10.598372">
        <ele>1.9</ele>
      </trkpt>
      <trkpt lat="42.982548" lon="10.595625">
        <ele>1.4</ele>
      </trkpt>
      <trkpt lat="42.983106" lon="10.593845">
        <ele>2.3</ele>
      </trkpt>
      <trkpt lat="42.983257" lon="10.593351">
        <ele>2.1</ele>
      </trkpt>
      <trkpt lat="42.984395" lon="10.589661">
        <ele>6.3</ele>
      </trkpt>
      <trkpt lat="42.984415" lon="10.589618">
        <ele>6.4</ele>
      </trkpt>
      <trkpt lat="42.984415" lon="10.589575">
        <ele>6.4</ele>
      </trkpt>
      <trkpt lat="42.984395" lon="10.589124">
        <ele>5.9</ele>
      </trkpt>
      <trkpt lat="42.984395" lon="10.588974">
        <ele>5.5</ele>
      </trkpt>
      <trkpt lat="42.984415" lon="10.588737">
        <ele>4.8</ele>
      </trkpt>
      <trkpt lat="42.984437" lon="10.587901">
        <ele>2.5</ele>
      </trkpt>
      <trkpt lat="42.984458" lon="10.586614">
        <ele>1.2</ele>
      </trkpt>
      <trkpt lat="42.98448" lon="10.586357">
        <ele>1.5</ele>
      </trkpt>
      <trkpt lat="42.984501" lon="10.585626">
        <ele>1.3</ele>
      </trkpt>
      <trkpt lat="42.984738" lon="10.585691">
        <ele>1.5</ele>
      </trkpt>
      <trkpt lat="42.985886" lon="10.586732">
        <ele>0.5</ele>
      </trkpt>
      <trkpt lat="42.986583" lon="10.587365">
        <ele>0.1</ele>
      </trkpt>
      <trkpt lat="42.99759" lon="10.596977">
        <ele>2.1</ele>
      </trkpt>
      <trkpt lat="42.99978" lon="10.598866">
        <ele>3.8</ele>
      </trkpt>
      <trkpt lat="43.000379" lon="10.599381">
        <ele>4.0</ele>
      </trkpt>
      <trkpt lat="43.002698" lon="10.601419">
        <ele>5.6</ele>
      </trkpt>
      <trkpt lat="43.003813" lon="10.602364">
        <ele>4.9</ele>
      </trkpt>
      <trkpt lat="43.00405" lon="10.602513">
        <ele>4.9</ele>
      </trkpt>
      <trkpt lat="43.004157" lon="10.602579">
        <ele>4.9</ele>
      </trkpt>
      <trkpt lat="43.004821" lon="10.602728">
        <ele>5.0</ele>
      </trkpt>
      <trkpt lat="43.004972" lon="10.602793">
        <ele>5.1</ele>
      </trkpt>
      <trkpt lat="43.005079" lon="10.602879">
        <ele>5.2</ele>
      </trkpt>
      <trkpt lat="43.005187" lon="10.602985">
        <ele>5.3</ele>
      </trkpt>
      <trkpt lat="43.005293" lon="10.603114">
        <ele>5.4</ele>
      </trkpt>
      <trkpt lat="43.005422" lon="10.603308">
        <ele>5.7</ele>
      </trkpt>
      <trkpt lat="43.005622" lon="10.603807">
        <ele>5.8</ele>
      </trkpt>
      <trkpt lat="43.005711" lon="10.603741">
        <ele>5.9</ele>
      </trkpt>
      <trkpt lat="43.005622" lon="10.603807">
        <ele>5.8</ele>
      </trkpt>
      <trkpt lat="43.006625" lon="10.606334">
        <ele>6.7</ele>
      </trkpt>
      <trkpt lat="43.006881" lon="10.606783">
        <ele>7.6</ele>
      </trkpt>
      <trkpt lat="43.007053" lon="10.606955">
        <ele>7.8</ele>
      </trkpt>
      <trkpt lat="43.00731" lon="10.607127">
        <ele>7.6</ele>
      </trkpt>
      <trkpt lat="43.007504" lon="10.607212">
        <ele>7.5</ele>
      </trkpt>
      <trkpt lat="43.007848" lon="10.607278">
        <ele>7.5</ele>
      </trkpt>
      <trkpt lat="43.008019" lon="10.607255">
        <ele>7.4</ele>
      </trkpt>
      <trkpt lat="43.008705" lon="10.607149">
        <ele>6.7</ele>
      </trkpt>
      <trkpt lat="43.008985" lon="10.607149">
        <ele>6.6</ele>
      </trkpt>
      <trkpt lat="43.009243" lon="10.607192">
        <ele>6.6</ele>
      </trkpt>
      <trkpt lat="43.009349" lon="10.607255">
        <ele>6.7</ele>
      </trkpt>
      <trkpt lat="43.013169" lon="10.610604">
        <ele>7.6</ele>
      </trkpt>
      <trkpt lat="43.016194" lon="10.613242">
        <ele>10.8</ele>
      </trkpt>
      <trkpt lat="43.01628" lon="10.613393">
        <ele>10.9</ele>
      </trkpt>
      <trkpt lat="43.016344" lon="10.613608">
        <ele>10.8</ele>
      </trkpt>
      <trkpt lat="43.016581" lon="10.615131">
        <ele>9.3</ele>
      </trkpt>
      <trkpt lat="43.016773" lon="10.616354">
        <ele>10.7</ele>
      </trkpt>
      <trkpt lat="43.016796" lon="10.616461">
        <ele>10.5</ele>
      </trkpt>
      <trkpt lat="43.016839" lon="10.616526">
        <ele>10.5</ele>
      </trkpt>
      <trkpt lat="43.018683" lon="10.614252">
        <ele>11.7</ele>
      </trkpt>
      <trkpt lat="43.018726" lon="10.614209">
        <ele>11.8</ele>
      </trkpt>
      <trkpt lat="43.019176" lon="10.613651">
        <ele>11.4</ele>
      </trkpt>
      <trkpt lat="43.019305" lon="10.6138">
        <ele>11.1</ele>
      </trkpt>
      <trkpt lat="43.019628" lon="10.614209">
        <ele>10.1</ele>
      </trkpt>
      <trkpt lat="43.024305" lon="10.619874">
        <ele>10.7</ele>
      </trkpt>
      <trkpt lat="43.024369" lon="10.619938">
        <ele>10.7</ele>
      </trkpt>
      <trkpt lat="43.024434" lon="10.619981">
        <ele>10.8</ele>
      </trkpt>
      <trkpt lat="43.024541" lon="10.619981">
        <ele>10.7</ele>
      </trkpt>
      <trkpt lat="43.024584" lon="10.620001">
        <ele>10.7</ele>
      </trkpt>
      <trkpt lat="43.028301" lon="10.626352">
        <ele>11.4</ele>
      </trkpt>
      <trkpt lat="43.028229" lon="10.62643">
        <ele>11.3</ele>
      </trkpt>
      <trkpt lat="43.028301" lon="10.626352">
        <ele>11.4</ele>
      </trkpt>
      <trkpt lat="43.029755" lon="10.628842">
        <ele>13.5</ele>
      </trkpt>
      <trkpt lat="43.031365" lon="10.626611">
        <ele>12.5</ele>
      </trkpt>
      <trkpt lat="43.033494" lon="10.623604">
        <ele>17.8</ele>
      </trkpt>
      <trkpt lat="43.033494" lon="10.623604">
        <ele>17.8</ele>
      </trkpt>
      <trkpt lat="43.033704" lon="10.623306">
        <ele>17.3</ele>
      </trkpt>
      <trkpt lat="43.03439" lon="10.622619">
        <ele>15.2</ele>
      </trkpt>
      <trkpt lat="43.035807" lon="10.621267">
        <ele>16.1</ele>
      </trkpt>
      <trkpt lat="43.035893" lon="10.621181">
        <ele>16.2</ele>
      </trkpt>
      <trkpt lat="43.036644" lon="10.623371">
        <ele>21.5</ele>
      </trkpt>
      <trkpt lat="43.036922" lon="10.624228">
        <ele>18.2</ele>
      </trkpt>
      <trkpt lat="43.037094" lon="10.624743">
        <ele>17.5</ele>
      </trkpt>
      <trkpt lat="43.037222" lon="10.625001">
        <ele>17.6</ele>
      </trkpt>
      <trkpt lat="43.037737" lon="10.625989">
        <ele>16.8</ele>
      </trkpt>
      <trkpt lat="43.038682" lon="10.628263">
        <ele>18.5</ele>
      </trkpt>
      <trkpt lat="43.038789" lon="10.628521">
        <ele>18.9</ele>
      </trkpt>
      <trkpt lat="43.038854" lon="10.628799">
        <ele>19.0</ele>
      </trkpt>
      <trkpt lat="43.039261" lon="10.631096">
        <ele>20.5</ele>
      </trkpt>
      <trkpt lat="43.039348" lon="10.631439">
        <ele>20.6</ele>
      </trkpt>
      <trkpt lat="43.039433" lon="10.631674">
        <ele>20.7</ele>
      </trkpt>
      <trkpt lat="43.039626" lon="10.632104">
        <ele>21.0</ele>
      </trkpt>
      <trkpt lat="43.040098" lon="10.633006">
        <ele>21.7</ele>
      </trkpt>
      <trkpt lat="43.040656" lon="10.634035">
        <ele>22.0</ele>
      </trkpt>
      <trkpt lat="43.041043" lon="10.634765">
        <ele>23.3</ele>
      </trkpt>
      <trkpt lat="43.041086" lon="10.634871">
        <ele>23.4</ele>
      </trkpt>
      <trkpt lat="43.041535" lon="10.635924">
        <ele>24.0</ele>
      </trkpt>
      <trkpt lat="43.041687" lon="10.636266">
        <ele>24.9</ele>
      </trkpt>
      <trkpt lat="43.041836" lon="10.636695">
        <ele>26.1</ele>
      </trkpt>
      <trkpt lat="43.041944" lon="10.636953">
        <ele>26.5</ele>
      </trkpt>
      <trkpt lat="43.042158" lon="10.637532">
        <ele>26.1</ele>
      </trkpt>
      <trkpt lat="43.042395" lon="10.638004">
        <ele>25.7</ele>
      </trkpt>
      <trkpt lat="43.0425" lon="10.637839">
        <ele>25.9</ele>
      </trkpt>
      <trkpt lat="43.042492" lon="10.637828">
        <ele>25.9</ele>
      </trkpt>
      <trkpt lat="43.042499" lon="10.638202">
        <ele>24.0</ele>
      </trkpt>
      <trkpt lat="43.042657" lon="10.638562">
        <ele>23.8</ele>
      </trkpt>
      <trkpt lat="43.042778" lon="10.638936">
        <ele>23.5</ele>
      </trkpt>
      <trkpt lat="43.042871" lon="10.639231">
        <ele>23.3</ele>
      </trkpt>
      <trkpt lat="43.04299" lon="10.639557">
        <ele>23.0</ele>
      </trkpt>
      <trkpt lat="43.043112" lon="10.639775">
        <ele>22.8</ele>
      </trkpt>
      <trkpt lat="43.043274" lon="10.639982">
        <ele>22.6</ele>
      </trkpt>
      <trkpt lat="43.043833" lon="10.64058">
        <ele>21.8</ele>
      </trkpt>
      <trkpt lat="43.044122" lon="10.641029">
        <ele>21.2</ele>
      </trkpt>
      <trkpt lat="43.044175" lon="10.641108">
        <ele>21.1</ele>
      </trkpt>
      <trkpt lat="43.044334" lon="10.641349">
        <ele>20.8</ele>
      </trkpt>
      <trkpt lat="43.046097" lon="10.644051">
        <ele>18.9</ele>
      </trkpt>
      <trkpt lat="43.046197" lon="10.644272">
        <ele>18.8</ele>
      </trkpt>
      <trkpt lat="43.046826" lon="10.646141">
        <ele>18.5</ele>
      </trkpt>
      <trkpt lat="43.046956" lon="10.646386">
        <ele>18.6</ele>
      </trkpt>
      <trkpt lat="43.047099" lon="10.646587">
        <ele>18.7</ele>
      </trkpt>
      <trkpt lat="43.047691" lon="10.647289">
        <ele>19.0</ele>
      </trkpt>
      <trkpt lat="43.048825" lon="10.648726">
        <ele>20.6</ele>
      </trkpt>
      <trkpt lat="43.050004" lon="10.649947">
        <ele>22.0</ele>
      </trkpt>
      <trkpt lat="43.050421" lon="10.650484">
        <ele>22.5</ele>
      </trkpt>
      <trkpt lat="43.050647" lon="10.650786">
        <ele>22.7</ele>
      </trkpt>
      <trkpt lat="43.050726" lon="10.650886">
        <ele>22.9</ele>
      </trkpt>
      <trkpt lat="43.050939" lon="10.651131">
        <ele>23.2</ele>
      </trkpt>
      <trkpt lat="43.05157" lon="10.651846">
        <ele>24.2</ele>
      </trkpt>
      <trkpt lat="43.051684" lon="10.652032">
        <ele>24.4</ele>
      </trkpt>
      <trkpt lat="43.052062" lon="10.652771">
        <ele>25.0</ele>
      </trkpt>
      <trkpt lat="43.052578" lon="10.653437">
        <ele>25.4</ele>
      </trkpt>
      <trkpt lat="43.052734" lon="10.653674">
        <ele>25.5</ele>
      </trkpt>
      <trkpt lat="43.053184" lon="10.654465">
        <ele>25.8</ele>
      </trkpt>
      <trkpt lat="43.053687" lon="10.655239">
        <ele>25.7</ele>
      </trkpt>
      <trkpt lat="43.053906" lon="10.655575">
        <ele>25.7</ele>
      </trkpt>
      <trkpt lat="43.054547" lon="10.656937">
        <ele>26.1</ele>
      </trkpt>
      <trkpt lat="43.05502" lon="10.657632">
        <ele>26.6</ele>
      </trkpt>
      <trkpt lat="43.055233" lon="10.657889">
        <ele>26.8</ele>
      </trkpt>
      <trkpt lat="43.056145" lon="10.658742">
        <ele>27.8</ele>
      </trkpt>
      <trkpt lat="43.056926" lon="10.659543">
        <ele>28.7</ele>
      </trkpt>
      <trkpt lat="43.058259" lon="10.660723">
        <ele>29.9</ele>
      </trkpt>
      <trkpt lat="43.059208" lon="10.662046">
        <ele>31.2</ele>
      </trkpt>
      <trkpt lat="43.059437" lon="10.662315">
        <ele>31.5</ele>
      </trkpt>
      <trkpt lat="43.06042" lon="10.663027">
        <ele>32.5</ele>
      </trkpt>
      <trkpt lat="43.061194" lon="10.663628">
        <ele>33.2</ele>
      </trkpt>
      <trkpt lat="43.061441" lon="10.663804">
        <ele>33.5</ele>
      </trkpt>
      <trkpt lat="43.063425" lon="10.665268">
        <ele>36.1</ele>
      </trkpt>
      <trkpt lat="43.063824" lon="10.665614">
        <ele>36.4</ele>
      </trkpt>
      <trkpt lat="43.064261" lon="10.666158">
        <ele>36.8</ele>
      </trkpt>
      <trkpt lat="43.064359" lon="10.666274">
        <ele>36.8</ele>
      </trkpt>
      <trkpt lat="43.065207" lon="10.667277">
        <ele>36.9</ele>
      </trkpt>
      <trkpt lat="43.065963" lon="10.668016">
        <ele>37.1</ele>
      </trkpt>
      <trkpt lat="43.066099" lon="10.668186">
        <ele>37.2</ele>
      </trkpt>
      <trkpt lat="43.066427" lon="10.668586">
        <ele>37.5</ele>
      </trkpt>
      <trkpt lat="43.067995" lon="10.670628">
        <ele>38.5</ele>
      </trkpt>
      <trkpt lat="43.068896" lon="10.671896">
        <ele>39.3</ele>
      </trkpt>
      <trkpt lat="43.069017" lon="10.672028">
        <ele>39.4</ele>
      </trkpt>
      <trkpt lat="43.069462" lon="10.672316">
        <ele>39.8</ele>
      </trkpt>
      <trkpt lat="43.069965" lon="10.672525">
        <ele>40.3</ele>
      </trkpt>
      <trkpt lat="43.070195" lon="10.67266">
        <ele>40.6</ele>
      </trkpt>
      <trkpt lat="43.070412" lon="10.672849">
        <ele>40.9</ele>
      </trkpt>
      <trkpt lat="43.070754" lon="10.673207">
        <ele>41.5</ele>
      </trkpt>
      <trkpt lat="43.072418" lon="10.674976">
        <ele>45.8</ele>
      </trkpt>
      <trkpt lat="43.072637" lon="10.675192">
        <ele>46.5</ele>
      </trkpt>
      <trkpt lat="43.073414" lon="10.675796">
        <ele>49.9</ele>
      </trkpt>
      <trkpt lat="43.074048" lon="10.676113">
        <ele>52.6</ele>
      </trkpt>
      <trkpt lat="43.074498" lon="10.676666">
        <ele>55.2</ele>
      </trkpt>
      <trkpt lat="43.074741" lon="10.676874">
        <ele>56.5</ele>
      </trkpt>
      <trkpt lat="43.074913" lon="10.676983">
        <ele>57.4</ele>
      </trkpt>
      <trkpt lat="43.075316" lon="10.677159">
        <ele>59.4</ele>
      </trkpt>
      <trkpt lat="43.075817" lon="10.677317">
        <ele>61.7</ele>
      </trkpt>
      <trkpt lat="43.075943" lon="10.67742">
        <ele>62.4</ele>
      </trkpt>
      <trkpt lat="43.07605" lon="10.677554">
        <ele>63.5</ele>
      </trkpt>
      <trkpt lat="43.076482" lon="10.678134">
        <ele>67.7</ele>
      </trkpt>
      <trkpt lat="43.076648" lon="10.678324">
        <ele>69.2</ele>
      </trkpt>
      <trkpt lat="43.076855" lon="10.678501">
        <ele>70.9</ele>
      </trkpt>
      <trkpt lat="43.077055" lon="10.678653">
        <ele>72.5</ele>
      </trkpt>
      <trkpt lat="43.077154" lon="10.678674">
        <ele>73.2</ele>
      </trkpt>
      <trkpt lat="43.07786" lon="10.678612">
        <ele>78.8</ele>
      </trkpt>
      <trkpt lat="43.078014" lon="10.678625">
        <ele>90.0</ele>
      </trkpt>
      <trkpt lat="43.078057" lon="10.678625">
        <ele>90.6</ele>
      </trkpt>
      <trkpt lat="43.078229" lon="10.678625">
        <ele>93.3</ele>
      </trkpt>
      <trkpt lat="43.078229" lon="10.67871">
        <ele>93.2</ele>
      </trkpt>
      <trkpt lat="43.078206" lon="10.678925">
        <ele>92.6</ele>
      </trkpt>
      <trkpt lat="43.078206" lon="10.679054">
        <ele>92.5</ele>
      </trkpt>
      <trkpt lat="43.078164" lon="10.679419">
        <ele>91.2</ele>
      </trkpt>
      <trkpt lat="43.0781" lon="10.680234">
        <ele>88.6</ele>
      </trkpt>
      <trkpt lat="43.078078" lon="10.680426">
        <ele>87.0</ele>
      </trkpt>
      <trkpt lat="43.078078" lon="10.680534">
        <ele>86.5</ele>
      </trkpt>
      <trkpt lat="43.0781" lon="10.680577">
        <ele>86.8</ele>
      </trkpt>
      <trkpt lat="43.078164" lon="10.680641">
        <ele>88.0</ele>
      </trkpt>
      <trkpt lat="43.078335" lon="10.680727">
        <ele>91.4</ele>
      </trkpt>
      <trkpt lat="43.078464" lon="10.68077">
        <ele>93.9</ele>
      </trkpt>
      <trkpt lat="43.078571" lon="10.680834">
        <ele>95.7</ele>
      </trkpt>
      <trkpt lat="43.0787" lon="10.680985">
        <ele>97.0</ele>
      </trkpt>
      <trkpt lat="43.079129" lon="10.681349">
        <ele>92.5</ele>
      </trkpt>
      <trkpt lat="43.079215" lon="10.681371">
        <ele>92.4</ele>
      </trkpt>
      <trkpt lat="43.079472" lon="10.681371">
        <ele>93.3</ele>
      </trkpt>
      <trkpt lat="43.079601" lon="10.681349">
        <ele>94.1</ele>
      </trkpt>
      <trkpt lat="43.079816" lon="10.68122">
        <ele>94.4</ele>
      </trkpt>
      <trkpt lat="43.079923" lon="10.681114">
        <ele>94.9</ele>
      </trkpt>
      <trkpt lat="43.080031" lon="10.680985">
        <ele>95.1</ele>
      </trkpt>
      <trkpt lat="43.080095" lon="10.680877">
        <ele>95.3</ele>
      </trkpt>
      <trkpt lat="43.080181" lon="10.680705">
        <ele>95.9</ele>
      </trkpt>
      <trkpt lat="43.080246" lon="10.680469">
        <ele>97.3</ele>
      </trkpt>
      <trkpt lat="43.080266" lon="10.680234">
        <ele>99.4</ele>
      </trkpt>
      <trkpt lat="43.080289" lon="10.679825">
        <ele>99.8</ele>
      </trkpt>
      <trkpt lat="43.080289" lon="10.679696">
        <ele>99.8</ele>
      </trkpt>
      <trkpt lat="43.080266" lon="10.679439">
        <ele>100.1</ele>
      </trkpt>
      <trkpt lat="43.080246" lon="10.67914">
        <ele>101.6</ele>
      </trkpt>
      <trkpt lat="43.080246" lon="10.678817">
        <ele>103.6</ele>
      </trkpt>
      <trkpt lat="43.080203" lon="10.678817">
        <ele>103.9</ele>
      </trkpt>
      <trkpt lat="43.080074" lon="10.678796">
        <ele>105.0</ele>
      </trkpt>
      <trkpt lat="43.079624" lon="10.678731">
        <ele>108.3</ele>
      </trkpt>
      <trkpt lat="43.079409" lon="10.678688">
        <ele>107.0</ele>
      </trkpt>
      <trkpt lat="43.079344" lon="10.678668">
        <ele>106.4</ele>
      </trkpt>
      <trkpt lat="43.079086" lon="10.678496">
        <ele>103.8</ele>
      </trkpt>
      <trkpt lat="43.079" lon="10.678516">
        <ele>103.1</ele>
      </trkpt>
      <trkpt lat="43.078872" lon="10.678559">
        <ele>102.2</ele>
      </trkpt>
      <trkpt lat="43.078765" lon="10.678559">
        <ele>101.3</ele>
      </trkpt>
      <trkpt lat="43.078571" lon="10.678582">
        <ele>98.5</ele>
      </trkpt>
      <trkpt lat="43.078431" lon="10.678622">
        <ele>96.4</ele>
      </trkpt>
      <trkpt lat="43.078261" lon="10.678622">
        <ele>96.2</ele>
      </trkpt>
      <trkpt lat="43.07786" lon="10.678612">
        <ele>78.8</ele>
      </trkpt>
      <trkpt lat="43.077972" lon="10.678106">
        <ele>82.0</ele>
      </trkpt>
      <trkpt lat="43.077998" lon="10.678039">
        <ele>82.4</ele>
      </trkpt>
      <trkpt lat="43.078063" lon="10.677971">
        <ele>83.1</ele>
      </trkpt>
      <trkpt lat="43.078661" lon="10.677804">
        <ele>88.2</ele>
      </trkpt>
      <trkpt lat="43.078785" lon="10.677765">
        <ele>89.2</ele>
      </trkpt>
      <trkpt lat="43.079151" lon="10.677634">
        <ele>91.3</ele>
      </trkpt>
      <trkpt lat="43.079195" lon="10.677612">
        <ele>91.5</ele>
      </trkpt>
      <trkpt lat="43.079255" lon="10.677574">
        <ele>91.8</ele>
      </trkpt>
      <trkpt lat="43.079422" lon="10.677388">
        <ele>92.8</ele>
      </trkpt>
      <trkpt lat="43.079494" lon="10.677118">
        <ele>93.7</ele>
      </trkpt>
      <trkpt lat="43.079482" lon="10.676963">
        <ele>94.2</ele>
      </trkpt>
      <trkpt lat="43.079281" lon="10.676528">
        <ele>95.9</ele>
      </trkpt>
      <trkpt lat="43.079239" lon="10.676344">
        <ele>96.6</ele>
      </trkpt>
      <trkpt lat="43.079351" lon="10.675806">
        <ele>98.3</ele>
      </trkpt>
      <trkpt lat="43.079327" lon="10.67557">
        <ele>98.7</ele>
      </trkpt>
      <trkpt lat="43.0791" lon="10.675223">
        <ele>99.6</ele>
      </trkpt>
      <trkpt lat="43.079009" lon="10.675004">
        <ele>100.1</ele>
      </trkpt>
      <trkpt lat="43.078924" lon="10.674422">
        <ele>101.2</ele>
      </trkpt>
      <trkpt lat="43.078896" lon="10.674069">
        <ele>101.8</ele>
      </trkpt>
      <trkpt lat="43.078956" lon="10.673868">
        <ele>102.2</ele>
      </trkpt>
      <trkpt lat="43.079329" lon="10.673488">
        <ele>103.1</ele>
      </trkpt>
      <trkpt lat="43.07937" lon="10.673406">
        <ele>103.2</ele>
      </trkpt>
      <trkpt lat="43.07946" lon="10.673034">
        <ele>103.6</ele>
      </trkpt>
      <trkpt lat="43.079469" lon="10.672722">
        <ele>104.0</ele>
      </trkpt>
      <trkpt lat="43.079383" lon="10.672489">
        <ele>104.3</ele>
      </trkpt>
      <trkpt lat="43.078884" lon="10.671894">
        <ele>105.3</ele>
      </trkpt>
      <trkpt lat="43.078803" lon="10.671743">
        <ele>105.7</ele>
      </trkpt>
      <trkpt lat="43.078776" lon="10.671639">
        <ele>106.0</ele>
      </trkpt>
      <trkpt lat="43.078766" lon="10.671293">
        <ele>107.0</ele>
      </trkpt>
      <trkpt lat="43.078843" lon="10.671022">
        <ele>107.9</ele>
      </trkpt>
      <trkpt lat="43.079016" lon="10.670734">
        <ele>109.1</ele>
      </trkpt>
      <trkpt lat="43.079198" lon="10.670531">
        <ele>110.0</ele>
      </trkpt>
      <trkpt lat="43.079339" lon="10.670447">
        <ele>110.7</ele>
      </trkpt>
      <trkpt lat="43.079824" lon="10.670302">
        <ele>112.7</ele>
      </trkpt>
      <trkpt lat="43.080164" lon="10.670305">
        <ele>114.1</ele>
      </trkpt>
      <trkpt lat="43.080244" lon="10.670254">
        <ele>114.5</ele>
      </trkpt>
      <trkpt lat="43.080314" lon="10.670133">
        <ele>115.0</ele>
      </trkpt>
      <trkpt lat="43.080439" lon="10.669798">
        <ele>116.1</ele>
      </trkpt>
      <trkpt lat="43.080446" lon="10.66964">
        <ele>116.6</ele>
      </trkpt>
      <trkpt lat="43.08042" lon="10.669568">
        <ele>116.8</ele>
      </trkpt>
      <trkpt lat="43.080348" lon="10.669467">
        <ele>117.2</ele>
      </trkpt>
      <trkpt lat="43.079908" lon="10.669079">
        <ele>119.4</ele>
      </trkpt>
      <trkpt lat="43.079854" lon="10.669007">
        <ele>119.7</ele>
      </trkpt>
      <trkpt lat="43.079802" lon="10.668877">
        <ele>120.2</ele>
      </trkpt>
      <trkpt lat="43.079816" lon="10.668677">
        <ele>120.9</ele>
      </trkpt>
      <trkpt lat="43.079984" lon="10.668432">
        <ele>122.2</ele>
      </trkpt>
      <trkpt lat="43.080521" lon="10.668028">
        <ele>125.5</ele>
      </trkpt>
      <trkpt lat="43.080731" lon="10.668">
        <ele>126.7</ele>
      </trkpt>
      <trkpt lat="43.081268" lon="10.668055">
        <ele>129.6</ele>
      </trkpt>
      <trkpt lat="43.081599" lon="10.667908">
        <ele>131.4</ele>
      </trkpt>
      <trkpt lat="43.081711" lon="10.667779">
        <ele>132.1</ele>
      </trkpt>
      <trkpt lat="43.081811" lon="10.667437">
        <ele>133.5</ele>
      </trkpt>
      <trkpt lat="43.081861" lon="10.66735">
        <ele>133.9</ele>
      </trkpt>
      <trkpt lat="43.082004" lon="10.667271">
        <ele>134.7</ele>
      </trkpt>
      <trkpt lat="43.08252" lon="10.667166">
        <ele>137.4</ele>
      </trkpt>
      <trkpt lat="43.082945" lon="10.66685">
        <ele>140.1</ele>
      </trkpt>
      <trkpt lat="43.083095" lon="10.666775">
        <ele>141.2</ele>
      </trkpt>
      <trkpt lat="43.083194" lon="10.666749">
        <ele>141.9</ele>
      </trkpt>
      <trkpt lat="43.083301" lon="10.666763">
        <ele>142.6</ele>
      </trkpt>
      <trkpt lat="43.083436" lon="10.666867">
        <ele>143.7</ele>
      </trkpt>
      <trkpt lat="43.083473" lon="10.666952">
        <ele>144.2</ele>
      </trkpt>
      <trkpt lat="43.083575" lon="10.667557">
        <ele>147.2</ele>
      </trkpt>
      <trkpt lat="43.083609" lon="10.667671">
        <ele>147.9</ele>
      </trkpt>
      <trkpt lat="43.083676" lon="10.667796">
        <ele>148.6</ele>
      </trkpt>
      <trkpt lat="43.083768" lon="10.667867">
        <ele>149.3</ele>
      </trkpt>
      <trkpt lat="43.084015" lon="10.667887">
        <ele>151.0</ele>
      </trkpt>
      <trkpt lat="43.084128" lon="10.667929">
        <ele>151.6</ele>
      </trkpt>
      <trkpt lat="43.084461" lon="10.668185">
        <ele>152.3</ele>
      </trkpt>
      <trkpt lat="43.084552" lon="10.668216">
        <ele>152.5</ele>
      </trkpt>
      <trkpt lat="43.08468" lon="10.668192">
        <ele>152.8</ele>
      </trkpt>
      <trkpt lat="43.084769" lon="10.66807">
        <ele>153.1</ele>
      </trkpt>
      <trkpt lat="43.084794" lon="10.667797">
        <ele>153.5</ele>
      </trkpt>
      <trkpt lat="43.084743" lon="10.66726">
        <ele>154.3</ele>
      </trkpt>
      <trkpt lat="43.084786" lon="10.667117">
        <ele>154.5</ele>
      </trkpt>
      <trkpt lat="43.084863" lon="10.66706">
        <ele>154.7</ele>
      </trkpt>
      <trkpt lat="43.084996" lon="10.667056">
        <ele>155.0</ele>
      </trkpt>
      <trkpt lat="43.085123" lon="10.667136">
        <ele>155.4</ele>
      </trkpt>
      <trkpt lat="43.085444" lon="10.667595">
        <ele>157.3</ele>
      </trkpt>
      <trkpt lat="43.085579" lon="10.6677">
        <ele>158.0</ele>
      </trkpt>
      <trkpt lat="43.085696" lon="10.667741">
        <ele>158.5</ele>
      </trkpt>
      <trkpt lat="43.085753" lon="10.667739">
        <ele>158.7</ele>
      </trkpt>
      <trkpt lat="43.085821" lon="10.667635">
        <ele>159.2</ele>
      </trkpt>
      <trkpt lat="43.085867" lon="10.667242">
        <ele>160.4</ele>
      </trkpt>
      <trkpt lat="43.085913" lon="10.66712">
        <ele>160.8</ele>
      </trkpt>
      <trkpt lat="43.085985" lon="10.667035">
        <ele>161.2</ele>
      </trkpt>
      <trkpt lat="43.086095" lon="10.666988">
        <ele>161.7</ele>
      </trkpt>
      <trkpt lat="43.086216" lon="10.666984">
        <ele>162.2</ele>
      </trkpt>
      <trkpt lat="43.086346" lon="10.667036">
        <ele>162.7</ele>
      </trkpt>
      <trkpt lat="43.086765" lon="10.667282">
        <ele>164.0</ele>
      </trkpt>
      <trkpt lat="43.087002" lon="10.667459">
        <ele>164.7</ele>
      </trkpt>
      <trkpt lat="43.087076" lon="10.667469">
        <ele>164.9</ele>
      </trkpt>
      <trkpt lat="43.08721" lon="10.667261">
        <ele>165.5</ele>
      </trkpt>
      <trkpt lat="43.087294" lon="10.66719">
        <ele>165.7</ele>
      </trkpt>
      <trkpt lat="43.087501" lon="10.667105">
        <ele>166.3</ele>
      </trkpt>
      <trkpt lat="43.087534" lon="10.667077">
        <ele>166.4</ele>
      </trkpt>
      <trkpt lat="43.087563" lon="10.666984">
        <ele>166.6</ele>
      </trkpt>
      <trkpt lat="43.087547" lon="10.666897">
        <ele>166.8</ele>
      </trkpt>
      <trkpt lat="43.087161" lon="10.666459">
        <ele>168.2</ele>
      </trkpt>
      <trkpt lat="43.087036" lon="10.666247">
        <ele>168.7</ele>
      </trkpt>
      <trkpt lat="43.086905" lon="10.665883">
        <ele>169.6</ele>
      </trkpt>
      <trkpt lat="43.0869" lon="10.665741">
        <ele>169.9</ele>
      </trkpt>
      <trkpt lat="43.086936" lon="10.665627">
        <ele>170.1</ele>
      </trkpt>
      <trkpt lat="43.087008" lon="10.665549">
        <ele>170.4</ele>
      </trkpt>
      <trkpt lat="43.087525" lon="10.665426">
        <ele>171.9</ele>
      </trkpt>
      <trkpt lat="43.087941" lon="10.665498">
        <ele>173.0</ele>
      </trkpt>
      <trkpt lat="43.087997" lon="10.665487">
        <ele>173.2</ele>
      </trkpt>
      <trkpt lat="43.088042" lon="10.665411">
        <ele>173.3</ele>
      </trkpt>
      <trkpt lat="43.088058" lon="10.665238">
        <ele>173.7</ele>
      </trkpt>
      <trkpt lat="43.087989" lon="10.66478">
        <ele>174.6</ele>
      </trkpt>
      <trkpt lat="43.08795" lon="10.664676">
        <ele>174.8</ele>
      </trkpt>
      <trkpt lat="43.087857" lon="10.664575">
        <ele>175.1</ele>
      </trkpt>
      <trkpt lat="43.087537" lon="10.66432">
        <ele>176.1</ele>
      </trkpt>
      <trkpt lat="43.087451" lon="10.664146">
        <ele>176.5</ele>
      </trkpt>
      <trkpt lat="43.087451" lon="10.664048">
        <ele>176.7</ele>
      </trkpt>
      <trkpt lat="43.0876" lon="10.663569">
        <ele>178.1</ele>
      </trkpt>
      <trkpt lat="43.087686" lon="10.66341">
        <ele>178.8</ele>
      </trkpt>
      <trkpt lat="43.087764" lon="10.663366">
        <ele>179.3</ele>
      </trkpt>
      <trkpt lat="43.088373" lon="10.663667">
        <ele>182.6</ele>
      </trkpt>
      <trkpt lat="43.088571" lon="10.663683">
        <ele>183.7</ele>
      </trkpt>
      <trkpt lat="43.088784" lon="10.663643">
        <ele>184.8</ele>
      </trkpt>
      <trkpt lat="43.088853" lon="10.663672">
        <ele>185.2</ele>
      </trkpt>
      <trkpt lat="43.08892" lon="10.663714">
        <ele>185.6</ele>
      </trkpt>
      <trkpt lat="43.089006" lon="10.663834">
        <ele>186.2</ele>
      </trkpt>
      <trkpt lat="43.089355" lon="10.664474">
        <ele>188.6</ele>
      </trkpt>
      <trkpt lat="43.089474" lon="10.664625">
        <ele>189.2</ele>
      </trkpt>
      <trkpt lat="43.08952" lon="10.664632">
        <ele>189.4</ele>
      </trkpt>
      <trkpt lat="43.089701" lon="10.664475">
        <ele>190.2</ele>
      </trkpt>
      <trkpt lat="43.089768" lon="10.664461">
        <ele>190.5</ele>
      </trkpt>
      <trkpt lat="43.089845" lon="10.664489">
        <ele>190.8</ele>
      </trkpt>
      <trkpt lat="43.09023" lon="10.664803">
        <ele>192.5</ele>
      </trkpt>
      <trkpt lat="43.090319" lon="10.664826">
        <ele>192.8</ele>
      </trkpt>
      <trkpt lat="43.090385" lon="10.66478">
        <ele>193.1</ele>
      </trkpt>
      <trkpt lat="43.090426" lon="10.664697">
        <ele>193.4</ele>
      </trkpt>
      <trkpt lat="43.090434" lon="10.664562">
        <ele>193.7</ele>
      </trkpt>
      <trkpt lat="43.090342" lon="10.664246">
        <ele>194.3</ele>
      </trkpt>
      <trkpt lat="43.090316" lon="10.664042">
        <ele>194.6</ele>
      </trkpt>
      <trkpt lat="43.090543" lon="10.663526">
        <ele>195.5</ele>
      </trkpt>
      <trkpt lat="43.090688" lon="10.663359">
        <ele>196.0</ele>
      </trkpt>
      <trkpt lat="43.090798" lon="10.663369">
        <ele>196.2</ele>
      </trkpt>
      <trkpt lat="43.091554" lon="10.663896">
        <ele>198.1</ele>
      </trkpt>
      <trkpt lat="43.091683" lon="10.664017">
        <ele>198.5</ele>
      </trkpt>
      <trkpt lat="43.091954" lon="10.664489">
        <ele>199.5</ele>
      </trkpt>
      <trkpt lat="43.092013" lon="10.664536">
        <ele>199.7</ele>
      </trkpt>
      <trkpt lat="43.092083" lon="10.664549">
        <ele>199.8</ele>
      </trkpt>
      <trkpt lat="43.092141" lon="10.664507">
        <ele>200.0</ele>
      </trkpt>
      <trkpt lat="43.092187" lon="10.6644">
        <ele>200.2</ele>
      </trkpt>
      <trkpt lat="43.092209" lon="10.664218">
        <ele>200.5</ele>
      </trkpt>
      <trkpt lat="43.092184" lon="10.663593">
        <ele>201.6</ele>
      </trkpt>
      <trkpt lat="43.092193" lon="10.663483">
        <ele>201.8</ele>
      </trkpt>
      <trkpt lat="43.092226" lon="10.663398">
        <ele>201.9</ele>
      </trkpt>
      <trkpt lat="43.092298" lon="10.663331">
        <ele>202.0</ele>
      </trkpt>
      <trkpt lat="43.092414" lon="10.663307">
        <ele>202.0</ele>
      </trkpt>
      <trkpt lat="43.092846" lon="10.663327">
        <ele>202.3</ele>
      </trkpt>
      <trkpt lat="43.092923" lon="10.663256">
        <ele>202.4</ele>
      </trkpt>
      <trkpt lat="43.092957" lon="10.663139">
        <ele>202.4</ele>
      </trkpt>
      <trkpt lat="43.092833" lon="10.662645">
        <ele>202.7</ele>
      </trkpt>
      <trkpt lat="43.092817" lon="10.662491">
        <ele>202.8</ele>
      </trkpt>
      <trkpt lat="43.092842" lon="10.662364">
        <ele>202.8</ele>
      </trkpt>
      <trkpt lat="43.092917" lon="10.662263">
        <ele>202.9</ele>
      </trkpt>
      <trkpt lat="43.093014" lon="10.662214">
        <ele>203.0</ele>
      </trkpt>
      <trkpt lat="43.093771" lon="10.661901">
        <ele>202.7</ele>
      </trkpt>
      <trkpt lat="43.093983" lon="10.661806">
        <ele>202.6</ele>
      </trkpt>
      <trkpt lat="43.094433" lon="10.661632">
        <ele>202.4</ele>
      </trkpt>
      <trkpt lat="43.094767" lon="10.661624">
        <ele>202.3</ele>
      </trkpt>
      <trkpt lat="43.094845" lon="10.661565">
        <ele>202.2</ele>
      </trkpt>
      <trkpt lat="43.094889" lon="10.661461">
        <ele>202.1</ele>
      </trkpt>
      <trkpt lat="43.094905" lon="10.661326">
        <ele>202.0</ele>
      </trkpt>
      <trkpt lat="43.094887" lon="10.661212">
        <ele>201.9</ele>
      </trkpt>
      <trkpt lat="43.094504" lon="10.660652">
        <ele>201.2</ele>
      </trkpt>
      <trkpt lat="43.094467" lon="10.660507">
        <ele>201.1</ele>
      </trkpt>
      <trkpt lat="43.094493" lon="10.660307">
        <ele>200.9</ele>
      </trkpt>
      <trkpt lat="43.094529" lon="10.660203">
        <ele>200.8</ele>
      </trkpt>
      <trkpt lat="43.094576" lon="10.660119">
        <ele>200.7</ele>
      </trkpt>
      <trkpt lat="43.094745" lon="10.660086">
        <ele>200.5</ele>
      </trkpt>
      <trkpt lat="43.094862" lon="10.660161">
        <ele>200.3</ele>
      </trkpt>
      <trkpt lat="43.095003" lon="10.660309">
        <ele>200.1</ele>
      </trkpt>
      <trkpt lat="43.095162" lon="10.660365">
        <ele>200.1</ele>
      </trkpt>
      <trkpt lat="43.095293" lon="10.660373">
        <ele>200.3</ele>
      </trkpt>
      <trkpt lat="43.095501" lon="10.660272">
        <ele>200.7</ele>
      </trkpt>
      <trkpt lat="43.095604" lon="10.66017">
        <ele>200.9</ele>
      </trkpt>
      <trkpt lat="43.09565" lon="10.660044">
        <ele>201.0</ele>
      </trkpt>
      <trkpt lat="43.095644" lon="10.659745">
        <ele>201.4</ele>
      </trkpt>
      <trkpt lat="43.095506" lon="10.659178">
        <ele>202.1</ele>
      </trkpt>
      <trkpt lat="43.095506" lon="10.659009">
        <ele>202.3</ele>
      </trkpt>
      <trkpt lat="43.095547" lon="10.658911">
        <ele>202.4</ele>
      </trkpt>
      <trkpt lat="43.095619" lon="10.65883">
        <ele>202.6</ele>
      </trkpt>
      <trkpt lat="43.095707" lon="10.658805">
        <ele>202.7</ele>
      </trkpt>
      <trkpt lat="43.095803" lon="10.658839">
        <ele>202.9</ele>
      </trkpt>
      <trkpt lat="43.096152" lon="10.659164">
        <ele>202.9</ele>
      </trkpt>
      <trkpt lat="43.096234" lon="10.659194">
        <ele>202.9</ele>
      </trkpt>
      <trkpt lat="43.096322" lon="10.659171">
        <ele>202.9</ele>
      </trkpt>
      <trkpt lat="43.096385" lon="10.659094">
        <ele>202.9</ele>
      </trkpt>
      <trkpt lat="43.096498" lon="10.65849">
        <ele>202.8</ele>
      </trkpt>
      <trkpt lat="43.096601" lon="10.658317">
        <ele>202.8</ele>
      </trkpt>
      <trkpt lat="43.09693" lon="10.658079">
        <ele>202.8</ele>
      </trkpt>
      <trkpt lat="43.097048" lon="10.658031">
        <ele>202.8</ele>
      </trkpt>
      <trkpt lat="43.097201" lon="10.658065">
        <ele>203.3</ele>
      </trkpt>
      <trkpt lat="43.09727" lon="10.658165">
        <ele>203.7</ele>
      </trkpt>
      <trkpt lat="43.097458" lon="10.658954">
        <ele>205.8</ele>
      </trkpt>
      <trkpt lat="43.097503" lon="10.659041">
        <ele>206.1</ele>
      </trkpt>
      <trkpt lat="43.097582" lon="10.659127">
        <ele>206.5</ele>
      </trkpt>
      <trkpt lat="43.097687" lon="10.659165">
        <ele>206.8</ele>
      </trkpt>
      <trkpt lat="43.097795" lon="10.659146">
        <ele>207.2</ele>
      </trkpt>
      <trkpt lat="43.098025" lon="10.659041">
        <ele>208.1</ele>
      </trkpt>
      <trkpt lat="43.098108" lon="10.658981">
        <ele>208.4</ele>
      </trkpt>
      <trkpt lat="43.098201" lon="10.658854">
        <ele>208.9</ele>
      </trkpt>
      <trkpt lat="43.098368" lon="10.658522">
        <ele>210.3</ele>
      </trkpt>
      <trkpt lat="43.098512" lon="10.658131">
        <ele>212.1</ele>
      </trkpt>
      <trkpt lat="43.098565" lon="10.65789">
        <ele>213.1</ele>
      </trkpt>
      <trkpt lat="43.098539" lon="10.657174">
        <ele>216.0</ele>
      </trkpt>
      <trkpt lat="43.098551" lon="10.657016">
        <ele>216.7</ele>
      </trkpt>
      <trkpt lat="43.098597" lon="10.656935">
        <ele>217.1</ele>
      </trkpt>
      <trkpt lat="43.098656" lon="10.656923">
        <ele>217.4</ele>
      </trkpt>
      <trkpt lat="43.09871" lon="10.65695">
        <ele>217.7</ele>
      </trkpt>
      <trkpt lat="43.098826" lon="10.657111">
        <ele>218.6</ele>
      </trkpt>
      <trkpt lat="43.099117" lon="10.657383">
        <ele>219.7</ele>
      </trkpt>
      <trkpt lat="43.099533" lon="10.65822">
        <ele>221.2</ele>
      </trkpt>
      <trkpt lat="43.099628" lon="10.658289">
        <ele>221.4</ele>
      </trkpt>
      <trkpt lat="43.099701" lon="10.658277">
        <ele>221.5</ele>
      </trkpt>
      <trkpt lat="43.099843" lon="10.658134">
        <ele>221.9</ele>
      </trkpt>
      <trkpt lat="43.099895" lon="10.658049">
        <ele>222.1</ele>
      </trkpt>
      <trkpt lat="43.100056" lon="10.657622">
        <ele>222.8</ele>
      </trkpt>
      <trkpt lat="43.100092" lon="10.657344">
        <ele>224.5</ele>
      </trkpt>
      <trkpt lat="43.100094" lon="10.656898">
        <ele>227.2</ele>
      </trkpt>
      <trkpt lat="43.100134" lon="10.656513">
        <ele>229.6</ele>
      </trkpt>
      <trkpt lat="43.100189" lon="10.656392">
        <ele>230.5</ele>
      </trkpt>
      <trkpt lat="43.100496" lon="10.656299">
        <ele>233.1</ele>
      </trkpt>
      <trkpt lat="43.100563" lon="10.656174">
        <ele>234.1</ele>
      </trkpt>
      <trkpt lat="43.100673" lon="10.655727">
        <ele>237.0</ele>
      </trkpt>
      <trkpt lat="43.100648" lon="10.655297">
        <ele>239.4</ele>
      </trkpt>
      <trkpt lat="43.100655" lon="10.655014">
        <ele>241.0</ele>
      </trkpt>
      <trkpt lat="43.100712" lon="10.654928">
        <ele>241.6</ele>
      </trkpt>
      <trkpt lat="43.100908" lon="10.654858">
        <ele>243.2</ele>
      </trkpt>
      <trkpt lat="43.100975" lon="10.654801">
        <ele>243.8</ele>
      </trkpt>
      <trkpt lat="43.101011" lon="10.654717">
        <ele>244.3</ele>
      </trkpt>
      <trkpt lat="43.101022" lon="10.654609">
        <ele>244.9</ele>
      </trkpt>
      <trkpt lat="43.100919" lon="10.654092">
        <ele>247.9</ele>
      </trkpt>
      <trkpt lat="43.100951" lon="10.653923">
        <ele>248.8</ele>
      </trkpt>
      <trkpt lat="43.101016" lon="10.653788">
        <ele>249.8</ele>
      </trkpt>
      <trkpt lat="43.101152" lon="10.653688">
        <ele>250.9</ele>
      </trkpt>
      <trkpt lat="43.1012" lon="10.653598">
        <ele>251.5</ele>
      </trkpt>
      <trkpt lat="43.101215" lon="10.653461">
        <ele>251.8</ele>
      </trkpt>
      <trkpt lat="43.10116" lon="10.653184">
        <ele>252.6</ele>
      </trkpt>
      <trkpt lat="43.101172" lon="10.653058">
        <ele>252.9</ele>
      </trkpt>
      <trkpt lat="43.101231" lon="10.652963">
        <ele>253.2</ele>
      </trkpt>
      <trkpt lat="43.101402" lon="10.652822">
        <ele>253.9</ele>
      </trkpt>
      <trkpt lat="43.101489" lon="10.652642">
        <ele>254.4</ele>
      </trkpt>
      <trkpt lat="43.101473" lon="10.652401">
        <ele>255.0</ele>
      </trkpt>
      <trkpt lat="43.101408" lon="10.652198">
        <ele>255.6</ele>
      </trkpt>
      <trkpt lat="43.101388" lon="10.652027">
        <ele>256.0</ele>
      </trkpt>
      <trkpt lat="43.101393" lon="10.651874">
        <ele>256.4</ele>
      </trkpt>
      <trkpt lat="43.101441" lon="10.651773">
        <ele>256.7</ele>
      </trkpt>
      <trkpt lat="43.101513" lon="10.651696">
        <ele>257.0</ele>
      </trkpt>
      <trkpt lat="43.101822" lon="10.651709">
        <ele>258.1</ele>
      </trkpt>
      <trkpt lat="43.101906" lon="10.65169">
        <ele>258.4</ele>
      </trkpt>
      <trkpt lat="43.101975" lon="10.65163">
        <ele>258.6</ele>
      </trkpt>
      <trkpt lat="43.102081" lon="10.651419">
        <ele>259.3</ele>
      </trkpt>
      <trkpt lat="43.102167" lon="10.651186">
        <ele>259.9</ele>
      </trkpt>
      <trkpt lat="43.102234" lon="10.65081">
        <ele>260.9</ele>
      </trkpt>
      <trkpt lat="43.102346" lon="10.650699">
        <ele>261.4</ele>
      </trkpt>
      <trkpt lat="43.102492" lon="10.650699">
        <ele>261.9</ele>
      </trkpt>
      <trkpt lat="43.102622" lon="10.650625">
        <ele>262.3</ele>
      </trkpt>
      <trkpt lat="43.102796" lon="10.650311">
        <ele>263.3</ele>
      </trkpt>
      <trkpt lat="43.102884" lon="10.650052">
        <ele>264.1</ele>
      </trkpt>
      <trkpt lat="43.102883" lon="10.649739">
        <ele>265.2</ele>
      </trkpt>
      <trkpt lat="43.102922" lon="10.649654">
        <ele>265.5</ele>
      </trkpt>
      <trkpt lat="43.102978" lon="10.649604">
        <ele>265.8</ele>
      </trkpt>
      <trkpt lat="43.103211" lon="10.649548">
        <ele>266.9</ele>
      </trkpt>
      <trkpt lat="43.103507" lon="10.649045">
        <ele>269.0</ele>
      </trkpt>
      <trkpt lat="43.103611" lon="10.648815">
        <ele>269.9</ele>
      </trkpt>
      <trkpt lat="43.103675" lon="10.648591">
        <ele>270.7</ele>
      </trkpt>
      <trkpt lat="43.103705" lon="10.648418">
        <ele>271.3</ele>
      </trkpt>
      <trkpt lat="43.103703" lon="10.648186">
        <ele>272.0</ele>
      </trkpt>
      <trkpt lat="43.103747" lon="10.648069">
        <ele>272.3</ele>
      </trkpt>
      <trkpt lat="43.1038" lon="10.648041">
        <ele>272.5</ele>
      </trkpt>
      <trkpt lat="43.104022" lon="10.648068">
        <ele>273.1</ele>
      </trkpt>
      <trkpt lat="43.104225" lon="10.64797">
        <ele>273.7</ele>
      </trkpt>
      <trkpt lat="43.104856" lon="10.647289">
        <ele>276.1</ele>
      </trkpt>
      <trkpt lat="43.105014" lon="10.647152">
        <ele>276.6</ele>
      </trkpt>
      <trkpt lat="43.105289" lon="10.647012">
        <ele>276.7</ele>
      </trkpt>
      <trkpt lat="43.105557" lon="10.646865">
        <ele>275.1</ele>
      </trkpt>
      <trkpt lat="43.105643" lon="10.646831">
        <ele>274.6</ele>
      </trkpt>
      <trkpt lat="43.105693" lon="10.646854">
        <ele>274.3</ele>
      </trkpt>
      <trkpt lat="43.105732" lon="10.646925">
        <ele>273.9</ele>
      </trkpt>
      <trkpt lat="43.105715" lon="10.647108">
        <ele>273.2</ele>
      </trkpt>
      <trkpt lat="43.105661" lon="10.647205">
        <ele>272.7</ele>
      </trkpt>
      <trkpt lat="43.104991" lon="10.648024">
        <ele>267.8</ele>
      </trkpt>
      <trkpt lat="43.104901" lon="10.648184">
        <ele>267.2</ele>
      </trkpt>
      <trkpt lat="43.104678" lon="10.649028">
        <ele>266.1</ele>
      </trkpt>
      <trkpt lat="43.104681" lon="10.649276">
        <ele>265.8</ele>
      </trkpt>
      <trkpt lat="43.104751" lon="10.649576">
        <ele>265.4</ele>
      </trkpt>
      <trkpt lat="43.104931" lon="10.65014">
        <ele>264.7</ele>
      </trkpt>
      <trkpt lat="43.104937" lon="10.650213">
        <ele>264.6</ele>
      </trkpt>
      <trkpt lat="43.104896" lon="10.650283">
        <ele>264.5</ele>
      </trkpt>
      <trkpt lat="43.104825" lon="10.650313">
        <ele>264.4</ele>
      </trkpt>
      <trkpt lat="43.104491" lon="10.65035">
        <ele>265.0</ele>
      </trkpt>
      <trkpt lat="43.104416" lon="10.650413">
        <ele>265.3</ele>
      </trkpt>
      <trkpt lat="43.104344" lon="10.650515">
        <ele>265.5</ele>
      </trkpt>
      <trkpt lat="43.104181" lon="10.650866">
        <ele>266.2</ele>
      </trkpt>
      <trkpt lat="43.104153" lon="10.651189">
        <ele>266.8</ele>
      </trkpt>
      <trkpt lat="43.104161" lon="10.651471">
        <ele>267.3</ele>
      </trkpt>
      <trkpt lat="43.104222" lon="10.652099">
        <ele>268.4</ele>
      </trkpt>
      <trkpt lat="43.10446" lon="10.653101">
        <ele>273.6</ele>
      </trkpt>
      <trkpt lat="43.104513" lon="10.653177">
        <ele>274.2</ele>
      </trkpt>
      <trkpt lat="43.104618" lon="10.65323">
        <ele>275.0</ele>
      </trkpt>
      <trkpt lat="43.104695" lon="10.653216">
        <ele>275.6</ele>
      </trkpt>
      <trkpt lat="43.10479" lon="10.653143">
        <ele>276.4</ele>
      </trkpt>
      <trkpt lat="43.104885" lon="10.652944">
        <ele>277.7</ele>
      </trkpt>
      <trkpt lat="43.104913" lon="10.652787">
        <ele>278.5</ele>
      </trkpt>
      <trkpt lat="43.104894" lon="10.652424">
        <ele>280.5</ele>
      </trkpt>
      <trkpt lat="43.104924" lon="10.652224">
        <ele>281.6</ele>
      </trkpt>
      <trkpt lat="43.105" lon="10.652065">
        <ele>282.7</ele>
      </trkpt>
      <trkpt lat="43.105303" lon="10.651926">
        <ele>285.2</ele>
      </trkpt>
      <trkpt lat="43.105531" lon="10.651717">
        <ele>287.3</ele>
      </trkpt>
      <trkpt lat="43.105871" lon="10.651578">
        <ele>290.1</ele>
      </trkpt>
      <trkpt lat="43.105981" lon="10.651457">
        <ele>291.2</ele>
      </trkpt>
      <trkpt lat="43.106136" lon="10.651207">
        <ele>293.1</ele>
      </trkpt>
      <trkpt lat="43.106348" lon="10.650363">
        <ele>296.0</ele>
      </trkpt>
      <trkpt lat="43.106407" lon="10.650315">
        <ele>296.0</ele>
      </trkpt>
      <trkpt lat="43.106464" lon="10.65031">
        <ele>296.0</ele>
      </trkpt>
      <trkpt lat="43.10658" lon="10.650416">
        <ele>296.1</ele>
      </trkpt>
      <trkpt lat="43.106713" lon="10.650981">
        <ele>296.2</ele>
      </trkpt>
      <trkpt lat="43.106809" lon="10.651105">
        <ele>296.2</ele>
      </trkpt>
      <trkpt lat="43.10692" lon="10.65116">
        <ele>296.3</ele>
      </trkpt>
      <trkpt lat="43.10735" lon="10.651261">
        <ele>296.4</ele>
      </trkpt>
      <trkpt lat="43.107975" lon="10.65163">
        <ele>298.4</ele>
      </trkpt>
      <trkpt lat="43.108083" lon="10.651646">
        <ele>298.8</ele>
      </trkpt>
      <trkpt lat="43.108165" lon="10.651644">
        <ele>299.1</ele>
      </trkpt>
      <trkpt lat="43.108433" lon="10.651448">
        <ele>300.2</ele>
      </trkpt>
      <trkpt lat="43.108517" lon="10.651445">
        <ele>300.5</ele>
      </trkpt>
      <trkpt lat="43.108899" lon="10.651577">
        <ele>301.9</ele>
      </trkpt>
      <trkpt lat="43.109015" lon="10.65159">
        <ele>302.3</ele>
      </trkpt>
      <trkpt lat="43.109069" lon="10.651588">
        <ele>302.5</ele>
      </trkpt>
      <trkpt lat="43.109229" lon="10.65149">
        <ele>302.8</ele>
      </trkpt>
      <trkpt lat="43.109363" lon="10.651246">
        <ele>302.7</ele>
      </trkpt>
      <trkpt lat="43.109528" lon="10.650596">
        <ele>302.4</ele>
      </trkpt>
      <trkpt lat="43.10956" lon="10.650543">
        <ele>302.4</ele>
      </trkpt>
      <trkpt lat="43.1096" lon="10.650537">
        <ele>302.3</ele>
      </trkpt>
      <trkpt lat="43.109674" lon="10.650612">
        <ele>302.3</ele>
      </trkpt>
      <trkpt lat="43.109732" lon="10.650919">
        <ele>302.1</ele>
      </trkpt>
      <trkpt lat="43.109795" lon="10.651044">
        <ele>302.1</ele>
      </trkpt>
      <trkpt lat="43.109841" lon="10.651082">
        <ele>302.0</ele>
      </trkpt>
      <trkpt lat="43.110172" lon="10.651177">
        <ele>301.8</ele>
      </trkpt>
      <trkpt lat="43.110279" lon="10.65126">
        <ele>301.5</ele>
      </trkpt>
      <trkpt lat="43.110305" lon="10.651362">
        <ele>301.1</ele>
      </trkpt>
      <trkpt lat="43.11029" lon="10.651433">
        <ele>300.8</ele>
      </trkpt>
      <trkpt lat="43.110169" lon="10.651649">
        <ele>299.6</ele>
      </trkpt>
      <trkpt lat="43.110144" lon="10.651749">
        <ele>299.2</ele>
      </trkpt>
      <trkpt lat="43.110161" lon="10.651849">
        <ele>298.8</ele>
      </trkpt>
      <trkpt lat="43.110327" lon="10.652228">
        <ele>296.9</ele>
      </trkpt>
      <trkpt lat="43.110362" lon="10.65237">
        <ele>296.3</ele>
      </trkpt>
      <trkpt lat="43.110429" lon="10.652818">
        <ele>294.3</ele>
      </trkpt>
      <trkpt lat="43.110413" lon="10.652899">
        <ele>294.0</ele>
      </trkpt>
      <trkpt lat="43.110334" lon="10.653001">
        <ele>293.4</ele>
      </trkpt>
      <trkpt lat="43.109873" lon="10.652997">
        <ele>291.1</ele>
      </trkpt>
      <trkpt lat="43.109599" lon="10.653038">
        <ele>290.3</ele>
      </trkpt>
      <trkpt lat="43.109374" lon="10.653276">
        <ele>289.6</ele>
      </trkpt>
      <trkpt lat="43.109082" lon="10.653437">
        <ele>288.7</ele>
      </trkpt>
      <trkpt lat="43.108992" lon="10.653518">
        <ele>288.4</ele>
      </trkpt>
      <trkpt lat="43.108853" lon="10.653823">
        <ele>287.7</ele>
      </trkpt>
      <trkpt lat="43.108765" lon="10.653968">
        <ele>287.3</ele>
      </trkpt>
      <trkpt lat="43.108695" lon="10.654032">
        <ele>287.1</ele>
      </trkpt>
      <trkpt lat="43.108622" lon="10.654061">
        <ele>286.9</ele>
      </trkpt>
      <trkpt lat="43.108493" lon="10.654045">
        <ele>286.5</ele>
      </trkpt>
      <trkpt lat="43.108315" lon="10.653978">
        <ele>286.2</ele>
      </trkpt>
      <trkpt lat="43.108243" lon="10.654034">
        <ele>286.1</ele>
      </trkpt>
      <trkpt lat="43.1082" lon="10.654106">
        <ele>286.0</ele>
      </trkpt>
      <trkpt lat="43.108074" lon="10.654608">
        <ele>285.4</ele>
      </trkpt>
      <trkpt lat="43.107961" lon="10.654802">
        <ele>285.1</ele>
      </trkpt>
      <trkpt lat="43.10789" lon="10.654987">
        <ele>284.9</ele>
      </trkpt>
      <trkpt lat="43.107847" lon="10.655211">
        <ele>284.6</ele>
      </trkpt>
      <trkpt lat="43.107846" lon="10.655373">
        <ele>284.4</ele>
      </trkpt>
      <trkpt lat="43.107917" lon="10.655805">
        <ele>283.9</ele>
      </trkpt>
      <trkpt lat="43.108005" lon="10.655974">
        <ele>283.8</ele>
      </trkpt>
      <trkpt lat="43.108188" lon="10.656144">
        <ele>284.5</ele>
      </trkpt>
      <trkpt lat="43.108535" lon="10.656359">
        <ele>285.7</ele>
      </trkpt>
      <trkpt lat="43.108624" lon="10.656476">
        <ele>286.2</ele>
      </trkpt>
      <trkpt lat="43.108832" lon="10.657237">
        <ele>288.1</ele>
      </trkpt>
      <trkpt lat="43.108985" lon="10.657588">
        <ele>289.1</ele>
      </trkpt>
      <trkpt lat="43.109277" lon="10.657878">
        <ele>291.2</ele>
      </trkpt>
      <trkpt lat="43.109399" lon="10.65795">
        <ele>292.3</ele>
      </trkpt>
      <trkpt lat="43.109501" lon="10.657959">
        <ele>293.1</ele>
      </trkpt>
      <trkpt lat="43.110104" lon="10.657748">
        <ele>298.1</ele>
      </trkpt>
      <trkpt lat="43.110204" lon="10.657664">
        <ele>299.1</ele>
      </trkpt>
      <trkpt lat="43.110343" lon="10.65729">
        <ele>301.5</ele>
      </trkpt>
      <trkpt lat="43.110458" lon="10.656696">
        <ele>304.4</ele>
      </trkpt>
      <trkpt lat="43.110517" lon="10.656514">
        <ele>304.8</ele>
      </trkpt>
      <trkpt lat="43.110621" lon="10.656375">
        <ele>305.2</ele>
      </trkpt>
      <trkpt lat="43.110911" lon="10.656122">
        <ele>306.1</ele>
      </trkpt>
      <trkpt lat="43.111599" lon="10.65562">
        <ele>308.2</ele>
      </trkpt>
      <trkpt lat="43.111687" lon="10.655516">
        <ele>308.5</ele>
      </trkpt>
      <trkpt lat="43.111785" lon="10.655301">
        <ele>308.9</ele>
      </trkpt>
      <trkpt lat="43.111925" lon="10.654755">
        <ele>309.3</ele>
      </trkpt>
      <trkpt lat="43.112031" lon="10.654506">
        <ele>309.5</ele>
      </trkpt>
      <trkpt lat="43.112098" lon="10.654476">
        <ele>309.6</ele>
      </trkpt>
      <trkpt lat="43.11217" lon="10.654496">
        <ele>309.6</ele>
      </trkpt>
      <trkpt lat="43.112262" lon="10.654592">
        <ele>309.8</ele>
      </trkpt>
      <trkpt lat="43.112528" lon="10.655053">
        <ele>310.1</ele>
      </trkpt>
      <trkpt lat="43.112588" lon="10.655095">
        <ele>310.2</ele>
      </trkpt>
      <trkpt lat="43.112663" lon="10.655086">
        <ele>310.3</ele>
      </trkpt>
      <trkpt lat="43.112719" lon="10.655027">
        <ele>310.3</ele>
      </trkpt>
      <trkpt lat="43.112767" lon="10.654832">
        <ele>310.5</ele>
      </trkpt>
      <trkpt lat="43.112749" lon="10.654539">
        <ele>311.0</ele>
      </trkpt>
      <trkpt lat="43.112676" lon="10.65418">
        <ele>311.8</ele>
      </trkpt>
      <trkpt lat="43.112654" lon="10.65396">
        <ele>312.3</ele>
      </trkpt>
      <trkpt lat="43.112676" lon="10.65384">
        <ele>312.6</ele>
      </trkpt>
      <trkpt lat="43.112762" lon="10.653821">
        <ele>312.8</ele>
      </trkpt>
      <trkpt lat="43.113022" lon="10.653879">
        <ele>313.6</ele>
      </trkpt>
      <trkpt lat="43.113438" lon="10.653427">
        <ele>315.2</ele>
      </trkpt>
      <trkpt lat="43.11364" lon="10.653231">
        <ele>315.9</ele>
      </trkpt>
      <trkpt lat="43.113735" lon="10.653182">
        <ele>315.7</ele>
      </trkpt>
      <trkpt lat="43.113798" lon="10.653216">
        <ele>315.5</ele>
      </trkpt>
      <trkpt lat="43.113837" lon="10.653421">
        <ele>315.1</ele>
      </trkpt>
      <trkpt lat="43.113745" lon="10.654067">
        <ele>313.8</ele>
      </trkpt>
      <trkpt lat="43.113746" lon="10.654307">
        <ele>313.3</ele>
      </trkpt>
      <trkpt lat="43.113802" lon="10.65455">
        <ele>312.8</ele>
      </trkpt>
      <trkpt lat="43.11389" lon="10.654712">
        <ele>312.4</ele>
      </trkpt>
      <trkpt lat="43.11413" lon="10.654913">
        <ele>311.7</ele>
      </trkpt>
      <trkpt lat="43.114333" lon="10.654994">
        <ele>311.2</ele>
      </trkpt>
      <trkpt lat="43.114561" lon="10.654918">
        <ele>312.3</ele>
      </trkpt>
      <trkpt lat="43.114696" lon="10.65476">
        <ele>313.2</ele>
      </trkpt>
      <trkpt lat="43.114791" lon="10.654547">
        <ele>314.1</ele>
      </trkpt>
      <trkpt lat="43.114873" lon="10.654286">
        <ele>315.1</ele>
      </trkpt>
      <trkpt lat="43.114946" lon="10.653912">
        <ele>316.5</ele>
      </trkpt>
      <trkpt lat="43.11517" lon="10.653647">
        <ele>317.9</ele>
      </trkpt>
      <trkpt lat="43.115189" lon="10.653552">
        <ele>318.3</ele>
      </trkpt>
      <trkpt lat="43.11511" lon="10.653186">
        <ele>319.6</ele>
      </trkpt>
      <trkpt lat="43.114934" lon="10.652742">
        <ele>320.4</ele>
      </trkpt>
      <trkpt lat="43.114917" lon="10.652593">
        <ele>320.5</ele>
      </trkpt>
      <trkpt lat="43.11494" lon="10.652543">
        <ele>320.6</ele>
      </trkpt>
      <trkpt lat="43.115039" lon="10.652522">
        <ele>320.7</ele>
      </trkpt>
      <trkpt lat="43.115118" lon="10.652555">
        <ele>320.9</ele>
      </trkpt>
      <trkpt lat="43.115597" lon="10.652899">
        <ele>321.6</ele>
      </trkpt>
      <trkpt lat="43.11576" lon="10.652931">
        <ele>321.9</ele>
      </trkpt>
      <trkpt lat="43.115852" lon="10.652897">
        <ele>322.0</ele>
      </trkpt>
      <trkpt lat="43.115923" lon="10.652819">
        <ele>322.2</ele>
      </trkpt>
      <trkpt lat="43.116075" lon="10.652428">
        <ele>322.8</ele>
      </trkpt>
      <trkpt lat="43.116287" lon="10.65133">
        <ele>326.7</ele>
      </trkpt>
      <trkpt lat="43.116335" lon="10.650456">
        <ele>329.7</ele>
      </trkpt>
      <trkpt lat="43.116383" lon="10.650067">
        <ele>331.0</ele>
      </trkpt>
      <trkpt lat="43.11644" lon="10.649969">
        <ele>331.1</ele>
      </trkpt>
      <trkpt lat="43.116611" lon="10.649862">
        <ele>331.5</ele>
      </trkpt>
      <trkpt lat="43.116703" lon="10.649709">
        <ele>331.7</ele>
      </trkpt>
      <trkpt lat="43.116925" lon="10.6487">
        <ele>333.1</ele>
      </trkpt>
      <trkpt lat="43.117003" lon="10.648526">
        <ele>333.4</ele>
      </trkpt>
      <trkpt lat="43.117063" lon="10.648471">
        <ele>333.6</ele>
      </trkpt>
      <trkpt lat="43.117135" lon="10.648467">
        <ele>333.7</ele>
      </trkpt>
      <trkpt lat="43.117624" lon="10.648672">
        <ele>334.3</ele>
      </trkpt>
      <trkpt lat="43.117754" lon="10.648696">
        <ele>334.4</ele>
      </trkpt>
      <trkpt lat="43.118027" lon="10.648702">
        <ele>334.5</ele>
      </trkpt>
      <trkpt lat="43.118195" lon="10.648638">
        <ele>334.6</ele>
      </trkpt>
      <trkpt lat="43.118395" lon="10.648397">
        <ele>334.8</ele>
      </trkpt>
      <trkpt lat="43.118484" lon="10.648226">
        <ele>334.8</ele>
      </trkpt>
      <trkpt lat="43.118535" lon="10.648047">
        <ele>334.9</ele>
      </trkpt>
      <trkpt lat="43.118626" lon="10.647479">
        <ele>335.1</ele>
      </trkpt>
      <trkpt lat="43.118688" lon="10.647364">
        <ele>334.8</ele>
      </trkpt>
      <trkpt lat="43.118863" lon="10.647275">
        <ele>334.2</ele>
      </trkpt>
      <trkpt lat="43.119036" lon="10.647282">
        <ele>333.6</ele>
      </trkpt>
      <trkpt lat="43.119087" lon="10.64736">
        <ele>333.3</ele>
      </trkpt>
      <trkpt lat="43.119123" lon="10.647507">
        <ele>332.9</ele>
      </trkpt>
      <trkpt lat="43.119254" lon="10.647654">
        <ele>332.4</ele>
      </trkpt>
      <trkpt lat="43.119422" lon="10.647625">
        <ele>331.8</ele>
      </trkpt>
      <trkpt lat="43.119546" lon="10.647621">
        <ele>331.4</ele>
      </trkpt>
      <trkpt lat="43.119621" lon="10.647695">
        <ele>331.0</ele>
      </trkpt>
      <trkpt lat="43.119635" lon="10.647807">
        <ele>330.8</ele>
      </trkpt>
      <trkpt lat="43.119595" lon="10.647907">
        <ele>330.5</ele>
      </trkpt>
      <trkpt lat="43.119474" lon="10.648099">
        <ele>329.8</ele>
      </trkpt>
      <trkpt lat="43.119398" lon="10.648293">
        <ele>329.3</ele>
      </trkpt>
      <trkpt lat="43.119327" lon="10.648672">
        <ele>328.8</ele>
      </trkpt>
      <trkpt lat="43.119317" lon="10.649176">
        <ele>328.4</ele>
      </trkpt>
      <trkpt lat="43.119381" lon="10.649308">
        <ele>328.3</ele>
      </trkpt>
      <trkpt lat="43.119592" lon="10.649604">
        <ele>328.0</ele>
      </trkpt>
      <trkpt lat="43.119672" lon="10.650067">
        <ele>327.6</ele>
      </trkpt>
      <trkpt lat="43.119827" lon="10.650584">
        <ele>327.2</ele>
      </trkpt>
      <trkpt lat="43.120242" lon="10.650975">
        <ele>329.3</ele>
      </trkpt>
      <trkpt lat="43.120509" lon="10.651303">
        <ele>331.1</ele>
      </trkpt>
      <trkpt lat="43.120721" lon="10.651417">
        <ele>332.3</ele>
      </trkpt>
      <trkpt lat="43.12093" lon="10.651413">
        <ele>333.3</ele>
      </trkpt>
      <trkpt lat="43.121248" lon="10.651236">
        <ele>335.1</ele>
      </trkpt>
      <trkpt lat="43.121767" lon="10.650829">
        <ele>337.8</ele>
      </trkpt>
      <trkpt lat="43.122275" lon="10.650709">
        <ele>340.0</ele>
      </trkpt>
      <trkpt lat="43.122446" lon="10.650613">
        <ele>340.8</ele>
      </trkpt>
      <trkpt lat="43.122542" lon="10.650487">
        <ele>341.4</ele>
      </trkpt>
      <trkpt lat="43.122609" lon="10.650187">
        <ele>342.3</ele>
      </trkpt>
      <trkpt lat="43.122668" lon="10.650083">
        <ele>342.7</ele>
      </trkpt>
      <trkpt lat="43.122724" lon="10.650024">
        <ele>343.0</ele>
      </trkpt>
      <trkpt lat="43.12294" lon="10.649934">
        <ele>343.9</ele>
      </trkpt>
      <trkpt lat="43.122999" lon="10.649761">
        <ele>343.9</ele>
      </trkpt>
      <trkpt lat="43.123" lon="10.649665">
        <ele>343.9</ele>
      </trkpt>
      <trkpt lat="43.122945" lon="10.649415">
        <ele>344.0</ele>
      </trkpt>
      <trkpt lat="43.122921" lon="10.649175">
        <ele>344.0</ele>
      </trkpt>
      <trkpt lat="43.122789" lon="10.648651">
        <ele>344.1</ele>
      </trkpt>
      <trkpt lat="43.122503" lon="10.648048">
        <ele>344.2</ele>
      </trkpt>
      <trkpt lat="43.122152" lon="10.647633">
        <ele>344.3</ele>
      </trkpt>
      <trkpt lat="43.122054" lon="10.647555">
        <ele>344.3</ele>
      </trkpt>
      <trkpt lat="43.121865" lon="10.647194">
        <ele>344.5</ele>
      </trkpt>
      <trkpt lat="43.121783" lon="10.647102">
        <ele>344.5</ele>
      </trkpt>
      <trkpt lat="43.121556" lon="10.646966">
        <ele>344.6</ele>
      </trkpt>
      <trkpt lat="43.12134" lon="10.646891">
        <ele>344.7</ele>
      </trkpt>
      <trkpt lat="43.121292" lon="10.646821">
        <ele>344.8</ele>
      </trkpt>
      <trkpt lat="43.12118" lon="10.646471">
        <ele>344.9</ele>
      </trkpt>
      <trkpt lat="43.121224" lon="10.646116">
        <ele>345.0</ele>
      </trkpt>
      <trkpt lat="43.121217" lon="10.64601">
        <ele>344.9</ele>
      </trkpt>
      <trkpt lat="43.121037" lon="10.645479">
        <ele>344.7</ele>
      </trkpt>
      <trkpt lat="43.121017" lon="10.64539">
        <ele>344.7</ele>
      </trkpt>
      <trkpt lat="43.121026" lon="10.645307">
        <ele>344.7</ele>
      </trkpt>
      <trkpt lat="43.121056" lon="10.645247">
        <ele>344.6</ele>
      </trkpt>
      <trkpt lat="43.121133" lon="10.645229">
        <ele>344.6</ele>
      </trkpt>
      <trkpt lat="43.121476" lon="10.645338">
        <ele>344.4</ele>
      </trkpt>
      <trkpt lat="43.121631" lon="10.645274">
        <ele>344.3</ele>
      </trkpt>
      <trkpt lat="43.121747" lon="10.64511">
        <ele>344.2</ele>
      </trkpt>
      <trkpt lat="43.1218" lon="10.64496">
        <ele>344.2</ele>
      </trkpt>
      <trkpt lat="43.121828" lon="10.644791">
        <ele>344.1</ele>
      </trkpt>
      <trkpt lat="43.121825" lon="10.644372">
        <ele>344.0</ele>
      </trkpt>
      <trkpt lat="43.121751" lon="10.6438">
        <ele>343.8</ele>
      </trkpt>
      <trkpt lat="43.121771" lon="10.643696">
        <ele>343.7</ele>
      </trkpt>
      <trkpt lat="43.121821" lon="10.643607">
        <ele>343.7</ele>
      </trkpt>
      <trkpt lat="43.121993" lon="10.643461">
        <ele>343.6</ele>
      </trkpt>
      <trkpt lat="43.122167" lon="10.643392">
        <ele>343.5</ele>
      </trkpt>
      <trkpt lat="43.122572" lon="10.64346">
        <ele>343.3</ele>
      </trkpt>
      <trkpt lat="43.122717" lon="10.643394">
        <ele>343.2</ele>
      </trkpt>
      <trkpt lat="43.122817" lon="10.643255">
        <ele>343.6</ele>
      </trkpt>
      <trkpt lat="43.123048" lon="10.642815">
        <ele>345.2</ele>
      </trkpt>
      <trkpt lat="43.123112" lon="10.642573">
        <ele>346.0</ele>
      </trkpt>
      <trkpt lat="43.123118" lon="10.64245">
        <ele>346.3</ele>
      </trkpt>
      <trkpt lat="43.123091" lon="10.642288">
        <ele>346.8</ele>
      </trkpt>
      <trkpt lat="43.123017" lon="10.642191">
        <ele>347.2</ele>
      </trkpt>
      <trkpt lat="43.122706" lon="10.641987">
        <ele>348.6</ele>
      </trkpt>
      <trkpt lat="43.12261" lon="10.641901">
        <ele>349.0</ele>
      </trkpt>
      <trkpt lat="43.122538" lon="10.641773">
        <ele>349.5</ele>
      </trkpt>
      <trkpt lat="43.122471" lon="10.641621">
        <ele>350.0</ele>
      </trkpt>
      <trkpt lat="43.122439" lon="10.641472">
        <ele>350.4</ele>
      </trkpt>
      <trkpt lat="43.122394" lon="10.64102">
        <ele>350.0</ele>
      </trkpt>
      <trkpt lat="43.122303" lon="10.640689">
        <ele>349.7</ele>
      </trkpt>
      <trkpt lat="43.122323" lon="10.640544">
        <ele>349.6</ele>
      </trkpt>
      <trkpt lat="43.122387" lon="10.640504">
        <ele>349.5</ele>
      </trkpt>
      <trkpt lat="43.122458" lon="10.640503">
        <ele>349.4</ele>
      </trkpt>
      <trkpt lat="43.122697" lon="10.640652">
        <ele>349.1</ele>
      </trkpt>
      <trkpt lat="43.122934" lon="10.640901">
        <ele>348.8</ele>
      </trkpt>
      <trkpt lat="43.123092" lon="10.640963">
        <ele>348.6</ele>
      </trkpt>
      <trkpt lat="43.12316" lon="10.640923">
        <ele>348.5</ele>
      </trkpt>
      <trkpt lat="43.123213" lon="10.640807">
        <ele>348.4</ele>
      </trkpt>
      <trkpt lat="43.123195" lon="10.640626">
        <ele>348.1</ele>
      </trkpt>
      <trkpt lat="43.123155" lon="10.640515">
        <ele>347.8</ele>
      </trkpt>
      <trkpt lat="43.123148" lon="10.640363">
        <ele>347.5</ele>
      </trkpt>
      <trkpt lat="43.123175" lon="10.640292">
        <ele>347.3</ele>
      </trkpt>
      <trkpt lat="43.12325" lon="10.64024">
        <ele>347.1</ele>
      </trkpt>
      <trkpt lat="43.123664" lon="10.640391">
        <ele>345.9</ele>
      </trkpt>
      <trkpt lat="43.12395" lon="10.640604">
        <ele>344.9</ele>
      </trkpt>
      <trkpt lat="43.124125" lon="10.640594">
        <ele>344.4</ele>
      </trkpt>
      <trkpt lat="43.124268" lon="10.640533">
        <ele>344.0</ele>
      </trkpt>
      <trkpt lat="43.124372" lon="10.640437">
        <ele>343.6</ele>
      </trkpt>
      <trkpt lat="43.124657" lon="10.63994">
        <ele>342.9</ele>
      </trkpt>
      <trkpt lat="43.124775" lon="10.639779">
        <ele>342.8</ele>
      </trkpt>
      <trkpt lat="43.125304" lon="10.639481">
        <ele>342.3</ele>
      </trkpt>
      <trkpt lat="43.125826" lon="10.639053">
        <ele>341.8</ele>
      </trkpt>
      <trkpt lat="43.125902" lon="10.639022">
        <ele>341.7</ele>
      </trkpt>
      <trkpt lat="43.125967" lon="10.639045">
        <ele>341.6</ele>
      </trkpt>
      <trkpt lat="43.126011" lon="10.639121">
        <ele>340.9</ele>
      </trkpt>
      <trkpt lat="43.12607" lon="10.639426">
        <ele>338.6</ele>
      </trkpt>
      <trkpt lat="43.126334" lon="10.639845">
        <ele>334.5</ele>
      </trkpt>
      <trkpt lat="43.12644" lon="10.640105">
        <ele>332.3</ele>
      </trkpt>
      <trkpt lat="43.126469" lon="10.640372">
        <ele>330.4</ele>
      </trkpt>
      <trkpt lat="43.126385" lon="10.640762">
        <ele>327.4</ele>
      </trkpt>
      <trkpt lat="43.126123" lon="10.641547">
        <ele>322.8</ele>
      </trkpt>
      <trkpt lat="43.126095" lon="10.64168">
        <ele>322.4</ele>
      </trkpt>
      <trkpt lat="43.126081" lon="10.641928">
        <ele>321.8</ele>
      </trkpt>
      <trkpt lat="43.126147" lon="10.642198">
        <ele>321.1</ele>
      </trkpt>
      <trkpt lat="43.126257" lon="10.642399">
        <ele>320.5</ele>
      </trkpt>
      <trkpt lat="43.126339" lon="10.642487">
        <ele>320.1</ele>
      </trkpt>
      <trkpt lat="43.126569" lon="10.642592">
        <ele>319.3</ele>
      </trkpt>
      <trkpt lat="43.126661" lon="10.642699">
        <ele>318.9</ele>
      </trkpt>
      <trkpt lat="43.126828" lon="10.643004">
        <ele>317.9</ele>
      </trkpt>
      <trkpt lat="43.126953" lon="10.64313">
        <ele>317.6</ele>
      </trkpt>
      <trkpt lat="43.127718" lon="10.643532">
        <ele>320.1</ele>
      </trkpt>
      <trkpt lat="43.128012" lon="10.643755">
        <ele>321.2</ele>
      </trkpt>
      <trkpt lat="43.128617" lon="10.644242">
        <ele>323.0</ele>
      </trkpt>
      <trkpt lat="43.128646" lon="10.644265">
        <ele>323.0</ele>
      </trkpt>
      <trkpt lat="43.12871" lon="10.644251">
        <ele>322.9</ele>
      </trkpt>
      <trkpt lat="43.128744" lon="10.644228">
        <ele>322.9</ele>
      </trkpt>
      <trkpt lat="43.128828" lon="10.64411">
        <ele>322.8</ele>
      </trkpt>
      <trkpt lat="43.128843" lon="10.644055">
        <ele>322.7</ele>
      </trkpt>
      <trkpt lat="43.12887" lon="10.64393">
        <ele>322.6</ele>
      </trkpt>
      <trkpt lat="43.128938" lon="10.643678">
        <ele>322.5</ele>
      </trkpt>
      <trkpt lat="43.129086" lon="10.643542">
        <ele>322.3</ele>
      </trkpt>
      <trkpt lat="43.129182" lon="10.643531">
        <ele>322.2</ele>
      </trkpt>
      <trkpt lat="43.129523" lon="10.643652">
        <ele>321.9</ele>
      </trkpt>
      <trkpt lat="43.13005" lon="10.643898">
        <ele>321.1</ele>
      </trkpt>
      <trkpt lat="43.130318" lon="10.644111">
        <ele>319.4</ele>
      </trkpt>
      <trkpt lat="43.130765" lon="10.644649">
        <ele>316.2</ele>
      </trkpt>
      <trkpt lat="43.130997" lon="10.645033">
        <ele>314.2</ele>
      </trkpt>
      <trkpt lat="43.131209" lon="10.64531">
        <ele>312.6</ele>
      </trkpt>
      <trkpt lat="43.131574" lon="10.645521">
        <ele>313.2</ele>
      </trkpt>
      <trkpt lat="43.131733" lon="10.645534">
        <ele>314.3</ele>
      </trkpt>
      <trkpt lat="43.131951" lon="10.645412">
        <ele>316.0</ele>
      </trkpt>
      <trkpt lat="43.132231" lon="10.64502">
        <ele>318.8</ele>
      </trkpt>
      <trkpt lat="43.132603" lon="10.644341">
        <ele>323.2</ele>
      </trkpt>
      <trkpt lat="43.132764" lon="10.643946">
        <ele>324.8</ele>
      </trkpt>
      <trkpt lat="43.132944" lon="10.643388">
        <ele>326.0</ele>
      </trkpt>
      <trkpt lat="43.132995" lon="10.643101">
        <ele>326.5</ele>
      </trkpt>
      <trkpt lat="43.132995" lon="10.642859">
        <ele>327.0</ele>
      </trkpt>
      <trkpt lat="43.132965" lon="10.642621">
        <ele>327.4</ele>
      </trkpt>
      <trkpt lat="43.132955" lon="10.642504">
        <ele>327.7</ele>
      </trkpt>
      <trkpt lat="43.132985" lon="10.64233">
        <ele>328.0</ele>
      </trkpt>
      <trkpt lat="43.133069" lon="10.642172">
        <ele>328.4</ele>
      </trkpt>
      <trkpt lat="43.133228" lon="10.642073">
        <ele>328.9</ele>
      </trkpt>
      <trkpt lat="43.133347" lon="10.642085">
        <ele>329.0</ele>
      </trkpt>
      <trkpt lat="43.133457" lon="10.642144">
        <ele>328.8</ele>
      </trkpt>
      <trkpt lat="43.133832" lon="10.64254">
        <ele>328.0</ele>
      </trkpt>
      <trkpt lat="43.133916" lon="10.642574">
        <ele>327.8</ele>
      </trkpt>
      <trkpt lat="43.134071" lon="10.642562">
        <ele>327.6</ele>
      </trkpt>
      <trkpt lat="43.134121" lon="10.642535">
        <ele>327.5</ele>
      </trkpt>
      <trkpt lat="43.134293" lon="10.642459">
        <ele>327.2</ele>
      </trkpt>
      <trkpt lat="43.134448" lon="10.642315">
        <ele>326.8</ele>
      </trkpt>
      <trkpt lat="43.134614" lon="10.642072">
        <ele>326.4</ele>
      </trkpt>
      <trkpt lat="43.134677" lon="10.642039">
        <ele>326.3</ele>
      </trkpt>
      <trkpt lat="43.134775" lon="10.642054">
        <ele>326.1</ele>
      </trkpt>
      <trkpt lat="43.134851" lon="10.642156">
        <ele>325.9</ele>
      </trkpt>
      <trkpt lat="43.135287" lon="10.642948">
        <ele>323.0</ele>
      </trkpt>
      <trkpt lat="43.135542" lon="10.643622">
        <ele>320.7</ele>
      </trkpt>
      <trkpt lat="43.135667" lon="10.644195">
        <ele>318.9</ele>
      </trkpt>
      <trkpt lat="43.135749" lon="10.644412">
        <ele>318.8</ele>
      </trkpt>
      <trkpt lat="43.135831" lon="10.644449">
        <ele>319.0</ele>
      </trkpt>
      <trkpt lat="43.135954" lon="10.644415">
        <ele>319.3</ele>
      </trkpt>
      <trkpt lat="43.136305" lon="10.643797">
        <ele>320.6</ele>
      </trkpt>
      <trkpt lat="43.136419" lon="10.643658">
        <ele>320.9</ele>
      </trkpt>
      <trkpt lat="43.136508" lon="10.643593">
        <ele>321.2</ele>
      </trkpt>
      <trkpt lat="43.13712" lon="10.643304">
        <ele>322.6</ele>
      </trkpt>
      <trkpt lat="43.137594" lon="10.64296">
        <ele>321.4</ele>
      </trkpt>
      <trkpt lat="43.137696" lon="10.642896">
        <ele>321.2</ele>
      </trkpt>
      <trkpt lat="43.137877" lon="10.642788">
        <ele>320.7</ele>
      </trkpt>
      <trkpt lat="43.138101" lon="10.642741">
        <ele>320.2</ele>
      </trkpt>
      <trkpt lat="43.138385" lon="10.642887">
        <ele>319.5</ele>
      </trkpt>
      <trkpt lat="43.138559" lon="10.642934">
        <ele>319.1</ele>
      </trkpt>
      <trkpt lat="43.138918" lon="10.642821">
        <ele>318.0</ele>
      </trkpt>
      <trkpt lat="43.139395" lon="10.642837">
        <ele>315.9</ele>
      </trkpt>
      <trkpt lat="43.140148" lon="10.642647">
        <ele>312.5</ele>
      </trkpt>
      <trkpt lat="43.140348" lon="10.642659">
        <ele>311.6</ele>
      </trkpt>
      <trkpt lat="43.140355" lon="10.642708">
        <ele>311.5</ele>
      </trkpt>
      <trkpt lat="43.140407" lon="10.642763">
        <ele>311.2</ele>
      </trkpt>
      <trkpt lat="43.14122" lon="10.642971">
        <ele>309.4</ele>
      </trkpt>
      <trkpt lat="43.142141" lon="10.643323">
        <ele>307.7</ele>
      </trkpt>
      <trkpt lat="43.142494" lon="10.643523">
        <ele>308.4</ele>
      </trkpt>
      <trkpt lat="43.142963" lon="10.643779">
        <ele>310.7</ele>
      </trkpt>
      <trkpt lat="43.1435" lon="10.644023">
        <ele>313.2</ele>
      </trkpt>
      <trkpt lat="43.143851" lon="10.644429">
        <ele>315.2</ele>
      </trkpt>
      <trkpt lat="43.143985" lon="10.644472">
        <ele>316.3</ele>
      </trkpt>
      <trkpt lat="43.144301" lon="10.644501">
        <ele>319.3</ele>
      </trkpt>
      <trkpt lat="43.144443" lon="10.64459">
        <ele>320.8</ele>
      </trkpt>
      <trkpt lat="43.144688" lon="10.644942">
        <ele>324.1</ele>
      </trkpt>
      <trkpt lat="43.144748" lon="10.645153">
        <ele>325.7</ele>
      </trkpt>
      <trkpt lat="43.144751" lon="10.645258">
        <ele>326.4</ele>
      </trkpt>
      <trkpt lat="43.144691" lon="10.645479">
        <ele>328.0</ele>
      </trkpt>
      <trkpt lat="43.144547" lon="10.64568">
        <ele>330.0</ele>
      </trkpt>
      <trkpt lat="43.144483" lon="10.645812">
        <ele>331.1</ele>
      </trkpt>
      <trkpt lat="43.144456" lon="10.64595">
        <ele>332.1</ele>
      </trkpt>
      <trkpt lat="43.144446" lon="10.6464">
        <ele>333.8</ele>
      </trkpt>
      <trkpt lat="43.144494" lon="10.646614">
        <ele>334.5</ele>
      </trkpt>
      <trkpt lat="43.14454" lon="10.646677">
        <ele>334.8</ele>
      </trkpt>
      <trkpt lat="43.144676" lon="10.646721">
        <ele>335.5</ele>
      </trkpt>
      <trkpt lat="43.145078" lon="10.64653">
        <ele>337.5</ele>
      </trkpt>
      <trkpt lat="43.145233" lon="10.646586">
        <ele>338.2</ele>
      </trkpt>
      <trkpt lat="43.145355" lon="10.646746">
        <ele>339.0</ele>
      </trkpt>
      <trkpt lat="43.145566" lon="10.647242">
        <ele>341.0</ele>
      </trkpt>
      <trkpt lat="43.145604" lon="10.647496">
        <ele>342.0</ele>
      </trkpt>
      <trkpt lat="43.145575" lon="10.647797">
        <ele>343.2</ele>
      </trkpt>
      <trkpt lat="43.145382" lon="10.648605">
        <ele>346.6</ele>
      </trkpt>
      <trkpt lat="43.145295" lon="10.648845">
        <ele>347.6</ele>
      </trkpt>
      <trkpt lat="43.145249" lon="10.648925">
        <ele>348.1</ele>
      </trkpt>
      <trkpt lat="43.145117" lon="10.649055">
        <ele>348.9</ele>
      </trkpt>
      <trkpt lat="43.144932" lon="10.649187">
        <ele>350.1</ele>
      </trkpt>
      <trkpt lat="43.144799" lon="10.649358">
        <ele>350.4</ele>
      </trkpt>
      <trkpt lat="43.14462" lon="10.649871">
        <ele>349.8</ele>
      </trkpt>
      <trkpt lat="43.144546" lon="10.650225">
        <ele>349.4</ele>
      </trkpt>
      <trkpt lat="43.144545" lon="10.650527">
        <ele>349.0</ele>
      </trkpt>
      <trkpt lat="43.144601" lon="10.651232">
        <ele>348.2</ele>
      </trkpt>
      <trkpt lat="43.144734" lon="10.651858">
        <ele>347.2</ele>
      </trkpt>
      <trkpt lat="43.144819" lon="10.652031">
        <ele>346.7</ele>
      </trkpt>
      <trkpt lat="43.145088" lon="10.652195">
        <ele>345.8</ele>
      </trkpt>
      <trkpt lat="43.145208" lon="10.652296">
        <ele>345.4</ele>
      </trkpt>
      <trkpt lat="43.145251" lon="10.65237">
        <ele>345.1</ele>
      </trkpt>
      <trkpt lat="43.14528" lon="10.652467">
        <ele>344.9</ele>
      </trkpt>
      <trkpt lat="43.145293" lon="10.652815">
        <ele>344.1</ele>
      </trkpt>
      <trkpt lat="43.145341" lon="10.653037">
        <ele>343.6</ele>
      </trkpt>
      <trkpt lat="43.145428" lon="10.653116">
        <ele>343.3</ele>
      </trkpt>
      <trkpt lat="43.145509" lon="10.653141">
        <ele>343.0</ele>
      </trkpt>
      <trkpt lat="43.145821" lon="10.653057">
        <ele>342.0</ele>
      </trkpt>
      <trkpt lat="43.145941" lon="10.653085">
        <ele>341.6</ele>
      </trkpt>
      <trkpt lat="43.146053" lon="10.653163">
        <ele>341.1</ele>
      </trkpt>
      <trkpt lat="43.146409" lon="10.653518">
        <ele>339.6</ele>
      </trkpt>
      <trkpt lat="43.146481" lon="10.65372">
        <ele>339.0</ele>
      </trkpt>
      <trkpt lat="43.146492" lon="10.653874">
        <ele>338.6</ele>
      </trkpt>
      <trkpt lat="43.146498" lon="10.654611">
        <ele>336.6</ele>
      </trkpt>
      <trkpt lat="43.146482" lon="10.65472">
        <ele>336.4</ele>
      </trkpt>
      <trkpt lat="43.146448" lon="10.654818">
        <ele>336.1</ele>
      </trkpt>
      <trkpt lat="43.146234" lon="10.655152">
        <ele>334.9</ele>
      </trkpt>
      <trkpt lat="43.146142" lon="10.655338">
        <ele>334.4</ele>
      </trkpt>
      <trkpt lat="43.146" lon="10.655791">
        <ele>333.1</ele>
      </trkpt>
      <trkpt lat="43.145979" lon="10.655943">
        <ele>332.8</ele>
      </trkpt>
      <trkpt lat="43.146002" lon="10.656165">
        <ele>332.2</ele>
      </trkpt>
      <trkpt lat="43.146052" lon="10.65628">
        <ele>331.9</ele>
      </trkpt>
      <trkpt lat="43.146295" lon="10.65661">
        <ele>330.7</ele>
      </trkpt>
      <trkpt lat="43.146329" lon="10.656936">
        <ele>329.9</ele>
      </trkpt>
      <trkpt lat="43.146313" lon="10.657108">
        <ele>329.5</ele>
      </trkpt>
      <trkpt lat="43.146113" lon="10.657819">
        <ele>328.6</ele>
      </trkpt>
      <trkpt lat="43.146016" lon="10.658301">
        <ele>328.1</ele>
      </trkpt>
      <trkpt lat="43.1459" lon="10.658627">
        <ele>327.7</ele>
      </trkpt>
      <trkpt lat="43.145726" lon="10.658929">
        <ele>327.2</ele>
      </trkpt>
      <trkpt lat="43.14562" lon="10.65938">
        <ele>326.7</ele>
      </trkpt>
      <trkpt lat="43.14561" lon="10.659904">
        <ele>326.4</ele>
      </trkpt>
      <trkpt lat="43.145745" lon="10.660375">
        <ele>326.2</ele>
      </trkpt>
      <trkpt lat="43.145764" lon="10.660547">
        <ele>326.1</ele>
      </trkpt>
      <trkpt lat="43.145766" lon="10.660709">
        <ele>326.0</ele>
      </trkpt>
      <trkpt lat="43.145737" lon="10.660915">
        <ele>325.8</ele>
      </trkpt>
      <trkpt lat="43.145665" lon="10.661169">
        <ele>325.7</ele>
      </trkpt>
      <trkpt lat="43.14554" lon="10.661387">
        <ele>325.5</ele>
      </trkpt>
      <trkpt lat="43.145455" lon="10.661482">
        <ele>325.5</ele>
      </trkpt>
      <trkpt lat="43.145105" lon="10.661746">
        <ele>325.6</ele>
      </trkpt>
      <trkpt lat="43.144981" lon="10.661931">
        <ele>325.7</ele>
      </trkpt>
      <trkpt lat="43.144906" lon="10.662395">
        <ele>325.8</ele>
      </trkpt>
      <trkpt lat="43.144865" lon="10.662998">
        <ele>326.1</ele>
      </trkpt>
      <trkpt lat="43.144917" lon="10.663248">
        <ele>326.2</ele>
      </trkpt>
      <trkpt lat="43.144977" lon="10.663381">
        <ele>326.2</ele>
      </trkpt>
      <trkpt lat="43.145174" lon="10.663625">
        <ele>326.3</ele>
      </trkpt>
      <trkpt lat="43.145294" lon="10.663844">
        <ele>326.3</ele>
      </trkpt>
      <trkpt lat="43.145323" lon="10.663963">
        <ele>326.3</ele>
      </trkpt>
      <trkpt lat="43.145352" lon="10.664155">
        <ele>326.3</ele>
      </trkpt>
      <trkpt lat="43.14548" lon="10.664961">
        <ele>326.2</ele>
      </trkpt>
      <trkpt lat="43.145526" lon="10.665153">
        <ele>326.2</ele>
      </trkpt>
      <trkpt lat="43.145601" lon="10.665313">
        <ele>326.2</ele>
      </trkpt>
      <trkpt lat="43.145676" lon="10.665449">
        <ele>326.2</ele>
      </trkpt>
      <trkpt lat="43.146439" lon="10.666375">
        <ele>326.7</ele>
      </trkpt>
      <trkpt lat="43.146837" lon="10.667138">
        <ele>327.3</ele>
      </trkpt>
      <trkpt lat="43.147089" lon="10.667367">
        <ele>327.6</ele>
      </trkpt>
      <trkpt lat="43.147669" lon="10.667509">
        <ele>327.6</ele>
      </trkpt>
      <trkpt lat="43.147833" lon="10.667578">
        <ele>327.6</ele>
      </trkpt>
      <trkpt lat="43.14803" lon="10.667775">
        <ele>327.6</ele>
      </trkpt>
      <trkpt lat="43.148117" lon="10.667928">
        <ele>327.6</ele>
      </trkpt>
      <trkpt lat="43.148627" lon="10.669088">
        <ele>327.3</ele>
      </trkpt>
      <trkpt lat="43.148747" lon="10.669366">
        <ele>327.2</ele>
      </trkpt>
      <trkpt lat="43.148821" lon="10.66974">
        <ele>327.0</ele>
      </trkpt>
      <trkpt lat="43.148933" lon="10.67092">
        <ele>326.4</ele>
      </trkpt>
      <trkpt lat="43.148973" lon="10.671138">
        <ele>326.3</ele>
      </trkpt>
      <trkpt lat="43.149034" lon="10.671331">
        <ele>326.6</ele>
      </trkpt>
      <trkpt lat="43.149218" lon="10.671586">
        <ele>327.1</ele>
      </trkpt>
      <trkpt lat="43.149323" lon="10.671655">
        <ele>327.3</ele>
      </trkpt>
      <trkpt lat="43.149584" lon="10.671721">
        <ele>327.9</ele>
      </trkpt>
      <trkpt lat="43.14989" lon="10.671711">
        <ele>328.5</ele>
      </trkpt>
      <trkpt lat="43.149994" lon="10.671743">
        <ele>328.7</ele>
      </trkpt>
      <trkpt lat="43.150111" lon="10.67182">
        <ele>329.0</ele>
      </trkpt>
      <trkpt lat="43.150265" lon="10.671999">
        <ele>329.4</ele>
      </trkpt>
      <trkpt lat="43.15035" lon="10.67216">
        <ele>329.7</ele>
      </trkpt>
      <trkpt lat="43.150395" lon="10.672304">
        <ele>329.9</ele>
      </trkpt>
      <trkpt lat="43.150423" lon="10.672518">
        <ele>329.8</ele>
      </trkpt>
      <trkpt lat="43.15044" lon="10.673047">
        <ele>329.6</ele>
      </trkpt>
      <trkpt lat="43.150457" lon="10.673166">
        <ele>329.5</ele>
      </trkpt>
      <trkpt lat="43.150529" lon="10.673364">
        <ele>329.4</ele>
      </trkpt>
      <trkpt lat="43.150676" lon="10.673535">
        <ele>329.3</ele>
      </trkpt>
      <trkpt lat="43.151339" lon="10.674021">
        <ele>328.8</ele>
      </trkpt>
      <trkpt lat="43.15142" lon="10.674124">
        <ele>328.8</ele>
      </trkpt>
      <trkpt lat="43.15151" lon="10.674359">
        <ele>329.1</ele>
      </trkpt>
      <trkpt lat="43.151558" lon="10.674515">
        <ele>329.2</ele>
      </trkpt>
      <trkpt lat="43.151737" lon="10.675665">
        <ele>330.3</ele>
      </trkpt>
      <trkpt lat="43.151834" lon="10.676113">
        <ele>330.7</ele>
      </trkpt>
      <trkpt lat="43.151938" lon="10.676357">
        <ele>330.9</ele>
      </trkpt>
      <trkpt lat="43.152024" lon="10.676455">
        <ele>331.2</ele>
      </trkpt>
      <trkpt lat="43.152256" lon="10.676603">
        <ele>332.0</ele>
      </trkpt>
      <trkpt lat="43.152786" lon="10.676785">
        <ele>333.6</ele>
      </trkpt>
      <trkpt lat="43.152919" lon="10.676859">
        <ele>334.0</ele>
      </trkpt>
      <trkpt lat="43.153129" lon="10.677043">
        <ele>334.7</ele>
      </trkpt>
      <trkpt lat="43.153332" lon="10.677284">
        <ele>335.5</ele>
      </trkpt>
      <trkpt lat="43.153476" lon="10.677409">
        <ele>336.0</ele>
      </trkpt>
      <trkpt lat="43.153701" lon="10.677457">
        <ele>336.6</ele>
      </trkpt>
      <trkpt lat="43.153938" lon="10.677401">
        <ele>337.1</ele>
      </trkpt>
      <trkpt lat="43.154135" lon="10.677234">
        <ele>337.6</ele>
      </trkpt>
      <trkpt lat="43.154267" lon="10.67706">
        <ele>337.9</ele>
      </trkpt>
      <trkpt lat="43.154612" lon="10.676644">
        <ele>338.9</ele>
      </trkpt>
      <trkpt lat="43.154789" lon="10.676557">
        <ele>339.3</ele>
      </trkpt>
      <trkpt lat="43.154943" lon="10.676532">
        <ele>339.6</ele>
      </trkpt>
      <trkpt lat="43.155349" lon="10.676588">
        <ele>339.7</ele>
      </trkpt>
      <trkpt lat="43.156278" lon="10.676729">
        <ele>338.6</ele>
      </trkpt>
      <trkpt lat="43.156482" lon="10.67674">
        <ele>338.4</ele>
      </trkpt>
      <trkpt lat="43.156698" lon="10.676661">
        <ele>338.1</ele>
      </trkpt>
      <trkpt lat="43.156871" lon="10.676494">
        <ele>337.9</ele>
      </trkpt>
      <trkpt lat="43.156942" lon="10.676386">
        <ele>337.9</ele>
      </trkpt>
      <trkpt lat="43.15698" lon="10.676272">
        <ele>338.0</ele>
      </trkpt>
      <trkpt lat="43.157097" lon="10.675315">
        <ele>338.3</ele>
      </trkpt>
      <trkpt lat="43.157147" lon="10.675151">
        <ele>338.3</ele>
      </trkpt>
      <trkpt lat="43.157218" lon="10.675027">
        <ele>338.3</ele>
      </trkpt>
      <trkpt lat="43.157382" lon="10.674874">
        <ele>338.4</ele>
      </trkpt>
      <trkpt lat="43.15749" lon="10.674845">
        <ele>338.5</ele>
      </trkpt>
      <trkpt lat="43.157853" lon="10.67486">
        <ele>338.6</ele>
      </trkpt>
      <trkpt lat="43.157974" lon="10.674889">
        <ele>338.4</ele>
      </trkpt>
      <trkpt lat="43.158088" lon="10.674965">
        <ele>338.2</ele>
      </trkpt>
      <trkpt lat="43.158191" lon="10.675086">
        <ele>338.0</ele>
      </trkpt>
      <trkpt lat="43.158784" lon="10.676068">
        <ele>336.6</ele>
      </trkpt>
      <trkpt lat="43.158929" lon="10.676269">
        <ele>336.2</ele>
      </trkpt>
      <trkpt lat="43.159889" lon="10.677187">
        <ele>337.2</ele>
      </trkpt>
      <trkpt lat="43.1601" lon="10.677362">
        <ele>337.6</ele>
      </trkpt>
      <trkpt lat="43.160484" lon="10.677429">
        <ele>338.2</ele>
      </trkpt>
      <trkpt lat="43.160665" lon="10.67749">
        <ele>338.4</ele>
      </trkpt>
      <trkpt lat="43.160742" lon="10.677549">
        <ele>338.6</ele>
      </trkpt>
      <trkpt lat="43.160813" lon="10.67765">
        <ele>338.7</ele>
      </trkpt>
      <trkpt lat="43.160897" lon="10.677868">
        <ele>338.8</ele>
      </trkpt>
      <trkpt lat="43.160971" lon="10.678366">
        <ele>339.2</ele>
      </trkpt>
      <trkpt lat="43.161024" lon="10.678532">
        <ele>339.3</ele>
      </trkpt>
      <trkpt lat="43.161185" lon="10.678786">
        <ele>339.6</ele>
      </trkpt>
      <trkpt lat="43.161284" lon="10.678859">
        <ele>339.7</ele>
      </trkpt>
      <trkpt lat="43.161545" lon="10.678945">
        <ele>340.0</ele>
      </trkpt>
      <trkpt lat="43.162545" lon="10.67896">
        <ele>341.4</ele>
      </trkpt>
      <trkpt lat="43.162663" lon="10.679004">
        <ele>341.6</ele>
      </trkpt>
      <trkpt lat="43.16349" lon="10.679544">
        <ele>343.2</ele>
      </trkpt>
      <trkpt lat="43.163757" lon="10.679653">
        <ele>343.7</ele>
      </trkpt>
      <trkpt lat="43.164061" lon="10.679601">
        <ele>344.2</ele>
      </trkpt>
      <trkpt lat="43.164469" lon="10.679314">
        <ele>345.1</ele>
      </trkpt>
      <trkpt lat="43.164708" lon="10.679086">
        <ele>345.6</ele>
      </trkpt>
      <trkpt lat="43.164967" lon="10.678618">
        <ele>346.4</ele>
      </trkpt>
      <trkpt lat="43.165052" lon="10.678515">
        <ele>346.7</ele>
      </trkpt>
      <trkpt lat="43.165253" lon="10.678412">
        <ele>346.2</ele>
      </trkpt>
      <trkpt lat="43.165372" lon="10.67844">
        <ele>345.7</ele>
      </trkpt>
      <trkpt lat="43.165945" lon="10.678868">
        <ele>343.5</ele>
      </trkpt>
      <trkpt lat="43.166036" lon="10.678985">
        <ele>343.1</ele>
      </trkpt>
      <trkpt lat="43.166121" lon="10.679155">
        <ele>342.6</ele>
      </trkpt>
      <trkpt lat="43.16617" lon="10.67935">
        <ele>342.1</ele>
      </trkpt>
      <trkpt lat="43.166161" lon="10.679715">
        <ele>341.1</ele>
      </trkpt>
      <trkpt lat="43.166048" lon="10.68014">
        <ele>340.6</ele>
      </trkpt>
      <trkpt lat="43.166021" lon="10.680324">
        <ele>340.6</ele>
      </trkpt>
      <trkpt lat="43.166028" lon="10.680656">
        <ele>340.6</ele>
      </trkpt>
      <trkpt lat="43.16607" lon="10.681033">
        <ele>340.6</ele>
      </trkpt>
      <trkpt lat="43.166134" lon="10.681344">
        <ele>340.6</ele>
      </trkpt>
      <trkpt lat="43.166192" lon="10.6815">
        <ele>340.6</ele>
      </trkpt>
      <trkpt lat="43.1663" lon="10.681662">
        <ele>340.6</ele>
      </trkpt>
      <trkpt lat="43.166914" lon="10.682324">
        <ele>341.5</ele>
      </trkpt>
      <trkpt lat="43.166999" lon="10.682456">
        <ele>341.8</ele>
      </trkpt>
      <trkpt lat="43.167387" lon="10.68378">
        <ele>344.4</ele>
      </trkpt>
      <trkpt lat="43.167527" lon="10.684004">
        <ele>344.9</ele>
      </trkpt>
      <trkpt lat="43.167695" lon="10.684152">
        <ele>345.2</ele>
      </trkpt>
      <trkpt lat="43.169539" lon="10.685259">
        <ele>346.2</ele>
      </trkpt>
      <trkpt lat="43.16968" lon="10.685373">
        <ele>346.4</ele>
      </trkpt>
      <trkpt lat="43.169745" lon="10.685459">
        <ele>346.6</ele>
      </trkpt>
      <trkpt lat="43.169842" lon="10.68573">
        <ele>346.9</ele>
      </trkpt>
      <trkpt lat="43.169903" lon="10.686205">
        <ele>347.5</ele>
      </trkpt>
      <trkpt lat="43.170012" lon="10.687685">
        <ele>350.1</ele>
      </trkpt>
      <trkpt lat="43.17007" lon="10.688004">
        <ele>351.0</ele>
      </trkpt>
      <trkpt lat="43.170128" lon="10.688527">
        <ele>352.4</ele>
      </trkpt>
      <trkpt lat="43.17017" lon="10.688683">
        <ele>352.9</ele>
      </trkpt>
      <trkpt lat="43.170228" lon="10.688783">
        <ele>353.2</ele>
      </trkpt>
      <trkpt lat="43.170401" lon="10.68894">
        <ele>354.0</ele>
      </trkpt>
      <trkpt lat="43.170974" lon="10.689251">
        <ele>356.0</ele>
      </trkpt>
      <trkpt lat="43.171092" lon="10.689373">
        <ele>356.4</ele>
      </trkpt>
      <trkpt lat="43.171654" lon="10.690147">
        <ele>358.6</ele>
      </trkpt>
      <trkpt lat="43.172188" lon="10.690523">
        <ele>360.1</ele>
      </trkpt>
      <trkpt lat="43.173395" lon="10.69128">
        <ele>362.2</ele>
      </trkpt>
      <trkpt lat="43.173558" lon="10.691459">
        <ele>362.5</ele>
      </trkpt>
      <trkpt lat="43.173647" lon="10.691753">
        <ele>362.9</ele>
      </trkpt>
      <trkpt lat="43.17381" lon="10.693297">
        <ele>362.8</ele>
      </trkpt>
      <trkpt lat="43.173868" lon="10.693575">
        <ele>362.8</ele>
      </trkpt>
      <trkpt lat="43.174051" lon="10.693843">
        <ele>362.8</ele>
      </trkpt>
      <trkpt lat="43.17521" lon="10.694916">
        <ele>362.8</ele>
      </trkpt>
      <trkpt lat="43.175366" lon="10.695122">
        <ele>362.9</ele>
      </trkpt>
      <trkpt lat="43.175409" lon="10.695265">
        <ele>362.9</ele>
      </trkpt>
      <trkpt lat="43.175422" lon="10.695426">
        <ele>362.9</ele>
      </trkpt>
      <trkpt lat="43.175412" lon="10.696687">
        <ele>361.6</ele>
      </trkpt>
      <trkpt lat="43.175433" lon="10.696817">
        <ele>361.5</ele>
      </trkpt>
      <trkpt lat="43.175465" lon="10.696949">
        <ele>361.3</ele>
      </trkpt>
      <trkpt lat="43.175708" lon="10.697466">
        <ele>360.6</ele>
      </trkpt>
      <trkpt lat="43.175743" lon="10.697615">
        <ele>360.4</ele>
      </trkpt>
      <trkpt lat="43.175744" lon="10.697774">
        <ele>360.3</ele>
      </trkpt>
      <trkpt lat="43.175718" lon="10.69794">
        <ele>360.1</ele>
      </trkpt>
      <trkpt lat="43.175564" lon="10.698546">
        <ele>360.1</ele>
      </trkpt>
      <trkpt lat="43.17533" lon="10.699067">
        <ele>360.1</ele>
      </trkpt>
      <trkpt lat="43.175302" lon="10.699245">
        <ele>360.1</ele>
      </trkpt>
      <trkpt lat="43.175341" lon="10.699567">
        <ele>360.1</ele>
      </trkpt>
      <trkpt lat="43.175413" lon="10.6997">
        <ele>360.1</ele>
      </trkpt>
      <trkpt lat="43.175481" lon="10.699797">
        <ele>360.1</ele>
      </trkpt>
      <trkpt lat="43.175691" lon="10.699934">
        <ele>360.0</ele>
      </trkpt>
      <trkpt lat="43.175783" lon="10.699952">
        <ele>360.0</ele>
      </trkpt>
      <trkpt lat="43.17626" lon="10.699854">
        <ele>360.0</ele>
      </trkpt>
      <trkpt lat="43.176371" lon="10.699856">
        <ele>360.0</ele>
      </trkpt>
      <trkpt lat="43.17648" lon="10.699885">
        <ele>360.0</ele>
      </trkpt>
      <trkpt lat="43.176645" lon="10.700043">
        <ele>360.0</ele>
      </trkpt>
      <trkpt lat="43.176908" lon="10.700775">
        <ele>360.0</ele>
      </trkpt>
      <trkpt lat="43.177052" lon="10.701042">
        <ele>360.0</ele>
      </trkpt>
      <trkpt lat="43.177387" lon="10.701321">
        <ele>359.3</ele>
      </trkpt>
      <trkpt lat="43.177524" lon="10.701531">
        <ele>359.0</ele>
      </trkpt>
      <trkpt lat="43.177707" lon="10.701914">
        <ele>358.4</ele>
      </trkpt>
      <trkpt lat="43.177796" lon="10.702039">
        <ele>358.2</ele>
      </trkpt>
      <trkpt lat="43.177901" lon="10.702124">
        <ele>357.9</ele>
      </trkpt>
      <trkpt lat="43.178358" lon="10.702359">
        <ele>357.1</ele>
      </trkpt>
      <trkpt lat="43.178472" lon="10.70246">
        <ele>356.9</ele>
      </trkpt>
      <trkpt lat="43.179136" lon="10.703335">
        <ele>356.6</ele>
      </trkpt>
      <trkpt lat="43.179192" lon="10.703468">
        <ele>356.5</ele>
      </trkpt>
      <trkpt lat="43.179231" lon="10.703739">
        <ele>356.5</ele>
      </trkpt>
      <trkpt lat="43.179133" lon="10.704313">
        <ele>356.3</ele>
      </trkpt>
      <trkpt lat="43.179145" lon="10.704447">
        <ele>356.3</ele>
      </trkpt>
      <trkpt lat="43.179305" lon="10.704805">
        <ele>356.1</ele>
      </trkpt>
      <trkpt lat="43.179416" lon="10.705147">
        <ele>355.9</ele>
      </trkpt>
      <trkpt lat="43.179421" lon="10.705303">
        <ele>355.8</ele>
      </trkpt>
      <trkpt lat="43.179367" lon="10.705897">
        <ele>355.5</ele>
      </trkpt>
      <trkpt lat="43.1794" lon="10.706796">
        <ele>355.0</ele>
      </trkpt>
      <trkpt lat="43.179408" lon="10.707102">
        <ele>354.7</ele>
      </trkpt>
      <trkpt lat="43.179334" lon="10.707218">
        <ele>354.5</ele>
      </trkpt>
      <trkpt lat="43.179204" lon="10.707262">
        <ele>354.2</ele>
      </trkpt>
      <trkpt lat="43.178845" lon="10.707302">
        <ele>353.5</ele>
      </trkpt>
      <trkpt lat="43.178749" lon="10.70736">
        <ele>353.3</ele>
      </trkpt>
      <trkpt lat="43.178641" lon="10.707611">
        <ele>352.9</ele>
      </trkpt>
      <trkpt lat="43.178529" lon="10.708342">
        <ele>351.9</ele>
      </trkpt>
      <trkpt lat="43.178556" lon="10.708552">
        <ele>351.6</ele>
      </trkpt>
      <trkpt lat="43.178655" lon="10.708699">
        <ele>351.9</ele>
      </trkpt>
      <trkpt lat="43.179028" lon="10.709033">
        <ele>353.1</ele>
      </trkpt>
      <trkpt lat="43.179501" lon="10.709212">
        <ele>354.3</ele>
      </trkpt>
      <trkpt lat="43.17956" lon="10.70926">
        <ele>354.5</ele>
      </trkpt>
      <trkpt lat="43.179597" lon="10.709347">
        <ele>354.7</ele>
      </trkpt>
      <trkpt lat="43.17962" lon="10.709534">
        <ele>355.0</ele>
      </trkpt>
      <trkpt lat="43.179463" lon="10.71053">
        <ele>356.5</ele>
      </trkpt>
      <trkpt lat="43.179377" lon="10.711145">
        <ele>357.0</ele>
      </trkpt>
      <trkpt lat="43.17932" lon="10.711544">
        <ele>357.3</ele>
      </trkpt>
      <trkpt lat="43.179239" lon="10.711723">
        <ele>357.4</ele>
      </trkpt>
      <trkpt lat="43.17913" lon="10.711846">
        <ele>357.6</ele>
      </trkpt>
      <trkpt lat="43.178744" lon="10.71205">
        <ele>358.0</ele>
      </trkpt>
      <trkpt lat="43.178281" lon="10.712162">
        <ele>358.7</ele>
      </trkpt>
      <trkpt lat="43.178198" lon="10.712208">
        <ele>358.8</ele>
      </trkpt>
      <trkpt lat="43.178138" lon="10.712281">
        <ele>359.0</ele>
      </trkpt>
      <trkpt lat="43.178098" lon="10.712498">
        <ele>359.2</ele>
      </trkpt>
      <trkpt lat="43.178117" lon="10.712596">
        <ele>359.3</ele>
      </trkpt>
      <trkpt lat="43.178221" lon="10.712811">
        <ele>359.6</ele>
      </trkpt>
      <trkpt lat="43.178257" lon="10.712946">
        <ele>359.8</ele>
      </trkpt>
      <trkpt lat="43.178257" lon="10.713081">
        <ele>359.9</ele>
      </trkpt>
      <trkpt lat="43.178212" lon="10.713301">
        <ele>360.2</ele>
      </trkpt>
      <trkpt lat="43.178183" lon="10.713459">
        <ele>360.4</ele>
      </trkpt>
      <trkpt lat="43.178064" lon="10.71388">
        <ele>360.8</ele>
      </trkpt>
      <trkpt lat="43.177951" lon="10.714086">
        <ele>360.7</ele>
      </trkpt>
      <trkpt lat="43.177552" lon="10.714417">
        <ele>360.4</ele>
      </trkpt>
      <trkpt lat="43.177422" lon="10.714527">
        <ele>360.4</ele>
      </trkpt>
      <trkpt lat="43.177201" lon="10.714814">
        <ele>360.2</ele>
      </trkpt>
      <trkpt lat="43.177003" lon="10.715157">
        <ele>360.0</ele>
      </trkpt>
      <trkpt lat="43.176995" lon="10.71524">
        <ele>360.0</ele>
      </trkpt>
      <trkpt lat="43.177056" lon="10.715275">
        <ele>360.0</ele>
      </trkpt>
      <trkpt lat="43.177239" lon="10.715115">
        <ele>359.8</ele>
      </trkpt>
      <trkpt lat="43.177423" lon="10.715092">
        <ele>358.7</ele>
      </trkpt>
      <trkpt lat="43.17745" lon="10.715098">
        <ele>358.6</ele>
      </trkpt>
      <trkpt lat="43.177734" lon="10.715208">
        <ele>356.9</ele>
      </trkpt>
      <trkpt lat="43.177884" lon="10.715331">
        <ele>355.9</ele>
      </trkpt>
      <trkpt lat="43.177968" lon="10.71553">
        <ele>355.0</ele>
      </trkpt>
      <trkpt lat="43.177971" lon="10.715703">
        <ele>354.3</ele>
      </trkpt>
      <trkpt lat="43.17793" lon="10.715907">
        <ele>353.4</ele>
      </trkpt>
      <trkpt lat="43.177637" lon="10.716522">
        <ele>350.4</ele>
      </trkpt>
      <trkpt lat="43.177594" lon="10.716697">
        <ele>349.7</ele>
      </trkpt>
      <trkpt lat="43.177635" lon="10.716877">
        <ele>349.2</ele>
      </trkpt>
      <trkpt lat="43.17778" lon="10.716982">
        <ele>348.5</ele>
      </trkpt>
      <trkpt lat="43.177956" lon="10.717034">
        <ele>347.8</ele>
      </trkpt>
      <trkpt lat="43.178098" lon="10.717099">
        <ele>347.2</ele>
      </trkpt>
      <trkpt lat="43.178152" lon="10.717156">
        <ele>347.0</ele>
      </trkpt>
      <trkpt lat="43.178198" lon="10.717275">
        <ele>346.6</ele>
      </trkpt>
      <trkpt lat="43.178283" lon="10.71766">
        <ele>345.5</ele>
      </trkpt>
      <trkpt lat="43.178414" lon="10.717846">
        <ele>344.8</ele>
      </trkpt>
      <trkpt lat="43.178562" lon="10.717904">
        <ele>344.2</ele>
      </trkpt>
      <trkpt lat="43.178746" lon="10.717879">
        <ele>343.5</ele>
      </trkpt>
      <trkpt lat="43.178897" lon="10.717897">
        <ele>342.9</ele>
      </trkpt>
      <trkpt lat="43.179094" lon="10.718052">
        <ele>342.0</ele>
      </trkpt>
      <trkpt lat="43.179179" lon="10.718192">
        <ele>341.5</ele>
      </trkpt>
      <trkpt lat="43.179285" lon="10.718552">
        <ele>340.5</ele>
      </trkpt>
      <trkpt lat="43.179295" lon="10.718806">
        <ele>339.8</ele>
      </trkpt>
      <trkpt lat="43.179253" lon="10.719111">
        <ele>339.0</ele>
      </trkpt>
      <trkpt lat="43.179062" lon="10.719867">
        <ele>336.8</ele>
      </trkpt>
      <trkpt lat="43.179106" lon="10.720036">
        <ele>336.3</ele>
      </trkpt>
      <trkpt lat="43.179237" lon="10.720165">
        <ele>336.0</ele>
      </trkpt>
      <trkpt lat="43.179707" lon="10.720548">
        <ele>335.1</ele>
      </trkpt>
      <trkpt lat="43.179793" lon="10.720706">
        <ele>334.9</ele>
      </trkpt>
      <trkpt lat="43.179836" lon="10.720936">
        <ele>334.6</ele>
      </trkpt>
      <trkpt lat="43.179866" lon="10.722848">
        <ele>331.7</ele>
      </trkpt>
      <trkpt lat="43.179821" lon="10.723028">
        <ele>331.3</ele>
      </trkpt>
      <trkpt lat="43.179748" lon="10.72318">
        <ele>331.0</ele>
      </trkpt>
      <trkpt lat="43.179262" lon="10.723837">
        <ele>329.2</ele>
      </trkpt>
      <trkpt lat="43.179123" lon="10.72406">
        <ele>328.6</ele>
      </trkpt>
      <trkpt lat="43.179075" lon="10.724197">
        <ele>328.3</ele>
      </trkpt>
      <trkpt lat="43.179046" lon="10.724489">
        <ele>327.6</ele>
      </trkpt>
      <trkpt lat="43.17905" lon="10.724665">
        <ele>327.2</ele>
      </trkpt>
      <trkpt lat="43.179086" lon="10.724814">
        <ele>326.9</ele>
      </trkpt>
      <trkpt lat="43.179215" lon="10.725039">
        <ele>326.2</ele>
      </trkpt>
      <trkpt lat="43.179372" lon="10.725182">
        <ele>325.6</ele>
      </trkpt>
      <trkpt lat="43.179894" lon="10.725343">
        <ele>324.0</ele>
      </trkpt>
      <trkpt lat="43.180192" lon="10.725511">
        <ele>323.0</ele>
      </trkpt>
      <trkpt lat="43.18038" lon="10.725717">
        <ele>322.5</ele>
      </trkpt>
      <trkpt lat="43.180945" lon="10.726505">
        <ele>321.1</ele>
      </trkpt>
      <trkpt lat="43.181083" lon="10.726548">
        <ele>320.9</ele>
      </trkpt>
      <trkpt lat="43.181142" lon="10.726515">
        <ele>320.8</ele>
      </trkpt>
      <trkpt lat="43.181218" lon="10.726354">
        <ele>320.6</ele>
      </trkpt>
      <trkpt lat="43.181258" lon="10.726086">
        <ele>320.2</ele>
      </trkpt>
      <trkpt lat="43.181315" lon="10.725878">
        <ele>319.9</ele>
      </trkpt>
      <trkpt lat="43.181419" lon="10.725831">
        <ele>319.7</ele>
      </trkpt>
      <trkpt lat="43.181487" lon="10.725851">
        <ele>319.5</ele>
      </trkpt>
      <trkpt lat="43.18178" lon="10.726145">
        <ele>318.6</ele>
      </trkpt>
      <trkpt lat="43.181932" lon="10.726229">
        <ele>318.1</ele>
      </trkpt>
      <trkpt lat="43.182397" lon="10.726216">
        <ele>316.9</ele>
      </trkpt>
      <trkpt lat="43.182484" lon="10.726201">
        <ele>316.7</ele>
      </trkpt>
      <trkpt lat="43.182767" lon="10.726047">
        <ele>315.9</ele>
      </trkpt>
      <trkpt lat="43.182845" lon="10.726074">
        <ele>315.7</ele>
      </trkpt>
      <trkpt lat="43.182911" lon="10.72614">
        <ele>315.4</ele>
      </trkpt>
      <trkpt lat="43.183044" lon="10.726382">
        <ele>314.7</ele>
      </trkpt>
      <trkpt lat="43.183323" lon="10.727161">
        <ele>312.1</ele>
      </trkpt>
      <trkpt lat="43.183616" lon="10.72763">
        <ele>310.2</ele>
      </trkpt>
      <trkpt lat="43.183749" lon="10.727744">
        <ele>309.5</ele>
      </trkpt>
      <trkpt lat="43.184006" lon="10.727868">
        <ele>308.4</ele>
      </trkpt>
      <trkpt lat="43.184094" lon="10.727882">
        <ele>308.0</ele>
      </trkpt>
      <trkpt lat="43.184169" lon="10.727858">
        <ele>307.6</ele>
      </trkpt>
      <trkpt lat="43.184241" lon="10.727791">
        <ele>307.5</ele>
      </trkpt>
      <trkpt lat="43.184542" lon="10.727394">
        <ele>307.3</ele>
      </trkpt>
      <trkpt lat="43.184612" lon="10.727337">
        <ele>307.3</ele>
      </trkpt>
      <trkpt lat="43.184681" lon="10.727322">
        <ele>307.2</ele>
      </trkpt>
      <trkpt lat="43.185274" lon="10.727611">
        <ele>307.0</ele>
      </trkpt>
      <trkpt lat="43.185445" lon="10.727638">
        <ele>306.9</ele>
      </trkpt>
      <trkpt lat="43.18552" lon="10.727615">
        <ele>306.9</ele>
      </trkpt>
      <trkpt lat="43.185966" lon="10.727078">
        <ele>306.4</ele>
      </trkpt>
      <trkpt lat="43.186079" lon="10.72689">
        <ele>306.2</ele>
      </trkpt>
      <trkpt lat="43.186126" lon="10.726787">
        <ele>306.1</ele>
      </trkpt>
      <trkpt lat="43.186146" lon="10.726675">
        <ele>306.0</ele>
      </trkpt>
      <trkpt lat="43.186167" lon="10.726173">
        <ele>305.6</ele>
      </trkpt>
      <trkpt lat="43.186254" lon="10.726013">
        <ele>305.4</ele>
      </trkpt>
      <trkpt lat="43.186381" lon="10.725885">
        <ele>305.2</ele>
      </trkpt>
      <trkpt lat="43.186789" lon="10.725654">
        <ele>304.7</ele>
      </trkpt>
      <trkpt lat="43.187286" lon="10.725453">
        <ele>302.2</ele>
      </trkpt>
      <trkpt lat="43.187627" lon="10.725363">
        <ele>300.4</ele>
      </trkpt>
      <trkpt lat="43.187905" lon="10.725375">
        <ele>298.9</ele>
      </trkpt>
      <trkpt lat="43.187993" lon="10.725412">
        <ele>298.4</ele>
      </trkpt>
      <trkpt lat="43.188151" lon="10.725527">
        <ele>297.5</ele>
      </trkpt>
      <trkpt lat="43.188231" lon="10.725648">
        <ele>296.9</ele>
      </trkpt>
      <trkpt lat="43.188347" lon="10.725985">
        <ele>295.5</ele>
      </trkpt>
      <trkpt lat="43.188375" lon="10.726195">
        <ele>294.8</ele>
      </trkpt>
      <trkpt lat="43.18838" lon="10.726979">
        <ele>292.5</ele>
      </trkpt>
      <trkpt lat="43.188431" lon="10.727158">
        <ele>291.9</ele>
      </trkpt>
      <trkpt lat="43.188469" lon="10.727225">
        <ele>291.6</ele>
      </trkpt>
      <trkpt lat="43.188595" lon="10.727279">
        <ele>291.1</ele>
      </trkpt>
      <trkpt lat="43.188897" lon="10.727183">
        <ele>289.9</ele>
      </trkpt>
      <trkpt lat="43.1891" lon="10.727176">
        <ele>289.0</ele>
      </trkpt>
      <trkpt lat="43.189208" lon="10.727217">
        <ele>288.6</ele>
      </trkpt>
      <trkpt lat="43.189286" lon="10.727311">
        <ele>288.1</ele>
      </trkpt>
      <trkpt lat="43.189376" lon="10.727571">
        <ele>287.4</ele>
      </trkpt>
      <trkpt lat="43.189387" lon="10.727729">
        <ele>287.0</ele>
      </trkpt>
      <trkpt lat="43.189315" lon="10.728202">
        <ele>285.7</ele>
      </trkpt>
      <trkpt lat="43.189315" lon="10.728347">
        <ele>285.3</ele>
      </trkpt>
      <trkpt lat="43.189371" lon="10.728617">
        <ele>284.6</ele>
      </trkpt>
      <trkpt lat="43.18944" lon="10.728694">
        <ele>284.3</ele>
      </trkpt>
      <trkpt lat="43.189665" lon="10.728788">
        <ele>283.5</ele>
      </trkpt>
      <trkpt lat="43.189872" lon="10.728772">
        <ele>282.7</ele>
      </trkpt>
      <trkpt lat="43.191299" lon="10.728217">
        <ele>275.3</ele>
      </trkpt>
      <trkpt lat="43.191455" lon="10.728224">
        <ele>274.5</ele>
      </trkpt>
      <trkpt lat="43.191587" lon="10.728299">
        <ele>273.7</ele>
      </trkpt>
      <trkpt lat="43.191827" lon="10.72852">
        <ele>272.1</ele>
      </trkpt>
      <trkpt lat="43.192048" lon="10.728813">
        <ele>270.4</ele>
      </trkpt>
      <trkpt lat="43.192194" lon="10.729119">
        <ele>268.8</ele>
      </trkpt>
      <trkpt lat="43.192339" lon="10.729625">
        <ele>266.5</ele>
      </trkpt>
      <trkpt lat="43.192561" lon="10.730659">
        <ele>262.0</ele>
      </trkpt>
      <trkpt lat="43.192651" lon="10.73109">
        <ele>261.0</ele>
      </trkpt>
      <trkpt lat="43.193012" lon="10.732063">
        <ele>259.7</ele>
      </trkpt>
      <trkpt lat="43.193174" lon="10.732393">
        <ele>259.2</ele>
      </trkpt>
      <trkpt lat="43.193384" lon="10.732705">
        <ele>258.7</ele>
      </trkpt>
      <trkpt lat="43.193785" lon="10.733263">
        <ele>257.2</ele>
      </trkpt>
      <trkpt lat="43.193988" lon="10.733503">
        <ele>256.4</ele>
      </trkpt>
      <trkpt lat="43.1941" lon="10.733641">
        <ele>261.0</ele>
      </trkpt>
      <trkpt lat="43.1941" lon="10.733641">
        <ele>261.0</ele>
      </trkpt>
      <trkpt lat="43.194207" lon="10.733727">
        <ele>261.1</ele>
      </trkpt>
      <trkpt lat="43.194872" lon="10.734371">
        <ele>258.1</ele>
      </trkpt>
      <trkpt lat="43.194915" lon="10.734456">
        <ele>258.1</ele>
      </trkpt>
      <trkpt lat="43.194937" lon="10.734542">
        <ele>258.4</ele>
      </trkpt>
      <trkpt lat="43.194937" lon="10.734651">
        <ele>259.0</ele>
      </trkpt>
      <trkpt lat="43.194851" lon="10.735058">
        <ele>262.2</ele>
      </trkpt>
      <trkpt lat="43.194851" lon="10.735293">
        <ele>263.7</ele>
      </trkpt>
      <trkpt lat="43.194915" lon="10.735508">
        <ele>264.8</ele>
      </trkpt>
      <trkpt lat="43.195023" lon="10.735808">
        <ele>266.4</ele>
      </trkpt>
      <trkpt lat="43.195238" lon="10.736302">
        <ele>269.2</ele>
      </trkpt>
      <trkpt lat="43.195301" lon="10.73641">
        <ele>269.8</ele>
      </trkpt>
      <trkpt lat="43.195409" lon="10.736496">
        <ele>270.3</ele>
      </trkpt>
      <trkpt lat="43.196481" lon="10.736946">
        <ele>272.1</ele>
      </trkpt>
      <trkpt lat="43.196547" lon="10.736988">
        <ele>272.3</ele>
      </trkpt>
      <trkpt lat="43.19661" lon="10.737054">
        <ele>272.7</ele>
      </trkpt>
      <trkpt lat="43.196653" lon="10.73714">
        <ele>273.1</ele>
      </trkpt>
      <trkpt lat="43.196696" lon="10.737268">
        <ele>273.8</ele>
      </trkpt>
      <trkpt lat="43.196739" lon="10.73759">
        <ele>275.4</ele>
      </trkpt>
      <trkpt lat="43.196761" lon="10.737676">
        <ele>275.8</ele>
      </trkpt>
      <trkpt lat="43.196782" lon="10.737719">
        <ele>275.9</ele>
      </trkpt>
      <trkpt lat="43.196824" lon="10.737782">
        <ele>276.0</ele>
      </trkpt>
      <trkpt lat="43.196867" lon="10.737805">
        <ele>275.9</ele>
      </trkpt>
      <trkpt lat="43.196996" lon="10.737868">
        <ele>275.5</ele>
      </trkpt>
      <trkpt lat="43.197405" lon="10.737911">
        <ele>276.0</ele>
      </trkpt>
      <trkpt lat="43.197469" lon="10.737911">
        <ele>276.1</ele>
      </trkpt>
      <trkpt lat="43.197534" lon="10.737934">
        <ele>276.3</ele>
      </trkpt>
      <trkpt lat="43.197813" lon="10.737911">
        <ele>276.3</ele>
      </trkpt>
      <trkpt lat="43.19807" lon="10.737848">
        <ele>277.3</ele>
      </trkpt>
      <trkpt lat="43.198199" lon="10.737825">
        <ele>277.9</ele>
      </trkpt>
      <trkpt lat="43.198285" lon="10.737825">
        <ele>278.4</ele>
      </trkpt>
      <trkpt lat="43.198585" lon="10.737848">
        <ele>280.5</ele>
      </trkpt>
      <trkpt lat="43.198734" lon="10.737676">
        <ele>279.9</ele>
      </trkpt>
      <trkpt lat="43.198777" lon="10.737568">
        <ele>278.8</ele>
      </trkpt>
      <trkpt lat="43.198864" lon="10.737525">
        <ele>278.7</ele>
      </trkpt>
      <trkpt lat="43.199636" lon="10.737183">
        <ele>276.9</ele>
      </trkpt>
      <trkpt lat="43.199743" lon="10.73716">
        <ele>276.9</ele>
      </trkpt>
      <trkpt lat="43.199871" lon="10.737183">
        <ele>277.7</ele>
      </trkpt>
      <trkpt lat="43.19998" lon="10.737246">
        <ele>278.9</ele>
      </trkpt>
      <trkpt lat="43.200029" lon="10.737287">
        <ele>279.5</ele>
      </trkpt>
      <trkpt lat="43.2" lon="10.737354">
        <ele>280.3</ele>
      </trkpt>
      <trkpt lat="43.200029" lon="10.737287">
        <ele>279.5</ele>
      </trkpt>
      <trkpt lat="43.19998" lon="10.737246">
        <ele>278.9</ele>
      </trkpt>
      <trkpt lat="43.200086" lon="10.737332">
        <ele>280.1</ele>
      </trkpt>
      <trkpt lat="43.200259" lon="10.737547">
        <ele>282.4</ele>
      </trkpt>
      <trkpt lat="43.200302" lon="10.73759">
        <ele>282.8</ele>
      </trkpt>
      <trkpt lat="43.200365" lon="10.737633">
        <ele>282.9</ele>
      </trkpt>
      <trkpt lat="43.200408" lon="10.737654">
        <ele>282.9</ele>
      </trkpt>
      <trkpt lat="43.200602" lon="10.737654">
        <ele>281.8</ele>
      </trkpt>
      <trkpt lat="43.200734" lon="10.737637">
        <ele>280.8</ele>
      </trkpt>
      <trkpt lat="43.200774" lon="10.737633">
        <ele>280.5</ele>
      </trkpt>
      <trkpt lat="43.200817" lon="10.737633">
        <ele>280.2</ele>
      </trkpt>
      <trkpt lat="43.200817" lon="10.737547">
        <ele>279.9</ele>
      </trkpt>
      <trkpt lat="43.200837" lon="10.737461">
        <ele>279.5</ele>
      </trkpt>
      <trkpt lat="43.200858" lon="10.737361">
        <ele>279.2</ele>
      </trkpt>
      <trkpt lat="43.20086" lon="10.737031">
        <ele>278.4</ele>
      </trkpt>
      <trkpt lat="43.200837" lon="10.736882">
        <ele>278.0</ele>
      </trkpt>
      <trkpt lat="43.200837" lon="10.736731">
        <ele>277.7</ele>
      </trkpt>
      <trkpt lat="43.20088" lon="10.736711">
        <ele>277.9</ele>
      </trkpt>
      <trkpt lat="43.201031" lon="10.736645">
        <ele>278.5</ele>
      </trkpt>
      <trkpt lat="43.201074" lon="10.736582">
        <ele>278.7</ele>
      </trkpt>
      <trkpt lat="43.201095" lon="10.736496">
        <ele>278.9</ele>
      </trkpt>
      <trkpt lat="43.201117" lon="10.736388">
        <ele>279.1</ele>
      </trkpt>
      <trkpt lat="43.201095" lon="10.736196">
        <ele>279.2</ele>
      </trkpt>
      <trkpt lat="43.200966" lon="10.735659">
        <ele>273.3</ele>
      </trkpt>
      <trkpt lat="43.200934" lon="10.73556">
        <ele>271.5</ele>
      </trkpt>
      <trkpt lat="43.20086" lon="10.735402">
        <ele>268.8</ele>
      </trkpt>
      <trkpt lat="43.200688" lon="10.735187">
        <ele>265.4</ele>
      </trkpt>
      <trkpt lat="43.200602" lon="10.735122">
        <ele>264.6</ele>
      </trkpt>
      <trkpt lat="43.200559" lon="10.735122">
        <ele>264.6</ele>
      </trkpt>
      <trkpt lat="43.200494" lon="10.735144">
        <ele>265.0</ele>
      </trkpt>
      <trkpt lat="43.200387" lon="10.73523">
        <ele>266.1</ele>
      </trkpt>
      <trkpt lat="43.200345" lon="10.735293">
        <ele>266.8</ele>
      </trkpt>
      <trkpt lat="43.200345" lon="10.73553">
        <ele>269.3</ele>
      </trkpt>
      <trkpt lat="43.200389" lon="10.73571">
        <ele>271.5</ele>
      </trkpt>
      <trkpt lat="43.20043" lon="10.735874">
        <ele>273.6</ele>
      </trkpt>
      <trkpt lat="43.200602" lon="10.736582">
        <ele>276.6</ele>
      </trkpt>
      <trkpt lat="43.200751" lon="10.737203">
        <ele>278.9</ele>
      </trkpt>
      <trkpt lat="43.200817" lon="10.737547">
        <ele>279.9</ele>
      </trkpt>
      <trkpt lat="43.200817" lon="10.737633">
        <ele>280.2</ele>
      </trkpt>
      <trkpt lat="43.200774" lon="10.737633">
        <ele>280.5</ele>
      </trkpt>
      <trkpt lat="43.200602" lon="10.737654">
        <ele>281.8</ele>
      </trkpt>
      <trkpt lat="43.200408" lon="10.737654">
        <ele>282.9</ele>
      </trkpt>
      <trkpt lat="43.200365" lon="10.737633">
        <ele>282.9</ele>
      </trkpt>
      <trkpt lat="43.200302" lon="10.73759">
        <ele>282.8</ele>
      </trkpt>
      <trkpt lat="43.200259" lon="10.737547">
        <ele>282.4</ele>
      </trkpt>
      <trkpt lat="43.200086" lon="10.737332">
        <ele>280.1</ele>
      </trkpt>
      <trkpt lat="43.19998" lon="10.737246">
        <ele>278.9</ele>
      </trkpt>
      <trkpt lat="43.199871" lon="10.737183">
        <ele>277.7</ele>
      </trkpt>
      <trkpt lat="43.199743" lon="10.73716">
        <ele>276.9</ele>
      </trkpt>
      <trkpt lat="43.199636" lon="10.737183">
        <ele>276.9</ele>
      </trkpt>
      <trkpt lat="43.198864" lon="10.737525">
        <ele>278.7</ele>
      </trkpt>
      <trkpt lat="43.198777" lon="10.737568">
        <ele>278.8</ele>
      </trkpt>
      <trkpt lat="43.198734" lon="10.737676">
        <ele>279.9</ele>
      </trkpt>
      <trkpt lat="43.198585" lon="10.737848">
        <ele>280.5</ele>
      </trkpt>
      <trkpt lat="43.198285" lon="10.737825">
        <ele>278.4</ele>
      </trkpt>
      <trkpt lat="43.198199" lon="10.737825">
        <ele>277.9</ele>
      </trkpt>
      <trkpt lat="43.19807" lon="10.737848">
        <ele>277.3</ele>
      </trkpt>
      <trkpt lat="43.197813" lon="10.737911">
        <ele>276.3</ele>
      </trkpt>
      <trkpt lat="43.197534" lon="10.737934">
        <ele>276.3</ele>
      </trkpt>
      <trkpt lat="43.197469" lon="10.737911">
        <ele>276.1</ele>
      </trkpt>
      <trkpt lat="43.197405" lon="10.737911">
        <ele>276.0</ele>
      </trkpt>
      <trkpt lat="43.196996" lon="10.737868">
        <ele>275.5</ele>
      </trkpt>
      <trkpt lat="43.196867" lon="10.737805">
        <ele>275.9</ele>
      </trkpt>
      <trkpt lat="43.196824" lon="10.737782">
        <ele>276.0</ele>
      </trkpt>
      <trkpt lat="43.196782" lon="10.737719">
        <ele>275.9</ele>
      </trkpt>
      <trkpt lat="43.196761" lon="10.737676">
        <ele>275.8</ele>
      </trkpt>
      <trkpt lat="43.196739" lon="10.73759">
        <ele>275.4</ele>
      </trkpt>
      <trkpt lat="43.196696" lon="10.737268">
        <ele>273.8</ele>
      </trkpt>
      <trkpt lat="43.196653" lon="10.73714">
        <ele>273.1</ele>
      </trkpt>
      <trkpt lat="43.19661" lon="10.737054">
        <ele>272.7</ele>
      </trkpt>
      <trkpt lat="43.196547" lon="10.736988">
        <ele>272.3</ele>
      </trkpt>
      <trkpt lat="43.196481" lon="10.736946">
        <ele>272.1</ele>
      </trkpt>
      <trkpt lat="43.195409" lon="10.736496">
        <ele>270.3</ele>
      </trkpt>
      <trkpt lat="43.195301" lon="10.73641">
        <ele>269.8</ele>
      </trkpt>
      <trkpt lat="43.195238" lon="10.736302">
        <ele>269.2</ele>
      </trkpt>
      <trkpt lat="43.195023" lon="10.735808">
        <ele>266.4</ele>
      </trkpt>
      <trkpt lat="43.194915" lon="10.735508">
        <ele>264.8</ele>
      </trkpt>
      <trkpt lat="43.194851" lon="10.735293">
        <ele>263.7</ele>
      </trkpt>
      <trkpt lat="43.194851" lon="10.735058">
        <ele>262.2</ele>
      </trkpt>
      <trkpt lat="43.194937" lon="10.734651">
        <ele>259.0</ele>
      </trkpt>
      <trkpt lat="43.194937" lon="10.734542">
        <ele>258.4</ele>
      </trkpt>
      <trkpt lat="43.194915" lon="10.734456">
        <ele>258.1</ele>
      </trkpt>
      <trkpt lat="43.194872" lon="10.734371">
        <ele>258.1</ele>
      </trkpt>
      <trkpt lat="43.194207" lon="10.733727">
        <ele>261.1</ele>
      </trkpt>
      <trkpt lat="43.1941" lon="10.733641">
        <ele>261.0</ele>
      </trkpt>
      <trkpt lat="43.1941" lon="10.733641">
        <ele>261.0</ele>
      </trkpt>
      <trkpt lat="43.193988" lon="10.733503">
        <ele>256.4</ele>
      </trkpt>
      <trkpt lat="43.194003" lon="10.733767">
        <ele>255.8</ele>
      </trkpt>
      <trkpt lat="43.194001" lon="10.733852">
        <ele>255.6</ele>
      </trkpt>
      <trkpt lat="43.193773" lon="10.734466">
        <ele>254.1</ele>
      </trkpt>
      <trkpt lat="43.193399" lon="10.736164">
        <ele>250.6</ele>
      </trkpt>
      <trkpt lat="43.193337" lon="10.736368">
        <ele>250.1</ele>
      </trkpt>
      <trkpt lat="43.193283" lon="10.736456">
        <ele>249.9</ele>
      </trkpt>
      <trkpt lat="43.193156" lon="10.736578">
        <ele>249.5</ele>
      </trkpt>
      <trkpt lat="43.19267" lon="10.736659">
        <ele>248.2</ele>
      </trkpt>
      <trkpt lat="43.192487" lon="10.736771">
        <ele>248.2</ele>
      </trkpt>
      <trkpt lat="43.192362" lon="10.73697">
        <ele>248.1</ele>
      </trkpt>
      <trkpt lat="43.192089" lon="10.737786">
        <ele>247.9</ele>
      </trkpt>
      <trkpt lat="43.192014" lon="10.737939">
        <ele>247.8</ele>
      </trkpt>
      <trkpt lat="43.191855" lon="10.738113">
        <ele>247.8</ele>
      </trkpt>
      <trkpt lat="43.191657" lon="10.738169">
        <ele>247.7</ele>
      </trkpt>
      <trkpt lat="43.191195" lon="10.738182">
        <ele>246.9</ele>
      </trkpt>
      <trkpt lat="43.190695" lon="10.738337">
        <ele>245.4</ele>
      </trkpt>
      <trkpt lat="43.19038" lon="10.7385">
        <ele>244.4</ele>
      </trkpt>
      <trkpt lat="43.190095" lon="10.738767">
        <ele>243.4</ele>
      </trkpt>
      <trkpt lat="43.189933" lon="10.739026">
        <ele>242.7</ele>
      </trkpt>
      <trkpt lat="43.189137" lon="10.740584">
        <ele>239.9</ele>
      </trkpt>
      <trkpt lat="43.188913" lon="10.740979">
        <ele>239.2</ele>
      </trkpt>
      <trkpt lat="43.188682" lon="10.741286">
        <ele>238.8</ele>
      </trkpt>
      <trkpt lat="43.187846" lon="10.742212">
        <ele>238.2</ele>
      </trkpt>
      <trkpt lat="43.187773" lon="10.742263">
        <ele>238.1</ele>
      </trkpt>
      <trkpt lat="43.187618" lon="10.742326">
        <ele>238.0</ele>
      </trkpt>
      <trkpt lat="43.187535" lon="10.742333">
        <ele>238.0</ele>
      </trkpt>
      <trkpt lat="43.187387" lon="10.742247">
        <ele>237.9</ele>
      </trkpt>
      <trkpt lat="43.187248" lon="10.742065">
        <ele>237.7</ele>
      </trkpt>
      <trkpt lat="43.186995" lon="10.74133">
        <ele>237.2</ele>
      </trkpt>
      <trkpt lat="43.18687" lon="10.741115">
        <ele>237.0</ele>
      </trkpt>
      <trkpt lat="43.186634" lon="10.740932">
        <ele>236.8</ele>
      </trkpt>
      <trkpt lat="43.186077" lon="10.740716">
        <ele>236.2</ele>
      </trkpt>
      <trkpt lat="43.185851" lon="10.740518">
        <ele>235.7</ele>
      </trkpt>
      <trkpt lat="43.185756" lon="10.740365">
        <ele>235.4</ele>
      </trkpt>
      <trkpt lat="43.185629" lon="10.740003">
        <ele>234.8</ele>
      </trkpt>
      <trkpt lat="43.185619" lon="10.739851">
        <ele>234.6</ele>
      </trkpt>
      <trkpt lat="43.185691" lon="10.739307">
        <ele>233.7</ele>
      </trkpt>
      <trkpt lat="43.185699" lon="10.73902">
        <ele>233.3</ele>
      </trkpt>
      <trkpt lat="43.185659" lon="10.738856">
        <ele>233.0</ele>
      </trkpt>
      <trkpt lat="43.185466" lon="10.738395">
        <ele>231.9</ele>
      </trkpt>
      <trkpt lat="43.185403" lon="10.738169">
        <ele>231.0</ele>
      </trkpt>
      <trkpt lat="43.185176" lon="10.736811">
        <ele>226.0</ele>
      </trkpt>
      <trkpt lat="43.185031" lon="10.736383">
        <ele>224.3</ele>
      </trkpt>
      <trkpt lat="43.184871" lon="10.736113">
        <ele>223.4</ele>
      </trkpt>
      <trkpt lat="43.184623" lon="10.735891">
        <ele>222.9</ele>
      </trkpt>
      <trkpt lat="43.184364" lon="10.735782">
        <ele>222.5</ele>
      </trkpt>
      <trkpt lat="43.184103" lon="10.73578">
        <ele>222.0</ele>
      </trkpt>
      <trkpt lat="43.183994" lon="10.735831">
        <ele>221.8</ele>
      </trkpt>
      <trkpt lat="43.183878" lon="10.735927">
        <ele>221.6</ele>
      </trkpt>
      <trkpt lat="43.183795" lon="10.736043">
        <ele>221.4</ele>
      </trkpt>
      <trkpt lat="43.183591" lon="10.736664">
        <ele>220.6</ele>
      </trkpt>
      <trkpt lat="43.183505" lon="10.736769">
        <ele>220.3</ele>
      </trkpt>
      <trkpt lat="43.183414" lon="10.736828">
        <ele>220.1</ele>
      </trkpt>
      <trkpt lat="43.18328" lon="10.736857">
        <ele>219.8</ele>
      </trkpt>
      <trkpt lat="43.183142" lon="10.736818">
        <ele>219.4</ele>
      </trkpt>
      <trkpt lat="43.182243" lon="10.736362">
        <ele>217.2</ele>
      </trkpt>
      <trkpt lat="43.182066" lon="10.736306">
        <ele>216.7</ele>
      </trkpt>
      <trkpt lat="43.181614" lon="10.736282">
        <ele>216.6</ele>
      </trkpt>
      <trkpt lat="43.181482" lon="10.736299">
        <ele>216.7</ele>
      </trkpt>
      <trkpt lat="43.181349" lon="10.736363">
        <ele>216.8</ele>
      </trkpt>
      <trkpt lat="43.181232" lon="10.736456">
        <ele>216.8</ele>
      </trkpt>
      <trkpt lat="43.181045" lon="10.736746">
        <ele>217.0</ele>
      </trkpt>
      <trkpt lat="43.180465" lon="10.738625">
        <ele>218.9</ele>
      </trkpt>
      <trkpt lat="43.180352" lon="10.738893">
        <ele>219.4</ele>
      </trkpt>
      <trkpt lat="43.18021" lon="10.739004">
        <ele>219.7</ele>
      </trkpt>
      <trkpt lat="43.180111" lon="10.739014">
        <ele>219.9</ele>
      </trkpt>
      <trkpt lat="43.179941" lon="10.738931">
        <ele>220.3</ele>
      </trkpt>
      <trkpt lat="43.179855" lon="10.738821">
        <ele>220.5</ele>
      </trkpt>
      <trkpt lat="43.179363" lon="10.737729">
        <ele>217.8</ele>
      </trkpt>
      <trkpt lat="43.178758" lon="10.736997">
        <ele>213.3</ele>
      </trkpt>
      <trkpt lat="43.178284" lon="10.736751">
        <ele>210.9</ele>
      </trkpt>
      <trkpt lat="43.178013" lon="10.736529">
        <ele>210.3</ele>
      </trkpt>
      <trkpt lat="43.177797" lon="10.736485">
        <ele>209.9</ele>
      </trkpt>
      <trkpt lat="43.177623" lon="10.73664">
        <ele>209.6</ele>
      </trkpt>
      <trkpt lat="43.176952" lon="10.737652">
        <ele>207.8</ele>
      </trkpt>
      <trkpt lat="43.176793" lon="10.737749">
        <ele>207.5</ele>
      </trkpt>
      <trkpt lat="43.176673" lon="10.737766">
        <ele>207.3</ele>
      </trkpt>
      <trkpt lat="43.176529" lon="10.73772">
        <ele>207.0</ele>
      </trkpt>
      <trkpt lat="43.176283" lon="10.737566">
        <ele>206.5</ele>
      </trkpt>
      <trkpt lat="43.176088" lon="10.73752">
        <ele>206.2</ele>
      </trkpt>
      <trkpt lat="43.175995" lon="10.737541">
        <ele>206.0</ele>
      </trkpt>
      <trkpt lat="43.175837" lon="10.737691">
        <ele>205.7</ele>
      </trkpt>
      <trkpt lat="43.175575" lon="10.73819">
        <ele>204.9</ele>
      </trkpt>
      <trkpt lat="43.175481" lon="10.738283">
        <ele>204.7</ele>
      </trkpt>
      <trkpt lat="43.175373" lon="10.738332">
        <ele>204.7</ele>
      </trkpt>
      <trkpt lat="43.175236" lon="10.73834">
        <ele>204.7</ele>
      </trkpt>
      <trkpt lat="43.174958" lon="10.738306">
        <ele>204.7</ele>
      </trkpt>
      <trkpt lat="43.174712" lon="10.738338">
        <ele>204.6</ele>
      </trkpt>
      <trkpt lat="43.174574" lon="10.73855">
        <ele>204.6</ele>
      </trkpt>
      <trkpt lat="43.174461" lon="10.739013">
        <ele>204.6</ele>
      </trkpt>
      <trkpt lat="43.174386" lon="10.739177">
        <ele>204.6</ele>
      </trkpt>
      <trkpt lat="43.174205" lon="10.739341">
        <ele>204.6</ele>
      </trkpt>
      <trkpt lat="43.174018" lon="10.739344">
        <ele>204.5</ele>
      </trkpt>
      <trkpt lat="43.173927" lon="10.739293">
        <ele>204.5</ele>
      </trkpt>
      <trkpt lat="43.17383" lon="10.739189">
        <ele>204.5</ele>
      </trkpt>
      <trkpt lat="43.173476" lon="10.738585">
        <ele>204.3</ele>
      </trkpt>
      <trkpt lat="43.17338" lon="10.738487">
        <ele>204.3</ele>
      </trkpt>
      <trkpt lat="43.173059" lon="10.738267">
        <ele>204.2</ele>
      </trkpt>
      <trkpt lat="43.172925" lon="10.738133">
        <ele>204.1</ele>
      </trkpt>
      <trkpt lat="43.172563" lon="10.737506">
        <ele>203.7</ele>
      </trkpt>
      <trkpt lat="43.17246" lon="10.737408">
        <ele>203.6</ele>
      </trkpt>
      <trkpt lat="43.17204" lon="10.737188">
        <ele>203.1</ele>
      </trkpt>
      <trkpt lat="43.171945" lon="10.737107">
        <ele>203.0</ele>
      </trkpt>
      <trkpt lat="43.171798" lon="10.736803">
        <ele>202.7</ele>
      </trkpt>
      <trkpt lat="43.171569" lon="10.735775">
        <ele>201.4</ele>
      </trkpt>
      <trkpt lat="43.171444" lon="10.735446">
        <ele>200.7</ele>
      </trkpt>
      <trkpt lat="43.171275" lon="10.735131">
        <ele>199.9</ele>
      </trkpt>
      <trkpt lat="43.17057" lon="10.734062">
        <ele>197.1</ele>
      </trkpt>
      <trkpt lat="43.170466" lon="10.733924">
        <ele>196.8</ele>
      </trkpt>
      <trkpt lat="43.170291" lon="10.733846">
        <ele>196.4</ele>
      </trkpt>
      <trkpt lat="43.170144" lon="10.733904">
        <ele>196.1</ele>
      </trkpt>
      <trkpt lat="43.170029" lon="10.734011">
        <ele>195.8</ele>
      </trkpt>
      <trkpt lat="43.169385" lon="10.735031">
        <ele>193.7</ele>
      </trkpt>
      <trkpt lat="43.169261" lon="10.735185">
        <ele>193.4</ele>
      </trkpt>
      <trkpt lat="43.169117" lon="10.735271">
        <ele>193.4</ele>
      </trkpt>
      <trkpt lat="43.168912" lon="10.735265">
        <ele>193.3</ele>
      </trkpt>
      <trkpt lat="43.168778" lon="10.735176">
        <ele>193.3</ele>
      </trkpt>
      <trkpt lat="43.168522" lon="10.7348">
        <ele>193.2</ele>
      </trkpt>
      <trkpt lat="43.168405" lon="10.734713">
        <ele>193.1</ele>
      </trkpt>
      <trkpt lat="43.168319" lon="10.734683">
        <ele>193.1</ele>
      </trkpt>
      <trkpt lat="43.16794" lon="10.734715">
        <ele>193.0</ele>
      </trkpt>
      <trkpt lat="43.167847" lon="10.734699">
        <ele>192.9</ele>
      </trkpt>
      <trkpt lat="43.16769" lon="10.734614">
        <ele>192.9</ele>
      </trkpt>
      <trkpt lat="43.167617" lon="10.734527">
        <ele>192.3</ele>
      </trkpt>
      <trkpt lat="43.1675" lon="10.734266">
        <ele>190.8</ele>
      </trkpt>
      <trkpt lat="43.167344" lon="10.733497">
        <ele>186.9</ele>
      </trkpt>
      <trkpt lat="43.167263" lon="10.733264">
        <ele>185.6</ele>
      </trkpt>
      <trkpt lat="43.167114" lon="10.733126">
        <ele>184.4</ele>
      </trkpt>
      <trkpt lat="43.16676" lon="10.732978">
        <ele>181.9</ele>
      </trkpt>
      <trkpt lat="43.166634" lon="10.732873">
        <ele>180.9</ele>
      </trkpt>
      <trkpt lat="43.166534" lon="10.732755">
        <ele>179.8</ele>
      </trkpt>
      <trkpt lat="43.166349" lon="10.732456">
        <ele>177.4</ele>
      </trkpt>
      <trkpt lat="43.166136" lon="10.732226">
        <ele>175.1</ele>
      </trkpt>
      <trkpt lat="43.165861" lon="10.732113">
        <ele>172.7</ele>
      </trkpt>
      <trkpt lat="43.164555" lon="10.731724">
        <ele>162.6</ele>
      </trkpt>
      <trkpt lat="43.162321" lon="10.731076">
        <ele>148.9</ele>
      </trkpt>
      <trkpt lat="43.161329" lon="10.73076">
        <ele>142.7</ele>
      </trkpt>
      <trkpt lat="43.161129" lon="10.730702">
        <ele>141.4</ele>
      </trkpt>
      <trkpt lat="43.160993" lon="10.730655">
        <ele>140.4</ele>
      </trkpt>
      <trkpt lat="43.160785" lon="10.730544">
        <ele>138.9</ele>
      </trkpt>
      <trkpt lat="43.160406" lon="10.730063">
        <ele>135.5</ele>
      </trkpt>
      <trkpt lat="43.160201" lon="10.729948">
        <ele>134.0</ele>
      </trkpt>
      <trkpt lat="43.159709" lon="10.729767">
        <ele>130.9</ele>
      </trkpt>
      <trkpt lat="43.159486" lon="10.729635">
        <ele>129.5</ele>
      </trkpt>
      <trkpt lat="43.158998" lon="10.729079">
        <ele>126.0</ele>
      </trkpt>
      <trkpt lat="43.158522" lon="10.728694">
        <ele>123.0</ele>
      </trkpt>
      <trkpt lat="43.15591" lon="10.726975">
        <ele>112.5</ele>
      </trkpt>
      <trkpt lat="43.155645" lon="10.726796">
        <ele>111.6</ele>
      </trkpt>
      <trkpt lat="43.152573" lon="10.724738">
        <ele>107.5</ele>
      </trkpt>
      <trkpt lat="43.152517" lon="10.724699">
        <ele>107.5</ele>
      </trkpt>
      <trkpt lat="43.152112" lon="10.724485">
        <ele>107.5</ele>
      </trkpt>
      <trkpt lat="43.151832" lon="10.724398">
        <ele>107.6</ele>
      </trkpt>
      <trkpt lat="43.151488" lon="10.724403">
        <ele>108.5</ele>
      </trkpt>
      <trkpt lat="43.150573" lon="10.724559">
        <ele>111.1</ele>
      </trkpt>
      <trkpt lat="43.150371" lon="10.724594">
        <ele>111.7</ele>
      </trkpt>
      <trkpt lat="43.150231" lon="10.724681">
        <ele>112.1</ele>
      </trkpt>
      <trkpt lat="43.150152" lon="10.724788">
        <ele>112.4</ele>
      </trkpt>
      <trkpt lat="43.150083" lon="10.724934">
        <ele>112.3</ele>
      </trkpt>
      <trkpt lat="43.149985" lon="10.725353">
        <ele>111.9</ele>
      </trkpt>
      <trkpt lat="43.149876" lon="10.726159">
        <ele>111.0</ele>
      </trkpt>
      <trkpt lat="43.149625" lon="10.727927">
        <ele>109.3</ele>
      </trkpt>
      <trkpt lat="43.149569" lon="10.72819">
        <ele>109.1</ele>
      </trkpt>
      <trkpt lat="43.149482" lon="10.728381">
        <ele>108.9</ele>
      </trkpt>
      <trkpt lat="43.149301" lon="10.728596">
        <ele>108.6</ele>
      </trkpt>
      <trkpt lat="43.149147" lon="10.728729">
        <ele>108.3</ele>
      </trkpt>
      <trkpt lat="43.147786" lon="10.729799">
        <ele>106.2</ele>
      </trkpt>
      <trkpt lat="43.146719" lon="10.730858">
        <ele>104.3</ele>
      </trkpt>
      <trkpt lat="43.146561" lon="10.730971">
        <ele>104.0</ele>
      </trkpt>
      <trkpt lat="43.146243" lon="10.731105">
        <ele>103.4</ele>
      </trkpt>
      <trkpt lat="43.144862" lon="10.731524">
        <ele>101.8</ele>
      </trkpt>
      <trkpt lat="43.144332" lon="10.731621">
        <ele>101.5</ele>
      </trkpt>
      <trkpt lat="43.143648" lon="10.731635">
        <ele>100.7</ele>
      </trkpt>
      <trkpt lat="43.143453" lon="10.731681">
        <ele>100.2</ele>
      </trkpt>
      <trkpt lat="43.14282" lon="10.73202">
        <ele>98.3</ele>
      </trkpt>
      <trkpt lat="43.142636" lon="10.732077">
        <ele>97.8</ele>
      </trkpt>
      <trkpt lat="43.142461" lon="10.732088">
        <ele>97.3</ele>
      </trkpt>
      <trkpt lat="43.142187" lon="10.732042">
        <ele>96.5</ele>
      </trkpt>
      <trkpt lat="43.141994" lon="10.731962">
        <ele>96.0</ele>
      </trkpt>
      <trkpt lat="43.140552" lon="10.730903">
        <ele>92.4</ele>
      </trkpt>
      <trkpt lat="43.139181" lon="10.729886">
        <ele>92.5</ele>
      </trkpt>
      <trkpt lat="43.138966" lon="10.729607">
        <ele>92.5</ele>
      </trkpt>
      <trkpt lat="43.138759" lon="10.729202">
        <ele>92.4</ele>
      </trkpt>
      <trkpt lat="43.138521" lon="10.728902">
        <ele>92.3</ele>
      </trkpt>
      <trkpt lat="43.138207" lon="10.728692">
        <ele>92.1</ele>
      </trkpt>
      <trkpt lat="43.137695" lon="10.728528">
        <ele>91.9</ele>
      </trkpt>
      <trkpt lat="43.137461" lon="10.728353">
        <ele>91.8</ele>
      </trkpt>
      <trkpt lat="43.13726" lon="10.728114">
        <ele>91.4</ele>
      </trkpt>
      <trkpt lat="43.135718" lon="10.726071">
        <ele>88.6</ele>
      </trkpt>
      <trkpt lat="43.135427" lon="10.725687">
        <ele>88.2</ele>
      </trkpt>
      <trkpt lat="43.135112" lon="10.725282">
        <ele>87.8</ele>
      </trkpt>
      <trkpt lat="43.134779" lon="10.724849">
        <ele>87.5</ele>
      </trkpt>
      <trkpt lat="43.133506" lon="10.722999">
        <ele>86.9</ele>
      </trkpt>
      <trkpt lat="43.133184" lon="10.722663">
        <ele>86.6</ele>
      </trkpt>
      <trkpt lat="43.132648" lon="10.722231">
        <ele>86.1</ele>
      </trkpt>
      <trkpt lat="43.13228" lon="10.721892">
        <ele>85.7</ele>
      </trkpt>
      <trkpt lat="43.131999" lon="10.721545">
        <ele>85.4</ele>
      </trkpt>
      <trkpt lat="43.131491" lon="10.720775">
        <ele>84.7</ele>
      </trkpt>
      <trkpt lat="43.130836" lon="10.719869">
        <ele>83.8</ele>
      </trkpt>
      <trkpt lat="43.130321" lon="10.719265">
        <ele>82.9</ele>
      </trkpt>
      <trkpt lat="43.130179" lon="10.719141">
        <ele>82.7</ele>
      </trkpt>
      <trkpt lat="43.129952" lon="10.718967">
        <ele>82.4</ele>
      </trkpt>
      <trkpt lat="43.129671" lon="10.718796">
        <ele>82.0</ele>
      </trkpt>
      <trkpt lat="43.126857" lon="10.717371">
        <ele>78.1</ele>
      </trkpt>
      <trkpt lat="43.126249" lon="10.717141">
        <ele>77.3</ele>
      </trkpt>
      <trkpt lat="43.125491" lon="10.716984">
        <ele>76.7</ele>
      </trkpt>
      <trkpt lat="43.125422" lon="10.716994">
        <ele>76.7</ele>
      </trkpt>
      <trkpt lat="43.125327" lon="10.717528">
        <ele>76.5</ele>
      </trkpt>
      <trkpt lat="43.125228" lon="10.718116">
        <ele>76.3</ele>
      </trkpt>
      <trkpt lat="43.124996" lon="10.719397">
        <ele>76.5</ele>
      </trkpt>
      <trkpt lat="43.124947" lon="10.719558">
        <ele>76.6</ele>
      </trkpt>
      <trkpt lat="43.124856" lon="10.719772">
        <ele>76.8</ele>
      </trkpt>
      <trkpt lat="43.124757" lon="10.719927">
        <ele>76.9</ele>
      </trkpt>
      <trkpt lat="43.124657" lon="10.720071">
        <ele>77.0</ele>
      </trkpt>
      <trkpt lat="43.124529" lon="10.720189">
        <ele>77.1</ele>
      </trkpt>
      <trkpt lat="43.122633" lon="10.721455">
        <ele>79.1</ele>
      </trkpt>
      <trkpt lat="43.122481" lon="10.721523">
        <ele>79.3</ele>
      </trkpt>
      <trkpt lat="43.12214" lon="10.721573">
        <ele>79.9</ele>
      </trkpt>
      <trkpt lat="43.120653" lon="10.721301">
        <ele>82.2</ele>
      </trkpt>
      <trkpt lat="43.12047" lon="10.721251">
        <ele>82.0</ele>
      </trkpt>
      <trkpt lat="43.120312" lon="10.721166">
        <ele>81.9</ele>
      </trkpt>
      <trkpt lat="43.119991" lon="10.720933">
        <ele>81.5</ele>
      </trkpt>
      <trkpt lat="43.118188" lon="10.719283">
        <ele>78.2</ele>
      </trkpt>
      <trkpt lat="43.11806" lon="10.719185">
        <ele>77.9</ele>
      </trkpt>
      <trkpt lat="43.117923" lon="10.719129">
        <ele>77.6</ele>
      </trkpt>
      <trkpt lat="43.117609" lon="10.719177">
        <ele>76.9</ele>
      </trkpt>
      <trkpt lat="43.11634" lon="10.719786">
        <ele>75.8</ele>
      </trkpt>
      <trkpt lat="43.11518" lon="10.720173">
        <ele>75.3</ele>
      </trkpt>
      <trkpt lat="43.114829" lon="10.720246">
        <ele>75.3</ele>
      </trkpt>
      <trkpt lat="43.113975" lon="10.720333">
        <ele>75.1</ele>
      </trkpt>
      <trkpt lat="43.113566" lon="10.720456">
        <ele>74.5</ele>
      </trkpt>
      <trkpt lat="43.113351" lon="10.720577">
        <ele>74.2</ele>
      </trkpt>
      <trkpt lat="43.113215" lon="10.72069">
        <ele>74.0</ele>
      </trkpt>
      <trkpt lat="43.11308" lon="10.72082">
        <ele>73.8</ele>
      </trkpt>
      <trkpt lat="43.112974" lon="10.720966">
        <ele>73.6</ele>
      </trkpt>
      <trkpt lat="43.112797" lon="10.721301">
        <ele>73.2</ele>
      </trkpt>
      <trkpt lat="43.112733" lon="10.721473">
        <ele>73.0</ele>
      </trkpt>
      <trkpt lat="43.112668" lon="10.721751">
        <ele>72.7</ele>
      </trkpt>
      <trkpt lat="43.112591" lon="10.722907">
        <ele>71.4</ele>
      </trkpt>
      <trkpt lat="43.11257" lon="10.723098">
        <ele>71.1</ele>
      </trkpt>
      <trkpt lat="43.112519" lon="10.723278">
        <ele>70.9</ele>
      </trkpt>
      <trkpt lat="43.112451" lon="10.723429">
        <ele>70.7</ele>
      </trkpt>
      <trkpt lat="43.112355" lon="10.723573">
        <ele>70.5</ele>
      </trkpt>
      <trkpt lat="43.112207" lon="10.723704">
        <ele>70.2</ele>
      </trkpt>
      <trkpt lat="43.111708" lon="10.723999">
        <ele>69.7</ele>
      </trkpt>
      <trkpt lat="43.11089" lon="10.724449">
        <ele>69.2</ele>
      </trkpt>
      <trkpt lat="43.110633" lon="10.724604">
        <ele>69.0</ele>
      </trkpt>
      <trkpt lat="43.11029" lon="10.724878">
        <ele>69.0</ele>
      </trkpt>
      <trkpt lat="43.110007" lon="10.725175">
        <ele>69.2</ele>
      </trkpt>
      <trkpt lat="43.109855" lon="10.725375">
        <ele>69.4</ele>
      </trkpt>
      <trkpt lat="43.109681" lon="10.72564">
        <ele>69.6</ele>
      </trkpt>
      <trkpt lat="43.108727" lon="10.727313">
        <ele>70.6</ele>
      </trkpt>
      <trkpt lat="43.108365" lon="10.727106">
        <ele>70.9</ele>
      </trkpt>
      <trkpt lat="43.108133" lon="10.727006">
        <ele>71.1</ele>
      </trkpt>
      <trkpt lat="43.107313" lon="10.726747">
        <ele>71.0</ele>
      </trkpt>
      <trkpt lat="43.106435" lon="10.7265">
        <ele>70.2</ele>
      </trkpt>
      <trkpt lat="43.103892" lon="10.725938">
        <ele>67.9</ele>
      </trkpt>
      <trkpt lat="43.103505" lon="10.725888">
        <ele>67.9</ele>
      </trkpt>
      <trkpt lat="43.100381" lon="10.725999">
        <ele>67.2</ele>
      </trkpt>
      <trkpt lat="43.099253" lon="10.725959">
        <ele>65.0</ele>
      </trkpt>
      <trkpt lat="43.098918" lon="10.726012">
        <ele>64.4</ele>
      </trkpt>
      <trkpt lat="43.098552" lon="10.726143">
        <ele>63.7</ele>
      </trkpt>
      <trkpt lat="43.097673" lon="10.72655">
        <ele>61.9</ele>
      </trkpt>
      <trkpt lat="43.097571" lon="10.726594">
        <ele>61.7</ele>
      </trkpt>
      <trkpt lat="43.09676" lon="10.726961">
        <ele>60.7</ele>
      </trkpt>
      <trkpt lat="43.096556" lon="10.727059">
        <ele>60.6</ele>
      </trkpt>
      <trkpt lat="43.096052" lon="10.727294">
        <ele>60.3</ele>
      </trkpt>
      <trkpt lat="43.094006" lon="10.728217">
        <ele>59.6</ele>
      </trkpt>
      <trkpt lat="43.093679" lon="10.728326">
        <ele>59.5</ele>
      </trkpt>
      <trkpt lat="43.089511" lon="10.729436">
        <ele>58.7</ele>
      </trkpt>
      <trkpt lat="43.088398" lon="10.729724">
        <ele>58.3</ele>
      </trkpt>
      <trkpt lat="43.088047" lon="10.729819">
        <ele>57.9</ele>
      </trkpt>
      <trkpt lat="43.087778" lon="10.729882">
        <ele>57.5</ele>
      </trkpt>
      <trkpt lat="43.087466" lon="10.729859">
        <ele>57.1</ele>
      </trkpt>
      <trkpt lat="43.084168" lon="10.729152">
        <ele>52.2</ele>
      </trkpt>
      <trkpt lat="43.083886" lon="10.729088">
        <ele>51.8</ele>
      </trkpt>
      <trkpt lat="43.083613" lon="10.728973">
        <ele>51.5</ele>
      </trkpt>
      <trkpt lat="43.083296" lon="10.728661">
        <ele>51.0</ele>
      </trkpt>
      <trkpt lat="43.080752" lon="10.725478">
        <ele>49.6</ele>
      </trkpt>
      <trkpt lat="43.077201" lon="10.721052">
        <ele>47.1</ele>
      </trkpt>
      <trkpt lat="43.072131" lon="10.714726">
        <ele>44.7</ele>
      </trkpt>
      <trkpt lat="43.071883" lon="10.71439">
        <ele>44.6</ele>
      </trkpt>
      <trkpt lat="43.071804" lon="10.714149">
        <ele>44.6</ele>
      </trkpt>
      <trkpt lat="43.071707" lon="10.714135">
        <ele>44.6</ele>
      </trkpt>
      <trkpt lat="43.071617" lon="10.714165">
        <ele>44.6</ele>
      </trkpt>
      <trkpt lat="43.071545" lon="10.714337">
        <ele>44.6</ele>
      </trkpt>
      <trkpt lat="43.068527" lon="10.720795">
        <ele>44.9</ele>
      </trkpt>
      <trkpt lat="43.068457" lon="10.720949">
        <ele>44.9</ele>
      </trkpt>
      <trkpt lat="43.067952" lon="10.721982">
        <ele>45.1</ele>
      </trkpt>
      <trkpt lat="43.067775" lon="10.722232">
        <ele>45.1</ele>
      </trkpt>
      <trkpt lat="43.067572" lon="10.722431">
        <ele>45.2</ele>
      </trkpt>
      <trkpt lat="43.067564" lon="10.722434">
        <ele>45.2</ele>
      </trkpt>
      <trkpt lat="43.06708" lon="10.722802">
        <ele>45.3</ele>
      </trkpt>
      <trkpt lat="43.066642" lon="10.723126">
        <ele>45.4</ele>
      </trkpt>
      <trkpt lat="43.066149" lon="10.723364">
        <ele>45.6</ele>
      </trkpt>
      <trkpt lat="43.063205" lon="10.723828">
        <ele>45.2</ele>
      </trkpt>
      <trkpt lat="43.061984" lon="10.724">
        <ele>44.8</ele>
      </trkpt>
      <trkpt lat="43.061607" lon="10.723959">
        <ele>44.9</ele>
      </trkpt>
      <trkpt lat="43.060932" lon="10.723767">
        <ele>45.0</ele>
      </trkpt>
      <trkpt lat="43.0584" lon="10.722941">
        <ele>46.2</ele>
      </trkpt>
      <trkpt lat="43.055785" lon="10.722092">
        <ele>47.5</ele>
      </trkpt>
      <trkpt lat="43.055624" lon="10.72204">
        <ele>47.6</ele>
      </trkpt>
      <trkpt lat="43.054475" lon="10.720552">
        <ele>44.5</ele>
      </trkpt>
      <trkpt lat="43.048995" lon="10.713499">
        <ele>35.1</ele>
      </trkpt>
      <trkpt lat="43.048995" lon="10.713499">
        <ele>35.1</ele>
      </trkpt>
      <trkpt lat="43.048423" lon="10.712764">
        <ele>40.5</ele>
      </trkpt>
      <trkpt lat="43.047157" lon="10.711326">
        <ele>44.0</ele>
      </trkpt>
      <trkpt lat="43.046751" lon="10.71094">
        <ele>40.5</ele>
      </trkpt>
      <trkpt lat="43.045957" lon="10.710338">
        <ele>36.1</ele>
      </trkpt>
      <trkpt lat="43.045914" lon="10.710318">
        <ele>35.9</ele>
      </trkpt>
      <trkpt lat="43.04527" lon="10.709888">
        <ele>33.2</ele>
      </trkpt>
      <trkpt lat="43.044712" lon="10.709588">
        <ele>32.8</ele>
      </trkpt>
      <trkpt lat="43.044047" lon="10.709288">
        <ele>33.2</ele>
      </trkpt>
      <trkpt lat="43.043638" lon="10.709095">
        <ele>33.5</ele>
      </trkpt>
      <trkpt lat="43.043552" lon="10.709052">
        <ele>33.6</ele>
      </trkpt>
      <trkpt lat="43.042801" lon="10.708751">
        <ele>34.0</ele>
      </trkpt>
      <trkpt lat="43.042286" lon="10.708537">
        <ele>33.2</ele>
      </trkpt>
      <trkpt lat="43.040613" lon="10.707807">
        <ele>31.0</ele>
      </trkpt>
      <trkpt lat="43.040269" lon="10.707657">
        <ele>31.2</ele>
      </trkpt>
      <trkpt lat="43.040163" lon="10.707591">
        <ele>31.3</ele>
      </trkpt>
      <trkpt lat="43.039026" lon="10.707119">
        <ele>31.1</ele>
      </trkpt>
      <trkpt lat="43.038574" lon="10.706927">
        <ele>30.9</ele>
      </trkpt>
      <trkpt lat="43.03821" lon="10.706756">
        <ele>31.1</ele>
      </trkpt>
      <trkpt lat="43.036514" lon="10.706048">
        <ele>31.5</ele>
      </trkpt>
      <trkpt lat="43.035678" lon="10.705682">
        <ele>32.4</ele>
      </trkpt>
      <trkpt lat="43.035142" lon="10.705447">
        <ele>32.0</ele>
      </trkpt>
      <trkpt lat="43.032438" lon="10.704287">
        <ele>31.9</ele>
      </trkpt>
      <trkpt lat="43.028768" lon="10.7027">
        <ele>30.0</ele>
      </trkpt>
      <trkpt lat="43.027782" lon="10.702164">
        <ele>29.6</ele>
      </trkpt>
      <trkpt lat="43.026751" lon="10.70154">
        <ele>28.6</ele>
      </trkpt>
      <trkpt lat="43.026665" lon="10.701477">
        <ele>28.7</ele>
      </trkpt>
      <trkpt lat="43.025915" lon="10.700898">
        <ele>28.8</ele>
      </trkpt>
      <trkpt lat="43.024692" lon="10.699911">
        <ele>28.6</ele>
      </trkpt>
      <trkpt lat="43.024369" lon="10.699567">
        <ele>28.6</ele>
      </trkpt>
      <trkpt lat="43.023641" lon="10.698751">
        <ele>27.7</ele>
      </trkpt>
      <trkpt lat="43.02289" lon="10.697808">
        <ele>27.9</ele>
      </trkpt>
      <trkpt lat="43.02246" lon="10.697164">
        <ele>26.9</ele>
      </trkpt>
      <trkpt lat="43.021667" lon="10.695984">
        <ele>26.0</ele>
      </trkpt>
      <trkpt lat="43.021601" lon="10.695855">
        <ele>26.1</ele>
      </trkpt>
      <trkpt lat="43.021366" lon="10.695489">
        <ele>26.2</ele>
      </trkpt>
      <trkpt lat="43.021301" lon="10.695339">
        <ele>26.2</ele>
      </trkpt>
      <trkpt lat="43.021215" lon="10.695082">
        <ele>26.0</ele>
      </trkpt>
      <trkpt lat="43.021194" lon="10.694932">
        <ele>26.0</ele>
      </trkpt>
      <trkpt lat="43.021023" lon="10.69283">
        <ele>22.4</ele>
      </trkpt>
      <trkpt lat="43.021023" lon="10.692593">
        <ele>22.0</ele>
      </trkpt>
      <trkpt lat="43.021066" lon="10.6921">
        <ele>22.0</ele>
      </trkpt>
      <trkpt lat="43.021152" lon="10.691671">
        <ele>21.8</ele>
      </trkpt>
      <trkpt lat="43.021215" lon="10.691456">
        <ele>21.5</ele>
      </trkpt>
      <trkpt lat="43.021323" lon="10.691069">
        <ele>21.0</ele>
      </trkpt>
      <trkpt lat="43.021601" lon="10.690104">
        <ele>20.8</ele>
      </trkpt>
      <trkpt lat="43.022203" lon="10.687979">
        <ele>27.8</ele>
      </trkpt>
      <trkpt lat="43.02246" lon="10.686756">
        <ele>30.8</ele>
      </trkpt>
      <trkpt lat="43.022738" lon="10.685318">
        <ele>34.9</ele>
      </trkpt>
      <trkpt lat="43.022933" lon="10.684267">
        <ele>33.9</ele>
      </trkpt>
      <trkpt lat="43.023082" lon="10.68356">
        <ele>31.0</ele>
      </trkpt>
      <trkpt lat="43.023169" lon="10.683324">
        <ele>30.4</ele>
      </trkpt>
      <trkpt lat="43.023275" lon="10.683066">
        <ele>30.0</ele>
      </trkpt>
      <trkpt lat="43.023383" lon="10.682829">
        <ele>30.1</ele>
      </trkpt>
      <trkpt lat="43.023512" lon="10.682572">
        <ele>30.4</ele>
      </trkpt>
      <trkpt lat="43.024649" lon="10.680491">
        <ele>26.8</ele>
      </trkpt>
      <trkpt lat="43.024692" lon="10.680406">
        <ele>26.7</ele>
      </trkpt>
      <trkpt lat="43.024735" lon="10.680234">
        <ele>26.6</ele>
      </trkpt>
      <trkpt lat="43.024755" lon="10.680105">
        <ele>26.5</ele>
      </trkpt>
      <trkpt lat="43.024755" lon="10.679997">
        <ele>26.3</ele>
      </trkpt>
      <trkpt lat="43.024735" lon="10.679848">
        <ele>26.0</ele>
      </trkpt>
      <trkpt lat="43.024421" lon="10.678164">
        <ele>20.0</ele>
      </trkpt>
      <trkpt lat="43.024468" lon="10.678147">
        <ele>20.0</ele>
      </trkpt>
      <trkpt lat="43.024421" lon="10.678164">
        <ele>20.0</ele>
      </trkpt>
      <trkpt lat="43.024176" lon="10.676844">
        <ele>18.4</ele>
      </trkpt>
      <trkpt lat="43.024004" lon="10.675792">
        <ele>18.2</ele>
      </trkpt>
      <trkpt lat="43.023961" lon="10.675641">
        <ele>18.2</ele>
      </trkpt>
      <trkpt lat="43.023919" lon="10.675555">
        <ele>18.1</ele>
      </trkpt>
      <trkpt lat="43.023876" lon="10.675492">
        <ele>18.1</ele>
      </trkpt>
      <trkpt lat="43.02379" lon="10.675406">
        <ele>18.0</ele>
      </trkpt>
      <trkpt lat="43.023704" lon="10.675363">
        <ele>18.0</ele>
      </trkpt>
      <trkpt lat="43.023641" lon="10.675341">
        <ele>18.0</ele>
      </trkpt>
      <trkpt lat="43.023555" lon="10.67532">
        <ele>18.0</ele>
      </trkpt>
      <trkpt lat="43.02246" lon="10.675256">
        <ele>18.5</ele>
      </trkpt>
      <trkpt lat="43.019219" lon="10.675062">
        <ele>19.0</ele>
      </trkpt>
      <trkpt lat="43.019133" lon="10.675041">
        <ele>19.0</ele>
      </trkpt>
      <trkpt lat="43.019048" lon="10.674998">
        <ele>19.0</ele>
      </trkpt>
      <trkpt lat="43.019006" lon="10.674976">
        <ele>19.0</ele>
      </trkpt>
      <trkpt lat="43.018963" lon="10.67489">
        <ele>19.0</ele>
      </trkpt>
      <trkpt lat="43.018897" lon="10.674741">
        <ele>19.0</ele>
      </trkpt>
      <trkpt lat="43.015413" lon="10.663228">
        <ele>15.3</ele>
      </trkpt>
      <trkpt lat="43.01274" lon="10.654398">
        <ele>14.0</ele>
      </trkpt>
      <trkpt lat="43.012611" lon="10.654055">
        <ele>14.3</ele>
      </trkpt>
      <trkpt lat="43.012546" lon="10.653926">
        <ele>14.4</ele>
      </trkpt>
      <trkpt lat="43.012417" lon="10.653604">
        <ele>14.8</ele>
      </trkpt>
      <trkpt lat="43.012138" lon="10.653711">
        <ele>14.7</ele>
      </trkpt>
      <trkpt lat="43.00849" lon="10.654999">
        <ele>12.2</ele>
      </trkpt>
      <trkpt lat="43.008362" lon="10.655043">
        <ele>12.1</ele>
      </trkpt>
      <trkpt lat="43.008126" lon="10.655128">
        <ele>12.0</ele>
      </trkpt>
      <trkpt lat="43.007805" lon="10.655278">
        <ele>12.1</ele>
      </trkpt>
      <trkpt lat="43.007697" lon="10.655343">
        <ele>12.2</ele>
      </trkpt>
      <trkpt lat="43.007611" lon="10.655429">
        <ele>12.3</ele>
      </trkpt>
      <trkpt lat="43.007224" lon="10.655921">
        <ele>12.8</ele>
      </trkpt>
      <trkpt lat="43.006819" lon="10.656518">
        <ele>13.3</ele>
      </trkpt>
      <trkpt lat="43.006846" lon="10.656551">
        <ele>13.4</ele>
      </trkpt>
      <trkpt lat="43.006819" lon="10.656518">
        <ele>13.3</ele>
      </trkpt>
      <trkpt lat="43.006582" lon="10.656867">
        <ele>13.3</ele>
      </trkpt>
      <trkpt lat="43.005638" lon="10.658562">
        <ele>12.8</ele>
      </trkpt>
      <trkpt lat="43.005529" lon="10.658733">
        <ele>12.9</ele>
      </trkpt>
      <trkpt lat="43.005422" lon="10.658862">
        <ele>13.0</ele>
      </trkpt>
      <trkpt lat="43.004778" lon="10.659484">
        <ele>13.8</ele>
      </trkpt>
      <trkpt lat="43.002934" lon="10.6612">
        <ele>12.4</ele>
      </trkpt>
      <trkpt lat="43.002826" lon="10.661286">
        <ele>12.6</ele>
      </trkpt>
      <trkpt lat="43.002741" lon="10.661329">
        <ele>12.6</ele>
      </trkpt>
      <trkpt lat="43.000273" lon="10.662166">
        <ele>12.1</ele>
      </trkpt>
      <trkpt lat="42.998105" lon="10.662895">
        <ele>10.2</ele>
      </trkpt>
      <trkpt lat="42.997933" lon="10.662981">
        <ele>10.0</ele>
      </trkpt>
      <trkpt lat="42.997504" lon="10.663282">
        <ele>10.4</ele>
      </trkpt>
      <trkpt lat="42.995916" lon="10.664419">
        <ele>10.5</ele>
      </trkpt>
      <trkpt lat="42.995166" lon="10.664055">
        <ele>10.1</ele>
      </trkpt>
      <trkpt lat="42.992423" lon="10.6627">
        <ele>8.9</ele>
      </trkpt>
      <trkpt lat="42.990123" lon="10.661566">
        <ele>8.6</ele>
      </trkpt>
      <trkpt lat="42.988814" lon="10.6609">
        <ele>9.0</ele>
      </trkpt>
      <trkpt lat="42.985552" lon="10.65929">
        <ele>7.0</ele>
      </trkpt>
      <trkpt lat="42.984029" lon="10.658539">
        <ele>8.6</ele>
      </trkpt>
      <trkpt lat="42.983171" lon="10.65811">
        <ele>8.1</ele>
      </trkpt>
      <trkpt lat="42.983086" lon="10.658047">
        <ele>8.0</ele>
      </trkpt>
      <trkpt lat="42.980746" lon="10.655772">
        <ele>6.6</ele>
      </trkpt>
      <trkpt lat="42.980682" lon="10.655686">
        <ele>6.6</ele>
      </trkpt>
      <trkpt lat="42.979717" lon="10.654269">
        <ele>6.0</ele>
      </trkpt>
      <trkpt lat="42.979674" lon="10.654183">
        <ele>6.0</ele>
      </trkpt>
      <trkpt lat="42.979631" lon="10.654034">
        <ele>5.9</ele>
      </trkpt>
      <trkpt lat="42.979631" lon="10.653883">
        <ele>5.9</ele>
      </trkpt>
      <trkpt lat="42.979674" lon="10.653797">
        <ele>6.0</ele>
      </trkpt>
      <trkpt lat="42.98094" lon="10.65133">
        <ele>7.5</ele>
      </trkpt>
      <trkpt lat="42.981153" lon="10.650901">
        <ele>7.7</ele>
      </trkpt>
      <trkpt lat="42.981305" lon="10.649999">
        <ele>6.7</ele>
      </trkpt>
      <trkpt lat="42.981348" lon="10.649807">
        <ele>6.5</ele>
      </trkpt>
      <trkpt lat="42.981411" lon="10.649613">
        <ele>6.2</ele>
      </trkpt>
      <trkpt lat="42.983793" lon="10.643348">
        <ele>5.0</ele>
      </trkpt>
      <trkpt lat="42.984072" lon="10.642597">
        <ele>5.0</ele>
      </trkpt>
      <trkpt lat="42.984415" lon="10.641696">
        <ele>5.2</ele>
      </trkpt>
      <trkpt lat="42.984523" lon="10.641417">
        <ele>5.0</ele>
      </trkpt>
      <trkpt lat="42.984566" lon="10.641331">
        <ele>5.0</ele>
      </trkpt>
      <trkpt lat="42.98463" lon="10.641245">
        <ele>5.0</ele>
      </trkpt>
      <trkpt lat="42.984758" lon="10.641117">
        <ele>5.1</ele>
      </trkpt>
      <trkpt lat="42.985252" lon="10.640602">
        <ele>5.5</ele>
      </trkpt>
      <trkpt lat="42.986969" lon="10.638798">
        <ele>6.5</ele>
      </trkpt>
      <trkpt lat="42.987119" lon="10.638605">
        <ele>6.8</ele>
      </trkpt>
      <trkpt lat="42.987184" lon="10.638476">
        <ele>6.9</ele>
      </trkpt>
      <trkpt lat="42.987184" lon="10.638219">
        <ele>6.9</ele>
      </trkpt>
      <trkpt lat="42.987162" lon="10.63809">
        <ele>6.9</ele>
      </trkpt>
      <trkpt lat="42.987119" lon="10.637984">
        <ele>7.0</ele>
      </trkpt>
      <trkpt lat="42.985918" lon="10.636546">
        <ele>6.3</ele>
      </trkpt>
      <trkpt lat="42.985746" lon="10.636332">
        <ele>6.1</ele>
      </trkpt>
      <trkpt lat="42.985595" lon="10.635988">
        <ele>5.9</ele>
      </trkpt>
      <trkpt lat="42.985509" lon="10.635366">
        <ele>5.2</ele>
      </trkpt>
      <trkpt lat="42.985489" lon="10.634765">
        <ele>4.4</ele>
      </trkpt>
      <trkpt lat="42.985446" lon="10.633306">
        <ele>4.7</ele>
      </trkpt>
      <trkpt lat="42.985423" lon="10.632811">
        <ele>4.0</ele>
      </trkpt>
      <trkpt lat="42.985423" lon="10.632339">
        <ele>4.3</ele>
      </trkpt>
      <trkpt lat="42.985423" lon="10.632211">
        <ele>4.5</ele>
      </trkpt>
      <trkpt lat="42.985423" lon="10.632104">
        <ele>4.6</ele>
      </trkpt>
      <trkpt lat="42.985446" lon="10.631225">
        <ele>5.0</ele>
      </trkpt>
      <trkpt lat="42.985489" lon="10.63103">
        <ele>4.9</ele>
      </trkpt>
      <trkpt lat="42.986586" lon="10.623849">
        <ele>4.5</ele>
      </trkpt>
      <trkpt lat="42.986627" lon="10.62386">
        <ele>4.6</ele>
      </trkpt>
      <trkpt lat="42.986586" lon="10.623849">
        <ele>4.5</ele>
      </trkpt>
      <trkpt lat="42.986604" lon="10.623735">
        <ele>4.5</ele>
      </trkpt>
      <trkpt lat="42.986626" lon="10.623606">
        <ele>4.4</ele>
      </trkpt>
      <trkpt lat="42.981797" lon="10.620753">
        <ele>3.0</ele>
      </trkpt>
      <trkpt lat="42.978001" lon="10.618502">
        <ele>2.9</ele>
      </trkpt>
      <trkpt lat="42.978001" lon="10.618502">
        <ele>2.9</ele>
      </trkpt>
      <trkpt lat="42.976369" lon="10.617535">
        <ele>1.0</ele>
      </trkpt>
      <trkpt lat="42.976069" lon="10.618307">
        <ele>1.5</ele>
      </trkpt>
      <trkpt lat="42.976046" lon="10.61835">
        <ele>1.5</ele>
      </trkpt>
      <trkpt lat="42.975961" lon="10.618371">
        <ele>1.4</ele>
      </trkpt>
      <trkpt lat="42.97167" lon="10.615796">
        <ele>0.8</ele>
      </trkpt>
      <trkpt lat="42.967657" lon="10.613371">
        <ele>0.0</ele>
      </trkpt>
      <trkpt lat="42.967056" lon="10.613006">
        <ele>1.0</ele>
      </trkpt>
      <trkpt lat="42.96697" lon="10.612986">
        <ele>1.0</ele>
      </trkpt>
      <trkpt lat="42.966864" lon="10.612943">
        <ele>1.0</ele>
      </trkpt>
      <trkpt lat="42.966798" lon="10.61292">
        <ele>1.0</ele>
      </trkpt>
      <trkpt lat="42.966798" lon="10.613307">
        <ele>1.0</ele>
      </trkpt>
      <trkpt lat="42.966841" lon="10.617234">
        <ele>1.4</ele>
      </trkpt>
      <trkpt lat="42.966841" lon="10.618371">
        <ele>0.4</ele>
      </trkpt>
      <trkpt lat="42.966864" lon="10.620774">
        <ele>0.1</ele>
      </trkpt>
      <trkpt lat="42.966864" lon="10.621224">
        <ele>0.0</ele>
      </trkpt>
      <trkpt lat="42.966884" lon="10.624443">
        <ele>0.6</ele>
      </trkpt>
      <trkpt lat="42.966907" lon="10.62513">
        <ele>0.5</ele>
      </trkpt>
      <trkpt lat="42.966907" lon="10.62528">
        <ele>0.5</ele>
      </trkpt>
      <trkpt lat="42.966907" lon="10.626783">
        <ele>0.9</ele>
      </trkpt>
      <trkpt lat="42.966821" lon="10.626783">
        <ele>0.9</ele>
      </trkpt>
      <trkpt lat="42.966712" lon="10.62674">
        <ele>0.9</ele>
      </trkpt>
      <trkpt lat="42.966326" lon="10.626547">
        <ele>0.9</ele>
      </trkpt>
      <trkpt lat="42.965446" lon="10.626075">
        <ele>1.8</ele>
      </trkpt>
      <trkpt lat="42.965361" lon="10.626032">
        <ele>1.9</ele>
      </trkpt>
      <trkpt lat="42.965012" lon="10.625855">
        <ele>2.2</ele>
      </trkpt>
      <trkpt lat="42.964989" lon="10.625943">
        <ele>2.0</ele>
      </trkpt>
    </trkseg>
  </trk>
</gpx>
