<?xml version="1.0" encoding="UTF-8"?>
<gpx xmlns:gpxdata="http://www.cluetrust.com/XML/GPXDATA/1/0" xmlns:xsi="http://www.w3.org/2001/XMLSchema-instance" xmlns="http://www.topografix.com/GPX/1/1" version="1.1" creator="http://ridewithgps.com/" xsi:schemaLocation="http://www.topografix.com/GPX/1/1 http://www.topografix.com/GPX/1/1/gpx.xsd http://www.cluetrust.com/XML/GPXDATA/1/0 http://www.cluetrust.com/Schemas/gpxdata10.xsd">
  <metadata>
    <name>VT - Gravel 2n</name>
    <link href="https://ridewithgps.com/routes/53933243">
      <text>VT - Gravel 2n</text>
    </link>
    <time>2026-02-09T11:25:12Z</time>
  </metadata>
  <trk>
    <name>VT - Gravel 2n</name>
    <trkseg>
      <trkpt lat="43.028845" lon="10.563577">
        <ele>6.2</ele>
      </trkpt>
      <trkpt lat="43.02901" lon="10.56329">
        <ele>6.2</ele>
      </trkpt>
      <trkpt lat="43.030455" lon="10.564586">
        <ele>6.6</ele>
      </trkpt>
      <trkpt lat="43.032261" lon="10.561632">
        <ele>6.8</ele>
      </trkpt>
      <trkpt lat="43.032343" lon="10.561329">
        <ele>6.7</ele>
      </trkpt>
      <trkpt lat="43.032369" lon="10.561075">
        <ele>6.6</ele>
      </trkpt>
      <trkpt lat="43.032359" lon="10.560574">
        <ele>6.5</ele>
      </trkpt>
      <trkpt lat="43.032345" lon="10.560432">
        <ele>6.5</ele>
      </trkpt>
      <trkpt lat="43.032301" lon="10.560348">
        <ele>6.5</ele>
      </trkpt>
      <trkpt lat="43.032253" lon="10.560273">
        <ele>6.4</ele>
      </trkpt>
      <trkpt lat="43.031105" lon="10.55943">
        <ele>5.9</ele>
      </trkpt>
      <trkpt lat="43.027368" lon="10.556747">
        <ele>4.0</ele>
      </trkpt>
      <trkpt lat="43.027014" lon="10.55652">
        <ele>3.9</ele>
      </trkpt>
      <trkpt lat="43.026923" lon="10.556505">
        <ele>3.9</ele>
      </trkpt>
      <trkpt lat="43.026875" lon="10.556564">
        <ele>3.8</ele>
      </trkpt>
      <trkpt lat="43.02685" lon="10.556645">
        <ele>3.8</ele>
      </trkpt>
      <trkpt lat="43.026652" lon="10.559143">
        <ele>3.5</ele>
      </trkpt>
      <trkpt lat="43.026588" lon="10.560253">
        <ele>3.2</ele>
      </trkpt>
      <trkpt lat="43.026567" lon="10.560367">
        <ele>3.2</ele>
      </trkpt>
      <trkpt lat="43.026518" lon="10.560455">
        <ele>3.2</ele>
      </trkpt>
      <trkpt lat="43.026463" lon="10.560491">
        <ele>3.2</ele>
      </trkpt>
      <trkpt lat="43.022306" lon="10.558984">
        <ele>3.7</ele>
      </trkpt>
      <trkpt lat="43.022895" lon="10.555153">
        <ele>3.9</ele>
      </trkpt>
      <trkpt lat="43.02302" lon="10.554341">
        <ele>3.9</ele>
      </trkpt>
      <trkpt lat="43.023298" lon="10.552508">
        <ele>3.9</ele>
      </trkpt>
      <trkpt lat="43.023552" lon="10.550848">
        <ele>3.8</ele>
      </trkpt>
      <trkpt lat="43.023618" lon="10.550418">
        <ele>3.7</ele>
      </trkpt>
      <trkpt lat="43.024202" lon="10.546633">
        <ele>3.6</ele>
      </trkpt>
      <trkpt lat="43.024361" lon="10.545596">
        <ele>3.7</ele>
      </trkpt>
      <trkpt lat="43.02438" lon="10.545482">
        <ele>3.7</ele>
      </trkpt>
      <trkpt lat="43.024434" lon="10.545384">
        <ele>3.7</ele>
      </trkpt>
      <trkpt lat="43.024492" lon="10.545369">
        <ele>3.7</ele>
      </trkpt>
      <trkpt lat="43.024963" lon="10.545467">
        <ele>3.8</ele>
      </trkpt>
      <trkpt lat="43.027301" lon="10.546046">
        <ele>4.3</ele>
      </trkpt>
      <trkpt lat="43.027414" lon="10.546048">
        <ele>4.3</ele>
      </trkpt>
      <trkpt lat="43.027564" lon="10.54598">
        <ele>4.3</ele>
      </trkpt>
      <trkpt lat="43.027707" lon="10.545756">
        <ele>4.4</ele>
      </trkpt>
      <trkpt lat="43.027779" lon="10.545458">
        <ele>4.4</ele>
      </trkpt>
      <trkpt lat="43.028063" lon="10.542165">
        <ele>4.5</ele>
      </trkpt>
      <trkpt lat="43.028383" lon="10.538397">
        <ele>3.3</ele>
      </trkpt>
      <trkpt lat="43.028658" lon="10.535161">
        <ele>2.6</ele>
      </trkpt>
      <trkpt lat="43.028651" lon="10.534887">
        <ele>2.6</ele>
      </trkpt>
      <trkpt lat="43.028545" lon="10.534495">
        <ele>2.5</ele>
      </trkpt>
      <trkpt lat="43.028285" lon="10.534471">
        <ele>2.5</ele>
      </trkpt>
      <trkpt lat="43.028185" lon="10.534383">
        <ele>2.5</ele>
      </trkpt>
      <trkpt lat="43.027693" lon="10.534202">
        <ele>2.4</ele>
      </trkpt>
      <trkpt lat="43.027063" lon="10.534062">
        <ele>2.2</ele>
      </trkpt>
      <trkpt lat="43.026509" lon="10.534084">
        <ele>2.0</ele>
      </trkpt>
      <trkpt lat="43.026232" lon="10.534006">
        <ele>1.9</ele>
      </trkpt>
      <trkpt lat="43.025875" lon="10.533841">
        <ele>1.7</ele>
      </trkpt>
      <trkpt lat="43.025673" lon="10.53367">
        <ele>1.6</ele>
      </trkpt>
      <trkpt lat="43.024374" lon="10.531769">
        <ele>0.9</ele>
      </trkpt>
      <trkpt lat="43.023999" lon="10.531307">
        <ele>0.8</ele>
      </trkpt>
      <trkpt lat="43.023584" lon="10.530966">
        <ele>0.6</ele>
      </trkpt>
      <trkpt lat="43.022539" lon="10.530358">
        <ele>0.4</ele>
      </trkpt>
      <trkpt lat="43.022182" lon="10.530179">
        <ele>0.3</ele>
      </trkpt>
      <trkpt lat="43.02209" lon="10.530232">
        <ele>0.3</ele>
      </trkpt>
      <trkpt lat="43.021805" lon="10.530301">
        <ele>1.5</ele>
      </trkpt>
      <trkpt lat="43.021787" lon="10.5303">
        <ele>1.5</ele>
      </trkpt>
      <trkpt lat="43.021765" lon="10.530294">
        <ele>1.5</ele>
      </trkpt>
      <trkpt lat="43.021743" lon="10.530287">
        <ele>1.5</ele>
      </trkpt>
      <trkpt lat="43.021717" lon="10.530286">
        <ele>1.6</ele>
      </trkpt>
      <trkpt lat="43.021694" lon="10.53028">
        <ele>1.6</ele>
      </trkpt>
      <trkpt lat="43.021667" lon="10.530276">
        <ele>1.6</ele>
      </trkpt>
      <trkpt lat="43.021638" lon="10.530275">
        <ele>1.6</ele>
      </trkpt>
      <trkpt lat="43.021614" lon="10.530273">
        <ele>1.6</ele>
      </trkpt>
      <trkpt lat="43.021588" lon="10.53027">
        <ele>1.7</ele>
      </trkpt>
      <trkpt lat="43.02156" lon="10.530263">
        <ele>1.7</ele>
      </trkpt>
      <trkpt lat="43.021533" lon="10.530265">
        <ele>1.7</ele>
      </trkpt>
      <trkpt lat="43.021509" lon="10.530258">
        <ele>1.7</ele>
      </trkpt>
      <trkpt lat="43.02148" lon="10.530253">
        <ele>1.7</ele>
      </trkpt>
      <trkpt lat="43.021452" lon="10.530245">
        <ele>1.7</ele>
      </trkpt>
      <trkpt lat="43.021425" lon="10.530241">
        <ele>1.8</ele>
      </trkpt>
      <trkpt lat="43.021401" lon="10.530238">
        <ele>1.8</ele>
      </trkpt>
      <trkpt lat="43.021374" lon="10.530236">
        <ele>1.8</ele>
      </trkpt>
      <trkpt lat="43.02134" lon="10.530232">
        <ele>1.8</ele>
      </trkpt>
      <trkpt lat="43.021304" lon="10.530226">
        <ele>1.9</ele>
      </trkpt>
      <trkpt lat="43.021266" lon="10.530217">
        <ele>1.9</ele>
      </trkpt>
      <trkpt lat="43.021219" lon="10.53021">
        <ele>1.9</ele>
      </trkpt>
      <trkpt lat="43.021173" lon="10.5302">
        <ele>1.8</ele>
      </trkpt>
      <trkpt lat="43.021125" lon="10.530189">
        <ele>1.8</ele>
      </trkpt>
      <trkpt lat="43.021071" lon="10.530186">
        <ele>1.8</ele>
      </trkpt>
      <trkpt lat="43.02102" lon="10.530184">
        <ele>1.8</ele>
      </trkpt>
      <trkpt lat="43.020968" lon="10.530177">
        <ele>1.8</ele>
      </trkpt>
      <trkpt lat="43.020916" lon="10.530171">
        <ele>1.8</ele>
      </trkpt>
      <trkpt lat="43.020868" lon="10.530162">
        <ele>1.8</ele>
      </trkpt>
      <trkpt lat="43.020818" lon="10.530158">
        <ele>1.8</ele>
      </trkpt>
      <trkpt lat="43.020767" lon="10.530157">
        <ele>1.8</ele>
      </trkpt>
      <trkpt lat="43.02072" lon="10.530162">
        <ele>1.8</ele>
      </trkpt>
      <trkpt lat="43.020671" lon="10.530171">
        <ele>1.8</ele>
      </trkpt>
      <trkpt lat="43.02062" lon="10.530187">
        <ele>1.9</ele>
      </trkpt>
      <trkpt lat="43.02057" lon="10.530205">
        <ele>1.9</ele>
      </trkpt>
      <trkpt lat="43.020526" lon="10.530231">
        <ele>1.9</ele>
      </trkpt>
      <trkpt lat="43.020481" lon="10.530259">
        <ele>2.0</ele>
      </trkpt>
      <trkpt lat="43.020435" lon="10.53029">
        <ele>2.0</ele>
      </trkpt>
      <trkpt lat="43.02039" lon="10.530323">
        <ele>2.0</ele>
      </trkpt>
      <trkpt lat="43.020342" lon="10.530356">
        <ele>2.0</ele>
      </trkpt>
      <trkpt lat="43.020297" lon="10.530389">
        <ele>2.0</ele>
      </trkpt>
      <trkpt lat="43.020248" lon="10.530425">
        <ele>2.0</ele>
      </trkpt>
      <trkpt lat="43.020197" lon="10.530462">
        <ele>2.0</ele>
      </trkpt>
      <trkpt lat="43.020148" lon="10.5305">
        <ele>2.0</ele>
      </trkpt>
      <trkpt lat="43.020102" lon="10.530538">
        <ele>2.0</ele>
      </trkpt>
      <trkpt lat="43.020056" lon="10.530574">
        <ele>2.0</ele>
      </trkpt>
      <trkpt lat="43.020008" lon="10.530607">
        <ele>2.0</ele>
      </trkpt>
      <trkpt lat="43.019961" lon="10.530643">
        <ele>2.0</ele>
      </trkpt>
      <trkpt lat="43.01991" lon="10.530679">
        <ele>2.0</ele>
      </trkpt>
      <trkpt lat="43.01986" lon="10.530717">
        <ele>2.0</ele>
      </trkpt>
      <trkpt lat="43.019814" lon="10.530755">
        <ele>2.0</ele>
      </trkpt>
      <trkpt lat="43.019765" lon="10.530791">
        <ele>2.0</ele>
      </trkpt>
      <trkpt lat="43.019717" lon="10.530827">
        <ele>2.0</ele>
      </trkpt>
      <trkpt lat="43.019665" lon="10.530861">
        <ele>2.0</ele>
      </trkpt>
      <trkpt lat="43.019617" lon="10.530896">
        <ele>2.0</ele>
      </trkpt>
      <trkpt lat="43.019569" lon="10.530934">
        <ele>1.9</ele>
      </trkpt>
      <trkpt lat="43.019519" lon="10.530975">
        <ele>1.9</ele>
      </trkpt>
      <trkpt lat="43.019471" lon="10.531016">
        <ele>1.9</ele>
      </trkpt>
      <trkpt lat="43.019423" lon="10.531053">
        <ele>1.9</ele>
      </trkpt>
      <trkpt lat="43.019372" lon="10.531091">
        <ele>2.0</ele>
      </trkpt>
      <trkpt lat="43.019323" lon="10.53113">
        <ele>2.0</ele>
      </trkpt>
      <trkpt lat="43.019272" lon="10.531172">
        <ele>2.0</ele>
      </trkpt>
      <trkpt lat="43.01922" lon="10.531214">
        <ele>2.0</ele>
      </trkpt>
      <trkpt lat="43.019171" lon="10.53125">
        <ele>2.1</ele>
      </trkpt>
      <trkpt lat="43.019124" lon="10.531286">
        <ele>2.1</ele>
      </trkpt>
      <trkpt lat="43.01907" lon="10.531322">
        <ele>2.1</ele>
      </trkpt>
      <trkpt lat="43.019013" lon="10.531369">
        <ele>2.2</ele>
      </trkpt>
      <trkpt lat="43.018952" lon="10.531416">
        <ele>2.3</ele>
      </trkpt>
      <trkpt lat="43.018888" lon="10.531457">
        <ele>2.3</ele>
      </trkpt>
      <trkpt lat="43.018829" lon="10.531493">
        <ele>2.4</ele>
      </trkpt>
      <trkpt lat="43.018768" lon="10.531535">
        <ele>2.5</ele>
      </trkpt>
      <trkpt lat="43.018704" lon="10.531582">
        <ele>2.6</ele>
      </trkpt>
      <trkpt lat="43.018641" lon="10.531632">
        <ele>2.6</ele>
      </trkpt>
      <trkpt lat="43.018579" lon="10.531682">
        <ele>2.7</ele>
      </trkpt>
      <trkpt lat="43.018518" lon="10.531734">
        <ele>2.7</ele>
      </trkpt>
      <trkpt lat="43.018458" lon="10.531775">
        <ele>2.8</ele>
      </trkpt>
      <trkpt lat="43.018396" lon="10.53182">
        <ele>2.8</ele>
      </trkpt>
      <trkpt lat="43.018334" lon="10.531866">
        <ele>2.9</ele>
      </trkpt>
      <trkpt lat="43.018275" lon="10.531912">
        <ele>2.9</ele>
      </trkpt>
      <trkpt lat="43.018215" lon="10.531959">
        <ele>3.0</ele>
      </trkpt>
      <trkpt lat="43.018154" lon="10.532006">
        <ele>3.1</ele>
      </trkpt>
      <trkpt lat="43.018095" lon="10.53205">
        <ele>3.1</ele>
      </trkpt>
      <trkpt lat="43.018033" lon="10.532093">
        <ele>3.2</ele>
      </trkpt>
      <trkpt lat="43.017969" lon="10.532137">
        <ele>3.2</ele>
      </trkpt>
      <trkpt lat="43.017906" lon="10.532183">
        <ele>3.3</ele>
      </trkpt>
      <trkpt lat="43.017848" lon="10.532225">
        <ele>3.5</ele>
      </trkpt>
      <trkpt lat="43.01779" lon="10.532271">
        <ele>3.6</ele>
      </trkpt>
      <trkpt lat="43.017736" lon="10.532315">
        <ele>3.7</ele>
      </trkpt>
      <trkpt lat="43.017675" lon="10.532365">
        <ele>3.8</ele>
      </trkpt>
      <trkpt lat="43.017616" lon="10.532412">
        <ele>4.0</ele>
      </trkpt>
      <trkpt lat="43.017558" lon="10.532456">
        <ele>4.1</ele>
      </trkpt>
      <trkpt lat="43.0175" lon="10.532498">
        <ele>4.2</ele>
      </trkpt>
      <trkpt lat="43.01744" lon="10.53254">
        <ele>4.3</ele>
      </trkpt>
      <trkpt lat="43.017379" lon="10.532585">
        <ele>4.4</ele>
      </trkpt>
      <trkpt lat="43.017321" lon="10.532633">
        <ele>4.6</ele>
      </trkpt>
      <trkpt lat="43.017269" lon="10.532678">
        <ele>4.7</ele>
      </trkpt>
      <trkpt lat="43.017216" lon="10.532714">
        <ele>4.8</ele>
      </trkpt>
      <trkpt lat="43.017163" lon="10.532743">
        <ele>4.9</ele>
      </trkpt>
      <trkpt lat="43.017113" lon="10.532779">
        <ele>4.9</ele>
      </trkpt>
      <trkpt lat="43.017062" lon="10.532819">
        <ele>4.8</ele>
      </trkpt>
      <trkpt lat="43.017012" lon="10.53286">
        <ele>4.7</ele>
      </trkpt>
      <trkpt lat="43.01696" lon="10.532894">
        <ele>4.6</ele>
      </trkpt>
      <trkpt lat="43.016914" lon="10.53293">
        <ele>4.5</ele>
      </trkpt>
      <trkpt lat="43.01687" lon="10.532961">
        <ele>4.4</ele>
      </trkpt>
      <trkpt lat="43.016821" lon="10.532999">
        <ele>4.3</ele>
      </trkpt>
      <trkpt lat="43.01677" lon="10.533038">
        <ele>4.2</ele>
      </trkpt>
      <trkpt lat="43.016724" lon="10.533076">
        <ele>4.1</ele>
      </trkpt>
      <trkpt lat="43.016668" lon="10.53311">
        <ele>4.0</ele>
      </trkpt>
      <trkpt lat="43.016619" lon="10.533148">
        <ele>3.9</ele>
      </trkpt>
      <trkpt lat="43.016567" lon="10.533185">
        <ele>3.8</ele>
      </trkpt>
      <trkpt lat="43.01651" lon="10.533222">
        <ele>3.6</ele>
      </trkpt>
      <trkpt lat="43.016451" lon="10.53326">
        <ele>3.5</ele>
      </trkpt>
      <trkpt lat="43.016391" lon="10.533294">
        <ele>3.4</ele>
      </trkpt>
      <trkpt lat="43.016335" lon="10.533334">
        <ele>3.3</ele>
      </trkpt>
      <trkpt lat="43.016281" lon="10.533378">
        <ele>3.2</ele>
      </trkpt>
      <trkpt lat="43.016227" lon="10.533421">
        <ele>3.1</ele>
      </trkpt>
      <trkpt lat="43.016175" lon="10.533461">
        <ele>3.0</ele>
      </trkpt>
      <trkpt lat="43.016118" lon="10.533505">
        <ele>2.8</ele>
      </trkpt>
      <trkpt lat="43.016065" lon="10.533546">
        <ele>2.7</ele>
      </trkpt>
      <trkpt lat="43.016015" lon="10.53359">
        <ele>2.6</ele>
      </trkpt>
      <trkpt lat="43.015964" lon="10.533624">
        <ele>2.5</ele>
      </trkpt>
      <trkpt lat="43.015916" lon="10.53366">
        <ele>2.5</ele>
      </trkpt>
      <trkpt lat="43.015868" lon="10.533691">
        <ele>2.4</ele>
      </trkpt>
      <trkpt lat="43.015822" lon="10.533727">
        <ele>2.3</ele>
      </trkpt>
      <trkpt lat="43.015776" lon="10.533762">
        <ele>2.3</ele>
      </trkpt>
      <trkpt lat="43.015727" lon="10.533795">
        <ele>2.2</ele>
      </trkpt>
      <trkpt lat="43.015679" lon="10.533829">
        <ele>2.1</ele>
      </trkpt>
      <trkpt lat="43.015628" lon="10.533869">
        <ele>2.1</ele>
      </trkpt>
      <trkpt lat="43.015573" lon="10.533911">
        <ele>2.0</ele>
      </trkpt>
      <trkpt lat="43.015516" lon="10.533953">
        <ele>2.0</ele>
      </trkpt>
      <trkpt lat="43.015461" lon="10.533997">
        <ele>2.0</ele>
      </trkpt>
      <trkpt lat="43.015407" lon="10.534039">
        <ele>2.0</ele>
      </trkpt>
      <trkpt lat="43.015351" lon="10.534081">
        <ele>2.0</ele>
      </trkpt>
      <trkpt lat="43.015298" lon="10.534121">
        <ele>2.1</ele>
      </trkpt>
      <trkpt lat="43.015249" lon="10.534164">
        <ele>2.1</ele>
      </trkpt>
      <trkpt lat="43.015203" lon="10.534202">
        <ele>2.2</ele>
      </trkpt>
      <trkpt lat="43.015156" lon="10.534243">
        <ele>2.2</ele>
      </trkpt>
      <trkpt lat="43.015103" lon="10.534282">
        <ele>2.3</ele>
      </trkpt>
      <trkpt lat="43.01505" lon="10.534319">
        <ele>2.4</ele>
      </trkpt>
      <trkpt lat="43.015" lon="10.534354">
        <ele>2.5</ele>
      </trkpt>
      <trkpt lat="43.014953" lon="10.534394">
        <ele>2.5</ele>
      </trkpt>
      <trkpt lat="43.0149" lon="10.534428">
        <ele>2.6</ele>
      </trkpt>
      <trkpt lat="43.014848" lon="10.534459">
        <ele>2.8</ele>
      </trkpt>
      <trkpt lat="43.014796" lon="10.53449">
        <ele>2.9</ele>
      </trkpt>
      <trkpt lat="43.01474" lon="10.534526">
        <ele>3.1</ele>
      </trkpt>
      <trkpt lat="43.01469" lon="10.534573">
        <ele>3.3</ele>
      </trkpt>
      <trkpt lat="43.014641" lon="10.534613">
        <ele>3.4</ele>
      </trkpt>
      <trkpt lat="43.014589" lon="10.534654">
        <ele>3.5</ele>
      </trkpt>
      <trkpt lat="43.014539" lon="10.534684">
        <ele>3.6</ele>
      </trkpt>
      <trkpt lat="43.014491" lon="10.534715">
        <ele>3.6</ele>
      </trkpt>
      <trkpt lat="43.014441" lon="10.534749">
        <ele>3.7</ele>
      </trkpt>
      <trkpt lat="43.014394" lon="10.534786">
        <ele>3.7</ele>
      </trkpt>
      <trkpt lat="43.01435" lon="10.53482">
        <ele>3.8</ele>
      </trkpt>
      <trkpt lat="43.014305" lon="10.534854">
        <ele>3.8</ele>
      </trkpt>
      <trkpt lat="43.014263" lon="10.534886">
        <ele>3.8</ele>
      </trkpt>
      <trkpt lat="43.014215" lon="10.534917">
        <ele>3.9</ele>
      </trkpt>
      <trkpt lat="43.014164" lon="10.534951">
        <ele>3.9</ele>
      </trkpt>
      <trkpt lat="43.014108" lon="10.53498">
        <ele>3.9</ele>
      </trkpt>
      <trkpt lat="43.014061" lon="10.535016">
        <ele>3.9</ele>
      </trkpt>
      <trkpt lat="43.014013" lon="10.535055">
        <ele>3.9</ele>
      </trkpt>
      <trkpt lat="43.013974" lon="10.535091">
        <ele>3.9</ele>
      </trkpt>
      <trkpt lat="43.013935" lon="10.535121">
        <ele>3.9</ele>
      </trkpt>
      <trkpt lat="43.013892" lon="10.53515">
        <ele>3.9</ele>
      </trkpt>
      <trkpt lat="43.01384" lon="10.535181">
        <ele>3.9</ele>
      </trkpt>
      <trkpt lat="43.013789" lon="10.535214">
        <ele>3.9</ele>
      </trkpt>
      <trkpt lat="43.013743" lon="10.535261">
        <ele>3.9</ele>
      </trkpt>
      <trkpt lat="43.013694" lon="10.535299">
        <ele>3.8</ele>
      </trkpt>
      <trkpt lat="43.013648" lon="10.535334">
        <ele>3.8</ele>
      </trkpt>
      <trkpt lat="43.013596" lon="10.53536">
        <ele>3.7</ele>
      </trkpt>
      <trkpt lat="43.013549" lon="10.535395">
        <ele>3.7</ele>
      </trkpt>
      <trkpt lat="43.013501" lon="10.535434">
        <ele>3.7</ele>
      </trkpt>
      <trkpt lat="43.013459" lon="10.535469">
        <ele>3.7</ele>
      </trkpt>
      <trkpt lat="43.013418" lon="10.5355">
        <ele>3.6</ele>
      </trkpt>
      <trkpt lat="43.013378" lon="10.535536">
        <ele>3.6</ele>
      </trkpt>
      <trkpt lat="43.013335" lon="10.535568">
        <ele>3.6</ele>
      </trkpt>
      <trkpt lat="43.013291" lon="10.535606">
        <ele>3.6</ele>
      </trkpt>
      <trkpt lat="43.013246" lon="10.535639">
        <ele>3.6</ele>
      </trkpt>
      <trkpt lat="43.013197" lon="10.535678">
        <ele>3.6</ele>
      </trkpt>
      <trkpt lat="43.013145" lon="10.535714">
        <ele>3.6</ele>
      </trkpt>
      <trkpt lat="43.013099" lon="10.535755">
        <ele>3.6</ele>
      </trkpt>
      <trkpt lat="43.013049" lon="10.535789">
        <ele>3.6</ele>
      </trkpt>
      <trkpt lat="43.013006" lon="10.535819">
        <ele>3.7</ele>
      </trkpt>
      <trkpt lat="43.012962" lon="10.535851">
        <ele>3.7</ele>
      </trkpt>
      <trkpt lat="43.012915" lon="10.535885">
        <ele>3.8</ele>
      </trkpt>
      <trkpt lat="43.012864" lon="10.535914">
        <ele>4.0</ele>
      </trkpt>
      <trkpt lat="43.012818" lon="10.535943">
        <ele>4.1</ele>
      </trkpt>
      <trkpt lat="43.012776" lon="10.535975">
        <ele>4.3</ele>
      </trkpt>
      <trkpt lat="43.012733" lon="10.53601">
        <ele>4.4</ele>
      </trkpt>
      <trkpt lat="43.012693" lon="10.536044">
        <ele>4.5</ele>
      </trkpt>
      <trkpt lat="43.012648" lon="10.536079">
        <ele>4.7</ele>
      </trkpt>
      <trkpt lat="43.0126" lon="10.536112">
        <ele>4.8</ele>
      </trkpt>
      <trkpt lat="43.012553" lon="10.536145">
        <ele>4.9</ele>
      </trkpt>
      <trkpt lat="43.012506" lon="10.536181">
        <ele>5.0</ele>
      </trkpt>
      <trkpt lat="43.012461" lon="10.536212">
        <ele>5.2</ele>
      </trkpt>
      <trkpt lat="43.012414" lon="10.536246">
        <ele>5.3</ele>
      </trkpt>
      <trkpt lat="43.01237" lon="10.53628">
        <ele>5.5</ele>
      </trkpt>
      <trkpt lat="43.012328" lon="10.536314">
        <ele>5.6</ele>
      </trkpt>
      <trkpt lat="43.012287" lon="10.53634">
        <ele>5.8</ele>
      </trkpt>
      <trkpt lat="43.01225" lon="10.536378">
        <ele>5.9</ele>
      </trkpt>
      <trkpt lat="43.01221" lon="10.536407">
        <ele>6.1</ele>
      </trkpt>
      <trkpt lat="43.012166" lon="10.536441">
        <ele>6.2</ele>
      </trkpt>
      <trkpt lat="43.012125" lon="10.53647">
        <ele>6.4</ele>
      </trkpt>
      <trkpt lat="43.012089" lon="10.536496">
        <ele>6.5</ele>
      </trkpt>
      <trkpt lat="43.012048" lon="10.536528">
        <ele>6.5</ele>
      </trkpt>
      <trkpt lat="43.012007" lon="10.536555">
        <ele>6.6</ele>
      </trkpt>
      <trkpt lat="43.011964" lon="10.536584">
        <ele>6.6</ele>
      </trkpt>
      <trkpt lat="43.011923" lon="10.536613">
        <ele>6.7</ele>
      </trkpt>
      <trkpt lat="43.011883" lon="10.53664">
        <ele>6.7</ele>
      </trkpt>
      <trkpt lat="43.011847" lon="10.536669">
        <ele>6.8</ele>
      </trkpt>
      <trkpt lat="43.011805" lon="10.536703">
        <ele>6.8</ele>
      </trkpt>
      <trkpt lat="43.011759" lon="10.53674">
        <ele>6.8</ele>
      </trkpt>
      <trkpt lat="43.011713" lon="10.536775">
        <ele>6.9</ele>
      </trkpt>
      <trkpt lat="43.011672" lon="10.536805">
        <ele>6.9</ele>
      </trkpt>
      <trkpt lat="43.011632" lon="10.536831">
        <ele>6.9</ele>
      </trkpt>
      <trkpt lat="43.011586" lon="10.536858">
        <ele>6.9</ele>
      </trkpt>
      <trkpt lat="43.01154" lon="10.536889">
        <ele>6.9</ele>
      </trkpt>
      <trkpt lat="43.011495" lon="10.536922">
        <ele>6.9</ele>
      </trkpt>
      <trkpt lat="43.011456" lon="10.53695">
        <ele>6.9</ele>
      </trkpt>
      <trkpt lat="43.011418" lon="10.536982">
        <ele>6.9</ele>
      </trkpt>
      <trkpt lat="43.011381" lon="10.537004">
        <ele>6.9</ele>
      </trkpt>
      <trkpt lat="43.011347" lon="10.537017">
        <ele>6.9</ele>
      </trkpt>
      <trkpt lat="43.011319" lon="10.536999">
        <ele>6.9</ele>
      </trkpt>
      <trkpt lat="43.011304" lon="10.536962">
        <ele>7.0</ele>
      </trkpt>
      <trkpt lat="43.011301" lon="10.536919">
        <ele>7.0</ele>
      </trkpt>
      <trkpt lat="43.011294" lon="10.536871">
        <ele>7.0</ele>
      </trkpt>
      <trkpt lat="43.011288" lon="10.536816">
        <ele>6.9</ele>
      </trkpt>
      <trkpt lat="43.011282" lon="10.53676">
        <ele>6.9</ele>
      </trkpt>
      <trkpt lat="43.011277" lon="10.53671">
        <ele>6.9</ele>
      </trkpt>
      <trkpt lat="43.01127" lon="10.536653">
        <ele>6.9</ele>
      </trkpt>
      <trkpt lat="43.011262" lon="10.536599">
        <ele>6.9</ele>
      </trkpt>
      <trkpt lat="43.011259" lon="10.536544">
        <ele>6.9</ele>
      </trkpt>
      <trkpt lat="43.011256" lon="10.536492">
        <ele>6.9</ele>
      </trkpt>
      <trkpt lat="43.011249" lon="10.536441">
        <ele>6.9</ele>
      </trkpt>
      <trkpt lat="43.011245" lon="10.536389">
        <ele>6.9</ele>
      </trkpt>
      <trkpt lat="43.011238" lon="10.536337">
        <ele>6.9</ele>
      </trkpt>
      <trkpt lat="43.01123" lon="10.536281">
        <ele>6.9</ele>
      </trkpt>
      <trkpt lat="43.01122" lon="10.536225">
        <ele>6.9</ele>
      </trkpt>
      <trkpt lat="43.011214" lon="10.536168">
        <ele>6.9</ele>
      </trkpt>
      <trkpt lat="43.011212" lon="10.536109">
        <ele>6.9</ele>
      </trkpt>
      <trkpt lat="43.011206" lon="10.536049">
        <ele>6.8</ele>
      </trkpt>
      <trkpt lat="43.011203" lon="10.53599">
        <ele>6.7</ele>
      </trkpt>
      <trkpt lat="43.011198" lon="10.535931">
        <ele>6.7</ele>
      </trkpt>
      <trkpt lat="43.01119" lon="10.535874">
        <ele>6.6</ele>
      </trkpt>
      <trkpt lat="43.011184" lon="10.535817">
        <ele>6.5</ele>
      </trkpt>
      <trkpt lat="43.011178" lon="10.535763">
        <ele>6.5</ele>
      </trkpt>
      <trkpt lat="43.011175" lon="10.535705">
        <ele>6.4</ele>
      </trkpt>
      <trkpt lat="43.011171" lon="10.535644">
        <ele>6.4</ele>
      </trkpt>
      <trkpt lat="43.011166" lon="10.535579">
        <ele>6.3</ele>
      </trkpt>
      <trkpt lat="43.011161" lon="10.535511">
        <ele>6.2</ele>
      </trkpt>
      <trkpt lat="43.011155" lon="10.535445">
        <ele>6.1</ele>
      </trkpt>
      <trkpt lat="43.011146" lon="10.535379">
        <ele>6.1</ele>
      </trkpt>
      <trkpt lat="43.011144" lon="10.535307">
        <ele>6.0</ele>
      </trkpt>
      <trkpt lat="43.01114" lon="10.535233">
        <ele>5.9</ele>
      </trkpt>
      <trkpt lat="43.011137" lon="10.535159">
        <ele>5.9</ele>
      </trkpt>
      <trkpt lat="43.011135" lon="10.535085">
        <ele>5.9</ele>
      </trkpt>
      <trkpt lat="43.01113" lon="10.535004">
        <ele>5.9</ele>
      </trkpt>
      <trkpt lat="43.01112" lon="10.534927">
        <ele>5.9</ele>
      </trkpt>
      <trkpt lat="43.011117" lon="10.534849">
        <ele>5.8</ele>
      </trkpt>
      <trkpt lat="43.011111" lon="10.534775">
        <ele>5.8</ele>
      </trkpt>
      <trkpt lat="43.011101" lon="10.534699">
        <ele>5.8</ele>
      </trkpt>
      <trkpt lat="43.011091" lon="10.534625">
        <ele>5.8</ele>
      </trkpt>
      <trkpt lat="43.011087" lon="10.534547">
        <ele>5.7</ele>
      </trkpt>
      <trkpt lat="43.011079" lon="10.534474">
        <ele>5.7</ele>
      </trkpt>
      <trkpt lat="43.011066" lon="10.534415">
        <ele>5.7</ele>
      </trkpt>
      <trkpt lat="43.011037" lon="10.53438">
        <ele>5.6</ele>
      </trkpt>
      <trkpt lat="43.011006" lon="10.534365">
        <ele>5.6</ele>
      </trkpt>
      <trkpt lat="43.010973" lon="10.534383">
        <ele>5.5</ele>
      </trkpt>
      <trkpt lat="43.010933" lon="10.534399">
        <ele>5.5</ele>
      </trkpt>
      <trkpt lat="43.010891" lon="10.534386">
        <ele>5.5</ele>
      </trkpt>
      <trkpt lat="43.010863" lon="10.534342">
        <ele>5.4</ele>
      </trkpt>
      <trkpt lat="43.010857" lon="10.534281">
        <ele>5.4</ele>
      </trkpt>
      <trkpt lat="43.010858" lon="10.534221">
        <ele>5.3</ele>
      </trkpt>
      <trkpt lat="43.010858" lon="10.534156">
        <ele>5.3</ele>
      </trkpt>
      <trkpt lat="43.010848" lon="10.534088">
        <ele>5.2</ele>
      </trkpt>
      <trkpt lat="43.010839" lon="10.534025">
        <ele>5.2</ele>
      </trkpt>
      <trkpt lat="43.01083" lon="10.533959">
        <ele>5.2</ele>
      </trkpt>
      <trkpt lat="43.010828" lon="10.533893">
        <ele>5.1</ele>
      </trkpt>
      <trkpt lat="43.010821" lon="10.533827">
        <ele>5.1</ele>
      </trkpt>
      <trkpt lat="43.010816" lon="10.533762">
        <ele>5.0</ele>
      </trkpt>
      <trkpt lat="43.010814" lon="10.533694">
        <ele>5.0</ele>
      </trkpt>
      <trkpt lat="43.010804" lon="10.533628">
        <ele>5.0</ele>
      </trkpt>
      <trkpt lat="43.010792" lon="10.533565">
        <ele>5.0</ele>
      </trkpt>
      <trkpt lat="43.010786" lon="10.533499">
        <ele>5.0</ele>
      </trkpt>
      <trkpt lat="43.010778" lon="10.533432">
        <ele>5.0</ele>
      </trkpt>
      <trkpt lat="43.010772" lon="10.533366">
        <ele>5.0</ele>
      </trkpt>
      <trkpt lat="43.01077" lon="10.533301">
        <ele>5.0</ele>
      </trkpt>
      <trkpt lat="43.010759" lon="10.533234">
        <ele>5.1</ele>
      </trkpt>
      <trkpt lat="43.010757" lon="10.533168">
        <ele>5.1</ele>
      </trkpt>
      <trkpt lat="43.01075" lon="10.533104">
        <ele>5.1</ele>
      </trkpt>
      <trkpt lat="43.010746" lon="10.533033">
        <ele>5.2</ele>
      </trkpt>
      <trkpt lat="43.010744" lon="10.532967">
        <ele>5.2</ele>
      </trkpt>
      <trkpt lat="43.010733" lon="10.532901">
        <ele>5.2</ele>
      </trkpt>
      <trkpt lat="43.010723" lon="10.532832">
        <ele>5.3</ele>
      </trkpt>
      <trkpt lat="43.010715" lon="10.532765">
        <ele>5.3</ele>
      </trkpt>
      <trkpt lat="43.010706" lon="10.532698">
        <ele>5.4</ele>
      </trkpt>
      <trkpt lat="43.010701" lon="10.53263">
        <ele>5.4</ele>
      </trkpt>
      <trkpt lat="43.010698" lon="10.532567">
        <ele>5.4</ele>
      </trkpt>
      <trkpt lat="43.010688" lon="10.532498">
        <ele>5.4</ele>
      </trkpt>
      <trkpt lat="43.010683" lon="10.532433">
        <ele>5.4</ele>
      </trkpt>
      <trkpt lat="43.010673" lon="10.532371">
        <ele>5.4</ele>
      </trkpt>
      <trkpt lat="43.010646" lon="10.532314">
        <ele>5.5</ele>
      </trkpt>
      <trkpt lat="43.010622" lon="10.532257">
        <ele>5.6</ele>
      </trkpt>
      <trkpt lat="43.010598" lon="10.532198">
        <ele>5.6</ele>
      </trkpt>
      <trkpt lat="43.010574" lon="10.532143">
        <ele>5.7</ele>
      </trkpt>
      <trkpt lat="43.01055" lon="10.532085">
        <ele>5.7</ele>
      </trkpt>
      <trkpt lat="43.010525" lon="10.532026">
        <ele>5.8</ele>
      </trkpt>
      <trkpt lat="43.010499" lon="10.531967">
        <ele>5.9</ele>
      </trkpt>
      <trkpt lat="43.010473" lon="10.531909">
        <ele>5.9</ele>
      </trkpt>
      <trkpt lat="43.010447" lon="10.531847">
        <ele>5.9</ele>
      </trkpt>
      <trkpt lat="43.010425" lon="10.531783">
        <ele>5.8</ele>
      </trkpt>
      <trkpt lat="43.010398" lon="10.531722">
        <ele>5.8</ele>
      </trkpt>
      <trkpt lat="43.010369" lon="10.53166">
        <ele>5.8</ele>
      </trkpt>
      <trkpt lat="43.010341" lon="10.531594">
        <ele>5.8</ele>
      </trkpt>
      <trkpt lat="43.010314" lon="10.531529">
        <ele>5.7</ele>
      </trkpt>
      <trkpt lat="43.010288" lon="10.531461">
        <ele>5.7</ele>
      </trkpt>
      <trkpt lat="43.01026" lon="10.531393">
        <ele>5.7</ele>
      </trkpt>
      <trkpt lat="43.010234" lon="10.531326">
        <ele>5.7</ele>
      </trkpt>
      <trkpt lat="43.010207" lon="10.531256">
        <ele>5.7</ele>
      </trkpt>
      <trkpt lat="43.01018" lon="10.53119">
        <ele>5.7</ele>
      </trkpt>
      <trkpt lat="43.010148" lon="10.531126">
        <ele>5.7</ele>
      </trkpt>
      <trkpt lat="43.010119" lon="10.531061">
        <ele>5.8</ele>
      </trkpt>
      <trkpt lat="43.010093" lon="10.53099">
        <ele>5.8</ele>
      </trkpt>
      <trkpt lat="43.010063" lon="10.530922">
        <ele>5.9</ele>
      </trkpt>
      <trkpt lat="43.010035" lon="10.530856">
        <ele>6.0</ele>
      </trkpt>
      <trkpt lat="43.010009" lon="10.530792">
        <ele>6.0</ele>
      </trkpt>
      <trkpt lat="43.009986" lon="10.530732">
        <ele>6.0</ele>
      </trkpt>
      <trkpt lat="43.00997" lon="10.530675">
        <ele>6.0</ele>
      </trkpt>
      <trkpt lat="43.009948" lon="10.530615">
        <ele>6.1</ele>
      </trkpt>
      <trkpt lat="43.009925" lon="10.530551">
        <ele>6.1</ele>
      </trkpt>
      <trkpt lat="43.0099" lon="10.530492">
        <ele>6.1</ele>
      </trkpt>
      <trkpt lat="43.009877" lon="10.530431">
        <ele>6.0</ele>
      </trkpt>
      <trkpt lat="43.009852" lon="10.530374">
        <ele>6.0</ele>
      </trkpt>
      <trkpt lat="43.009828" lon="10.530315">
        <ele>6.0</ele>
      </trkpt>
      <trkpt lat="43.009802" lon="10.53026">
        <ele>6.0</ele>
      </trkpt>
      <trkpt lat="43.009777" lon="10.530204">
        <ele>5.9</ele>
      </trkpt>
      <trkpt lat="43.009751" lon="10.530142">
        <ele>5.9</ele>
      </trkpt>
      <trkpt lat="43.009727" lon="10.530083">
        <ele>5.9</ele>
      </trkpt>
      <trkpt lat="43.009704" lon="10.530024">
        <ele>5.9</ele>
      </trkpt>
      <trkpt lat="43.009679" lon="10.529963">
        <ele>5.9</ele>
      </trkpt>
      <trkpt lat="43.009654" lon="10.529901">
        <ele>5.9</ele>
      </trkpt>
      <trkpt lat="43.009628" lon="10.529842">
        <ele>6.0</ele>
      </trkpt>
      <trkpt lat="43.009605" lon="10.529786">
        <ele>6.0</ele>
      </trkpt>
      <trkpt lat="43.009581" lon="10.529734">
        <ele>6.0</ele>
      </trkpt>
      <trkpt lat="43.009556" lon="10.529678">
        <ele>6.1</ele>
      </trkpt>
      <trkpt lat="43.009532" lon="10.52962">
        <ele>6.1</ele>
      </trkpt>
      <trkpt lat="43.009506" lon="10.529562">
        <ele>6.2</ele>
      </trkpt>
      <trkpt lat="43.009478" lon="10.529501">
        <ele>6.3</ele>
      </trkpt>
      <trkpt lat="43.009451" lon="10.52944">
        <ele>6.4</ele>
      </trkpt>
      <trkpt lat="43.009429" lon="10.52938">
        <ele>6.4</ele>
      </trkpt>
      <trkpt lat="43.009405" lon="10.529317">
        <ele>6.5</ele>
      </trkpt>
      <trkpt lat="43.009379" lon="10.529259">
        <ele>6.6</ele>
      </trkpt>
      <trkpt lat="43.009355" lon="10.529197">
        <ele>6.7</ele>
      </trkpt>
      <trkpt lat="43.009329" lon="10.529137">
        <ele>6.8</ele>
      </trkpt>
      <trkpt lat="43.009302" lon="10.529078">
        <ele>6.9</ele>
      </trkpt>
      <trkpt lat="43.009276" lon="10.529016">
        <ele>7.0</ele>
      </trkpt>
      <trkpt lat="43.009249" lon="10.528951">
        <ele>7.1</ele>
      </trkpt>
      <trkpt lat="43.009227" lon="10.52889">
        <ele>7.2</ele>
      </trkpt>
      <trkpt lat="43.009205" lon="10.528827">
        <ele>7.3</ele>
      </trkpt>
      <trkpt lat="43.00919" lon="10.528759">
        <ele>7.4</ele>
      </trkpt>
      <trkpt lat="43.009182" lon="10.528687">
        <ele>7.5</ele>
      </trkpt>
      <trkpt lat="43.009184" lon="10.528618">
        <ele>7.5</ele>
      </trkpt>
      <trkpt lat="43.009191" lon="10.528548">
        <ele>7.5</ele>
      </trkpt>
      <trkpt lat="43.009206" lon="10.528482">
        <ele>7.5</ele>
      </trkpt>
      <trkpt lat="43.009224" lon="10.528416">
        <ele>7.5</ele>
      </trkpt>
      <trkpt lat="43.009244" lon="10.528348">
        <ele>7.5</ele>
      </trkpt>
      <trkpt lat="43.009263" lon="10.528278">
        <ele>7.4</ele>
      </trkpt>
      <trkpt lat="43.009285" lon="10.528206">
        <ele>7.4</ele>
      </trkpt>
      <trkpt lat="43.009305" lon="10.528134">
        <ele>7.3</ele>
      </trkpt>
      <trkpt lat="43.009324" lon="10.528061">
        <ele>7.3</ele>
      </trkpt>
      <trkpt lat="43.009347" lon="10.527985">
        <ele>7.2</ele>
      </trkpt>
      <trkpt lat="43.009367" lon="10.527913">
        <ele>7.1</ele>
      </trkpt>
      <trkpt lat="43.009387" lon="10.527839">
        <ele>7.1</ele>
      </trkpt>
      <trkpt lat="43.009405" lon="10.527763">
        <ele>7.0</ele>
      </trkpt>
      <trkpt lat="43.009423" lon="10.527685">
        <ele>6.9</ele>
      </trkpt>
      <trkpt lat="43.00944" lon="10.527603">
        <ele>6.8</ele>
      </trkpt>
      <trkpt lat="43.009454" lon="10.527528">
        <ele>6.7</ele>
      </trkpt>
      <trkpt lat="43.009474" lon="10.527457">
        <ele>6.6</ele>
      </trkpt>
      <trkpt lat="43.009489" lon="10.527389">
        <ele>6.5</ele>
      </trkpt>
      <trkpt lat="43.009507" lon="10.527313">
        <ele>6.4</ele>
      </trkpt>
      <trkpt lat="43.009524" lon="10.527243">
        <ele>6.4</ele>
      </trkpt>
      <trkpt lat="43.00954" lon="10.527168">
        <ele>6.3</ele>
      </trkpt>
      <trkpt lat="43.009559" lon="10.527094">
        <ele>6.2</ele>
      </trkpt>
      <trkpt lat="43.009566" lon="10.527021">
        <ele>6.2</ele>
      </trkpt>
      <trkpt lat="43.009574" lon="10.526949">
        <ele>6.1</ele>
      </trkpt>
      <trkpt lat="43.009589" lon="10.526878">
        <ele>6.1</ele>
      </trkpt>
      <trkpt lat="43.009609" lon="10.526815">
        <ele>6.0</ele>
      </trkpt>
      <trkpt lat="43.009627" lon="10.526748">
        <ele>6.0</ele>
      </trkpt>
      <trkpt lat="43.009644" lon="10.526676">
        <ele>5.9</ele>
      </trkpt>
      <trkpt lat="43.009664" lon="10.526605">
        <ele>5.9</ele>
      </trkpt>
      <trkpt lat="43.009684" lon="10.526537">
        <ele>5.8</ele>
      </trkpt>
      <trkpt lat="43.009704" lon="10.526474">
        <ele>5.8</ele>
      </trkpt>
      <trkpt lat="43.009721" lon="10.526405">
        <ele>5.7</ele>
      </trkpt>
      <trkpt lat="43.009737" lon="10.526333">
        <ele>5.7</ele>
      </trkpt>
      <trkpt lat="43.009756" lon="10.526262">
        <ele>5.6</ele>
      </trkpt>
      <trkpt lat="43.009775" lon="10.526196">
        <ele>5.6</ele>
      </trkpt>
      <trkpt lat="43.009789" lon="10.526129">
        <ele>5.6</ele>
      </trkpt>
      <trkpt lat="43.009804" lon="10.526058">
        <ele>5.6</ele>
      </trkpt>
      <trkpt lat="43.009823" lon="10.525988">
        <ele>5.6</ele>
      </trkpt>
      <trkpt lat="43.009843" lon="10.525919">
        <ele>5.7</ele>
      </trkpt>
      <trkpt lat="43.009864" lon="10.525851">
        <ele>5.7</ele>
      </trkpt>
      <trkpt lat="43.009881" lon="10.525779">
        <ele>5.8</ele>
      </trkpt>
      <trkpt lat="43.009894" lon="10.5257">
        <ele>5.9</ele>
      </trkpt>
      <trkpt lat="43.009903" lon="10.525625">
        <ele>6.0</ele>
      </trkpt>
      <trkpt lat="43.009917" lon="10.525545">
        <ele>6.1</ele>
      </trkpt>
      <trkpt lat="43.009936" lon="10.525471">
        <ele>6.2</ele>
      </trkpt>
      <trkpt lat="43.009953" lon="10.5254">
        <ele>6.3</ele>
      </trkpt>
      <trkpt lat="43.009969" lon="10.525328">
        <ele>6.4</ele>
      </trkpt>
      <trkpt lat="43.009991" lon="10.525256">
        <ele>6.5</ele>
      </trkpt>
      <trkpt lat="43.010005" lon="10.525187">
        <ele>6.5</ele>
      </trkpt>
      <trkpt lat="43.010019" lon="10.525115">
        <ele>6.5</ele>
      </trkpt>
      <trkpt lat="43.010038" lon="10.525043">
        <ele>6.5</ele>
      </trkpt>
      <trkpt lat="43.010055" lon="10.524975">
        <ele>6.4</ele>
      </trkpt>
      <trkpt lat="43.010073" lon="10.524906">
        <ele>6.4</ele>
      </trkpt>
      <trkpt lat="43.010094" lon="10.524835">
        <ele>6.4</ele>
      </trkpt>
      <trkpt lat="43.010111" lon="10.524767">
        <ele>6.4</ele>
      </trkpt>
      <trkpt lat="43.010128" lon="10.524703">
        <ele>6.3</ele>
      </trkpt>
      <trkpt lat="43.010145" lon="10.524637">
        <ele>6.3</ele>
      </trkpt>
      <trkpt lat="43.010159" lon="10.524572">
        <ele>6.3</ele>
      </trkpt>
      <trkpt lat="43.010173" lon="10.524506">
        <ele>6.3</ele>
      </trkpt>
      <trkpt lat="43.010188" lon="10.524446">
        <ele>6.3</ele>
      </trkpt>
      <trkpt lat="43.010203" lon="10.524387">
        <ele>6.3</ele>
      </trkpt>
      <trkpt lat="43.010219" lon="10.524328">
        <ele>6.3</ele>
      </trkpt>
      <trkpt lat="43.010229" lon="10.524268">
        <ele>6.3</ele>
      </trkpt>
      <trkpt lat="43.010243" lon="10.524203">
        <ele>6.3</ele>
      </trkpt>
      <trkpt lat="43.010258" lon="10.524137">
        <ele>6.4</ele>
      </trkpt>
      <trkpt lat="43.010273" lon="10.524075">
        <ele>6.4</ele>
      </trkpt>
      <trkpt lat="43.010287" lon="10.524013">
        <ele>6.4</ele>
      </trkpt>
      <trkpt lat="43.010301" lon="10.52395">
        <ele>6.5</ele>
      </trkpt>
      <trkpt lat="43.010313" lon="10.52389">
        <ele>6.5</ele>
      </trkpt>
      <trkpt lat="43.010331" lon="10.523826">
        <ele>6.6</ele>
      </trkpt>
      <trkpt lat="43.010355" lon="10.523763">
        <ele>6.7</ele>
      </trkpt>
      <trkpt lat="43.010373" lon="10.523701">
        <ele>6.7</ele>
      </trkpt>
      <trkpt lat="43.010387" lon="10.523641">
        <ele>6.8</ele>
      </trkpt>
      <trkpt lat="43.010408" lon="10.523578">
        <ele>6.9</ele>
      </trkpt>
      <trkpt lat="43.010428" lon="10.523511">
        <ele>6.9</ele>
      </trkpt>
      <trkpt lat="43.010441" lon="10.52344">
        <ele>6.9</ele>
      </trkpt>
      <trkpt lat="43.010446" lon="10.523375">
        <ele>6.9</ele>
      </trkpt>
      <trkpt lat="43.010456" lon="10.523315">
        <ele>6.9</ele>
      </trkpt>
      <trkpt lat="43.010471" lon="10.523256">
        <ele>7.0</ele>
      </trkpt>
      <trkpt lat="43.010484" lon="10.523199">
        <ele>7.0</ele>
      </trkpt>
      <trkpt lat="43.010497" lon="10.523141">
        <ele>7.0</ele>
      </trkpt>
      <trkpt lat="43.010508" lon="10.52308">
        <ele>7.0</ele>
      </trkpt>
      <trkpt lat="43.010524" lon="10.523023">
        <ele>7.0</ele>
      </trkpt>
      <trkpt lat="43.010538" lon="10.522963">
        <ele>7.0</ele>
      </trkpt>
      <trkpt lat="43.010551" lon="10.522908">
        <ele>7.0</ele>
      </trkpt>
      <trkpt lat="43.010559" lon="10.522856">
        <ele>7.1</ele>
      </trkpt>
      <trkpt lat="43.01057" lon="10.522813">
        <ele>7.1</ele>
      </trkpt>
      <trkpt lat="43.010563" lon="10.522784">
        <ele>7.1</ele>
      </trkpt>
      <trkpt lat="43.010559" lon="10.522753">
        <ele>7.1</ele>
      </trkpt>
      <trkpt lat="43.010554" lon="10.522726">
        <ele>7.0</ele>
      </trkpt>
      <trkpt lat="43.01054" lon="10.522703">
        <ele>7.0</ele>
      </trkpt>
      <trkpt lat="43.010513" lon="10.522682">
        <ele>6.9</ele>
      </trkpt>
      <trkpt lat="43.010479" lon="10.522662">
        <ele>6.9</ele>
      </trkpt>
      <trkpt lat="43.010442" lon="10.522649">
        <ele>6.8</ele>
      </trkpt>
      <trkpt lat="43.010403" lon="10.522646">
        <ele>6.8</ele>
      </trkpt>
      <trkpt lat="43.010367" lon="10.522647">
        <ele>6.8</ele>
      </trkpt>
      <trkpt lat="43.010327" lon="10.522649">
        <ele>6.8</ele>
      </trkpt>
      <trkpt lat="43.010287" lon="10.522651">
        <ele>6.9</ele>
      </trkpt>
      <trkpt lat="43.010248" lon="10.522655">
        <ele>6.9</ele>
      </trkpt>
      <trkpt lat="43.010206" lon="10.522658">
        <ele>6.9</ele>
      </trkpt>
      <trkpt lat="43.010165" lon="10.522658">
        <ele>6.9</ele>
      </trkpt>
      <trkpt lat="43.010122" lon="10.522659">
        <ele>6.9</ele>
      </trkpt>
      <trkpt lat="43.010078" lon="10.522662">
        <ele>6.9</ele>
      </trkpt>
      <trkpt lat="43.010036" lon="10.522661">
        <ele>6.9</ele>
      </trkpt>
      <trkpt lat="43.009992" lon="10.52266">
        <ele>6.9</ele>
      </trkpt>
      <trkpt lat="43.009946" lon="10.522662">
        <ele>6.9</ele>
      </trkpt>
      <trkpt lat="43.009897" lon="10.522664">
        <ele>6.9</ele>
      </trkpt>
      <trkpt lat="43.009852" lon="10.522667">
        <ele>6.9</ele>
      </trkpt>
      <trkpt lat="43.009809" lon="10.522672">
        <ele>6.9</ele>
      </trkpt>
      <trkpt lat="43.009764" lon="10.522674">
        <ele>6.9</ele>
      </trkpt>
      <trkpt lat="43.009721" lon="10.52267">
        <ele>6.9</ele>
      </trkpt>
      <trkpt lat="43.009675" lon="10.522675">
        <ele>6.9</ele>
      </trkpt>
      <trkpt lat="43.009632" lon="10.522674">
        <ele>7.0</ele>
      </trkpt>
      <trkpt lat="43.009587" lon="10.522675">
        <ele>7.1</ele>
      </trkpt>
      <trkpt lat="43.009541" lon="10.522675">
        <ele>7.2</ele>
      </trkpt>
      <trkpt lat="43.009494" lon="10.522677">
        <ele>7.4</ele>
      </trkpt>
      <trkpt lat="43.009448" lon="10.52268">
        <ele>7.6</ele>
      </trkpt>
      <trkpt lat="43.009398" lon="10.522687">
        <ele>7.7</ele>
      </trkpt>
      <trkpt lat="43.009348" lon="10.522692">
        <ele>7.9</ele>
      </trkpt>
      <trkpt lat="43.009299" lon="10.522693">
        <ele>8.1</ele>
      </trkpt>
      <trkpt lat="43.009247" lon="10.522697">
        <ele>8.3</ele>
      </trkpt>
      <trkpt lat="43.009191" lon="10.522701">
        <ele>8.5</ele>
      </trkpt>
      <trkpt lat="43.009136" lon="10.522702">
        <ele>8.6</ele>
      </trkpt>
      <trkpt lat="43.009081" lon="10.522703">
        <ele>8.8</ele>
      </trkpt>
      <trkpt lat="43.009027" lon="10.522704">
        <ele>9.0</ele>
      </trkpt>
      <trkpt lat="43.008975" lon="10.522704">
        <ele>9.2</ele>
      </trkpt>
      <trkpt lat="43.008923" lon="10.522705">
        <ele>9.4</ele>
      </trkpt>
      <trkpt lat="43.008872" lon="10.522707">
        <ele>9.6</ele>
      </trkpt>
      <trkpt lat="43.008815" lon="10.522711">
        <ele>9.8</ele>
      </trkpt>
      <trkpt lat="43.008759" lon="10.522716">
        <ele>10.0</ele>
      </trkpt>
      <trkpt lat="43.008706" lon="10.522719">
        <ele>10.2</ele>
      </trkpt>
      <trkpt lat="43.008652" lon="10.522721">
        <ele>10.4</ele>
      </trkpt>
      <trkpt lat="43.008598" lon="10.522726">
        <ele>10.6</ele>
      </trkpt>
      <trkpt lat="43.008544" lon="10.52273">
        <ele>10.8</ele>
      </trkpt>
      <trkpt lat="43.008488" lon="10.522733">
        <ele>11.0</ele>
      </trkpt>
      <trkpt lat="43.008436" lon="10.522737">
        <ele>11.2</ele>
      </trkpt>
      <trkpt lat="43.008382" lon="10.522741">
        <ele>11.4</ele>
      </trkpt>
      <trkpt lat="43.008327" lon="10.52274">
        <ele>11.6</ele>
      </trkpt>
      <trkpt lat="43.008271" lon="10.52274">
        <ele>11.8</ele>
      </trkpt>
      <trkpt lat="43.008217" lon="10.52274">
        <ele>12.0</ele>
      </trkpt>
      <trkpt lat="43.008161" lon="10.522742">
        <ele>12.2</ele>
      </trkpt>
      <trkpt lat="43.00811" lon="10.522742">
        <ele>12.4</ele>
      </trkpt>
      <trkpt lat="43.008055" lon="10.522746">
        <ele>12.6</ele>
      </trkpt>
      <trkpt lat="43.008001" lon="10.522749">
        <ele>12.8</ele>
      </trkpt>
      <trkpt lat="43.00795" lon="10.52275">
        <ele>12.9</ele>
      </trkpt>
      <trkpt lat="43.007896" lon="10.522751">
        <ele>13.0</ele>
      </trkpt>
      <trkpt lat="43.007843" lon="10.522752">
        <ele>13.1</ele>
      </trkpt>
      <trkpt lat="43.007792" lon="10.522756">
        <ele>13.2</ele>
      </trkpt>
      <trkpt lat="43.007737" lon="10.522764">
        <ele>13.2</ele>
      </trkpt>
      <trkpt lat="43.00768" lon="10.52277">
        <ele>13.3</ele>
      </trkpt>
      <trkpt lat="43.007628" lon="10.522774">
        <ele>13.4</ele>
      </trkpt>
      <trkpt lat="43.007577" lon="10.522779">
        <ele>13.4</ele>
      </trkpt>
      <trkpt lat="43.007522" lon="10.52278">
        <ele>13.5</ele>
      </trkpt>
      <trkpt lat="43.007467" lon="10.522779">
        <ele>13.6</ele>
      </trkpt>
      <trkpt lat="43.007412" lon="10.522779">
        <ele>13.6</ele>
      </trkpt>
      <trkpt lat="43.007356" lon="10.522782">
        <ele>13.7</ele>
      </trkpt>
      <trkpt lat="43.007302" lon="10.522784">
        <ele>13.8</ele>
      </trkpt>
      <trkpt lat="43.007249" lon="10.522785">
        <ele>13.8</ele>
      </trkpt>
      <trkpt lat="43.007195" lon="10.522788">
        <ele>13.9</ele>
      </trkpt>
      <trkpt lat="43.007142" lon="10.522792">
        <ele>13.9</ele>
      </trkpt>
      <trkpt lat="43.007089" lon="10.522791">
        <ele>13.9</ele>
      </trkpt>
      <trkpt lat="43.007036" lon="10.52279">
        <ele>13.7</ele>
      </trkpt>
      <trkpt lat="43.006981" lon="10.522792">
        <ele>13.6</ele>
      </trkpt>
      <trkpt lat="43.006931" lon="10.522791">
        <ele>13.5</ele>
      </trkpt>
      <trkpt lat="43.006878" lon="10.522794">
        <ele>13.4</ele>
      </trkpt>
      <trkpt lat="43.006832" lon="10.522804">
        <ele>13.3</ele>
      </trkpt>
      <trkpt lat="43.006789" lon="10.522809">
        <ele>13.2</ele>
      </trkpt>
      <trkpt lat="43.006744" lon="10.522813">
        <ele>13.1</ele>
      </trkpt>
      <trkpt lat="43.006702" lon="10.522816">
        <ele>13.0</ele>
      </trkpt>
      <trkpt lat="43.006663" lon="10.522812">
        <ele>12.9</ele>
      </trkpt>
      <trkpt lat="43.006639" lon="10.52279">
        <ele>12.8</ele>
      </trkpt>
      <trkpt lat="43.006634" lon="10.522758">
        <ele>12.8</ele>
      </trkpt>
      <trkpt lat="43.006631" lon="10.522725">
        <ele>12.7</ele>
      </trkpt>
      <trkpt lat="43.006627" lon="10.522698">
        <ele>12.7</ele>
      </trkpt>
      <trkpt lat="43.006632" lon="10.522673">
        <ele>12.7</ele>
      </trkpt>
      <trkpt lat="43.006644" lon="10.522655">
        <ele>12.7</ele>
      </trkpt>
      <trkpt lat="43.006646" lon="10.522649">
        <ele>12.7</ele>
      </trkpt>
      <trkpt lat="43.006645" lon="10.522644">
        <ele>12.7</ele>
      </trkpt>
      <trkpt lat="43.006643" lon="10.522641">
        <ele>12.7</ele>
      </trkpt>
      <trkpt lat="43.006643" lon="10.522645">
        <ele>12.7</ele>
      </trkpt>
      <trkpt lat="43.00661" lon="10.522603">
        <ele>12.6</ele>
      </trkpt>
      <trkpt lat="43.0066" lon="10.522578">
        <ele>12.5</ele>
      </trkpt>
      <trkpt lat="43.006587" lon="10.522544">
        <ele>12.5</ele>
      </trkpt>
      <trkpt lat="43.006578" lon="10.522506">
        <ele>12.4</ele>
      </trkpt>
      <trkpt lat="43.006568" lon="10.522463">
        <ele>12.4</ele>
      </trkpt>
      <trkpt lat="43.006559" lon="10.52242">
        <ele>12.3</ele>
      </trkpt>
      <trkpt lat="43.006548" lon="10.522376">
        <ele>12.3</ele>
      </trkpt>
      <trkpt lat="43.00654" lon="10.52233">
        <ele>12.2</ele>
      </trkpt>
      <trkpt lat="43.00653" lon="10.522276">
        <ele>12.2</ele>
      </trkpt>
      <trkpt lat="43.006519" lon="10.522223">
        <ele>12.1</ele>
      </trkpt>
      <trkpt lat="43.006511" lon="10.522174">
        <ele>12.1</ele>
      </trkpt>
      <trkpt lat="43.006499" lon="10.522115">
        <ele>12.1</ele>
      </trkpt>
      <trkpt lat="43.006486" lon="10.522062">
        <ele>12.0</ele>
      </trkpt>
      <trkpt lat="43.006471" lon="10.52201">
        <ele>12.0</ele>
      </trkpt>
      <trkpt lat="43.006457" lon="10.521956">
        <ele>12.0</ele>
      </trkpt>
      <trkpt lat="43.006443" lon="10.521902">
        <ele>11.9</ele>
      </trkpt>
      <trkpt lat="43.006429" lon="10.521844">
        <ele>11.9</ele>
      </trkpt>
      <trkpt lat="43.006419" lon="10.521789">
        <ele>11.9</ele>
      </trkpt>
      <trkpt lat="43.006408" lon="10.521735">
        <ele>11.9</ele>
      </trkpt>
      <trkpt lat="43.006397" lon="10.52168">
        <ele>11.9</ele>
      </trkpt>
      <trkpt lat="43.006384" lon="10.521626">
        <ele>11.9</ele>
      </trkpt>
      <trkpt lat="43.006372" lon="10.521572">
        <ele>11.9</ele>
      </trkpt>
      <trkpt lat="43.006361" lon="10.521519">
        <ele>11.9</ele>
      </trkpt>
      <trkpt lat="43.006351" lon="10.521467">
        <ele>11.9</ele>
      </trkpt>
      <trkpt lat="43.006338" lon="10.521415">
        <ele>11.9</ele>
      </trkpt>
      <trkpt lat="43.006325" lon="10.521365">
        <ele>11.9</ele>
      </trkpt>
      <trkpt lat="43.006312" lon="10.52131">
        <ele>11.9</ele>
      </trkpt>
      <trkpt lat="43.006297" lon="10.521254">
        <ele>11.9</ele>
      </trkpt>
      <trkpt lat="43.006282" lon="10.521202">
        <ele>12.0</ele>
      </trkpt>
      <trkpt lat="43.006269" lon="10.521151">
        <ele>12.0</ele>
      </trkpt>
      <trkpt lat="43.006254" lon="10.521099">
        <ele>12.0</ele>
      </trkpt>
      <trkpt lat="43.00624" lon="10.521044">
        <ele>12.2</ele>
      </trkpt>
      <trkpt lat="43.006227" lon="10.52099">
        <ele>12.4</ele>
      </trkpt>
      <trkpt lat="43.006213" lon="10.520937">
        <ele>12.5</ele>
      </trkpt>
      <trkpt lat="43.006199" lon="10.520884">
        <ele>12.7</ele>
      </trkpt>
      <trkpt lat="43.00619" lon="10.520841">
        <ele>12.8</ele>
      </trkpt>
      <trkpt lat="43.006185" lon="10.520814">
        <ele>12.9</ele>
      </trkpt>
      <trkpt lat="43.006182" lon="10.520809">
        <ele>12.9</ele>
      </trkpt>
      <trkpt lat="43.006179" lon="10.520813">
        <ele>12.9</ele>
      </trkpt>
      <trkpt lat="43.006184" lon="10.520809">
        <ele>12.9</ele>
      </trkpt>
      <trkpt lat="43.006187" lon="10.520809">
        <ele>12.9</ele>
      </trkpt>
      <trkpt lat="43.006184" lon="10.520809">
        <ele>12.9</ele>
      </trkpt>
      <trkpt lat="43.006175" lon="10.52081">
        <ele>13.0</ele>
      </trkpt>
      <trkpt lat="43.006171" lon="10.520811">
        <ele>13.0</ele>
      </trkpt>
      <trkpt lat="43.00617" lon="10.520809">
        <ele>13.0</ele>
      </trkpt>
      <trkpt lat="43.006167" lon="10.520804">
        <ele>13.0</ele>
      </trkpt>
      <trkpt lat="43.006164" lon="10.520803">
        <ele>13.0</ele>
      </trkpt>
      <trkpt lat="43.006274" lon="10.520712">
        <ele>12.9</ele>
      </trkpt>
      <trkpt lat="43.006301" lon="10.520714">
        <ele>12.8</ele>
      </trkpt>
      <trkpt lat="43.006331" lon="10.520708">
        <ele>12.7</ele>
      </trkpt>
      <trkpt lat="43.006363" lon="10.520695">
        <ele>12.7</ele>
      </trkpt>
      <trkpt lat="43.006403" lon="10.520681">
        <ele>12.5</ele>
      </trkpt>
      <trkpt lat="43.006445" lon="10.520673">
        <ele>12.4</ele>
      </trkpt>
      <trkpt lat="43.006487" lon="10.520664">
        <ele>12.3</ele>
      </trkpt>
      <trkpt lat="43.006526" lon="10.520655">
        <ele>12.1</ele>
      </trkpt>
      <trkpt lat="43.006569" lon="10.520648">
        <ele>12.0</ele>
      </trkpt>
      <trkpt lat="43.006607" lon="10.520641">
        <ele>11.9</ele>
      </trkpt>
      <trkpt lat="43.006645" lon="10.520636">
        <ele>11.7</ele>
      </trkpt>
      <trkpt lat="43.006685" lon="10.52063">
        <ele>11.6</ele>
      </trkpt>
      <trkpt lat="43.006722" lon="10.520625">
        <ele>11.5</ele>
      </trkpt>
      <trkpt lat="43.006761" lon="10.520622">
        <ele>11.3</ele>
      </trkpt>
      <trkpt lat="43.006802" lon="10.520619">
        <ele>11.2</ele>
      </trkpt>
      <trkpt lat="43.006834" lon="10.520622">
        <ele>11.1</ele>
      </trkpt>
      <trkpt lat="43.006873" lon="10.520624">
        <ele>10.9</ele>
      </trkpt>
      <trkpt lat="43.006913" lon="10.520621">
        <ele>10.8</ele>
      </trkpt>
      <trkpt lat="43.006949" lon="10.520618">
        <ele>10.6</ele>
      </trkpt>
      <trkpt lat="43.006988" lon="10.520616">
        <ele>10.5</ele>
      </trkpt>
      <trkpt lat="43.007031" lon="10.52061">
        <ele>10.3</ele>
      </trkpt>
      <trkpt lat="43.007075" lon="10.520608">
        <ele>10.2</ele>
      </trkpt>
      <trkpt lat="43.007118" lon="10.520607">
        <ele>10.0</ele>
      </trkpt>
      <trkpt lat="43.007162" lon="10.520604">
        <ele>9.9</ele>
      </trkpt>
      <trkpt lat="43.007205" lon="10.520599">
        <ele>9.9</ele>
      </trkpt>
      <trkpt lat="43.007248" lon="10.520595">
        <ele>9.8</ele>
      </trkpt>
      <trkpt lat="43.007283" lon="10.520593">
        <ele>9.8</ele>
      </trkpt>
      <trkpt lat="43.007315" lon="10.520589">
        <ele>9.7</ele>
      </trkpt>
      <trkpt lat="43.007341" lon="10.520583">
        <ele>9.7</ele>
      </trkpt>
      <trkpt lat="43.007367" lon="10.52058">
        <ele>9.7</ele>
      </trkpt>
      <trkpt lat="43.007394" lon="10.520579">
        <ele>9.6</ele>
      </trkpt>
      <trkpt lat="43.007417" lon="10.520575">
        <ele>9.6</ele>
      </trkpt>
      <trkpt lat="43.007439" lon="10.520569">
        <ele>9.6</ele>
      </trkpt>
      <trkpt lat="43.007459" lon="10.520569">
        <ele>9.6</ele>
      </trkpt>
      <trkpt lat="43.007478" lon="10.520572">
        <ele>9.5</ele>
      </trkpt>
      <trkpt lat="43.007499" lon="10.520569">
        <ele>9.5</ele>
      </trkpt>
      <trkpt lat="43.007526" lon="10.52057">
        <ele>9.5</ele>
      </trkpt>
      <trkpt lat="43.007551" lon="10.520574">
        <ele>9.4</ele>
      </trkpt>
      <trkpt lat="43.007576" lon="10.52057">
        <ele>9.4</ele>
      </trkpt>
      <trkpt lat="43.007597" lon="10.52057">
        <ele>9.4</ele>
      </trkpt>
      <trkpt lat="43.007618" lon="10.520575">
        <ele>9.4</ele>
      </trkpt>
      <trkpt lat="43.00764" lon="10.520577">
        <ele>9.3</ele>
      </trkpt>
      <trkpt lat="43.007662" lon="10.520575">
        <ele>9.3</ele>
      </trkpt>
      <trkpt lat="43.007685" lon="10.520577">
        <ele>9.3</ele>
      </trkpt>
      <trkpt lat="43.007703" lon="10.52056">
        <ele>9.3</ele>
      </trkpt>
      <trkpt lat="43.007701" lon="10.520542">
        <ele>9.3</ele>
      </trkpt>
      <trkpt lat="43.007696" lon="10.520547">
        <ele>9.3</ele>
      </trkpt>
      <trkpt lat="43.007698" lon="10.520541">
        <ele>9.3</ele>
      </trkpt>
      <trkpt lat="43.007701" lon="10.520544">
        <ele>9.3</ele>
      </trkpt>
      <trkpt lat="43.007699" lon="10.520539">
        <ele>9.3</ele>
      </trkpt>
      <trkpt lat="43.007699" lon="10.520531">
        <ele>9.3</ele>
      </trkpt>
      <trkpt lat="43.007698" lon="10.52053">
        <ele>9.3</ele>
      </trkpt>
      <trkpt lat="43.007651" lon="10.520503">
        <ele>9.3</ele>
      </trkpt>
      <trkpt lat="43.007631" lon="10.520472">
        <ele>9.3</ele>
      </trkpt>
      <trkpt lat="43.007608" lon="10.520435">
        <ele>9.4</ele>
      </trkpt>
      <trkpt lat="43.007586" lon="10.520392">
        <ele>9.4</ele>
      </trkpt>
      <trkpt lat="43.007567" lon="10.520345">
        <ele>9.4</ele>
      </trkpt>
      <trkpt lat="43.007551" lon="10.520291">
        <ele>9.4</ele>
      </trkpt>
      <trkpt lat="43.007534" lon="10.520232">
        <ele>9.4</ele>
      </trkpt>
      <trkpt lat="43.007516" lon="10.520171">
        <ele>9.4</ele>
      </trkpt>
      <trkpt lat="43.007498" lon="10.52011">
        <ele>9.3</ele>
      </trkpt>
      <trkpt lat="43.007479" lon="10.520046">
        <ele>9.3</ele>
      </trkpt>
      <trkpt lat="43.007459" lon="10.519981">
        <ele>9.2</ele>
      </trkpt>
      <trkpt lat="43.00744" lon="10.519916">
        <ele>9.2</ele>
      </trkpt>
      <trkpt lat="43.007421" lon="10.519847">
        <ele>9.1</ele>
      </trkpt>
      <trkpt lat="43.007399" lon="10.519779">
        <ele>9.1</ele>
      </trkpt>
      <trkpt lat="43.007377" lon="10.519711">
        <ele>9.0</ele>
      </trkpt>
      <trkpt lat="43.007355" lon="10.519643">
        <ele>8.9</ele>
      </trkpt>
      <trkpt lat="43.007333" lon="10.519576">
        <ele>8.9</ele>
      </trkpt>
      <trkpt lat="43.007311" lon="10.519504">
        <ele>8.8</ele>
      </trkpt>
      <trkpt lat="43.007292" lon="10.519438">
        <ele>8.8</ele>
      </trkpt>
      <trkpt lat="43.007272" lon="10.519362">
        <ele>8.7</ele>
      </trkpt>
      <trkpt lat="43.007249" lon="10.519293">
        <ele>8.6</ele>
      </trkpt>
      <trkpt lat="43.007228" lon="10.519227">
        <ele>8.6</ele>
      </trkpt>
      <trkpt lat="43.007206" lon="10.51916">
        <ele>8.5</ele>
      </trkpt>
      <trkpt lat="43.007183" lon="10.519093">
        <ele>8.5</ele>
      </trkpt>
      <trkpt lat="43.007162" lon="10.519024">
        <ele>8.4</ele>
      </trkpt>
      <trkpt lat="43.007145" lon="10.518957">
        <ele>8.4</ele>
      </trkpt>
      <trkpt lat="43.007127" lon="10.518891">
        <ele>8.3</ele>
      </trkpt>
      <trkpt lat="43.007106" lon="10.518822">
        <ele>8.4</ele>
      </trkpt>
      <trkpt lat="43.007088" lon="10.518756">
        <ele>8.4</ele>
      </trkpt>
      <trkpt lat="43.007068" lon="10.518692">
        <ele>8.4</ele>
      </trkpt>
      <trkpt lat="43.007048" lon="10.518623">
        <ele>8.5</ele>
      </trkpt>
      <trkpt lat="43.007031" lon="10.518556">
        <ele>8.6</ele>
      </trkpt>
      <trkpt lat="43.007013" lon="10.518491">
        <ele>8.9</ele>
      </trkpt>
      <trkpt lat="43.006992" lon="10.518427">
        <ele>9.1</ele>
      </trkpt>
      <trkpt lat="43.006973" lon="10.518364">
        <ele>9.4</ele>
      </trkpt>
      <trkpt lat="43.006952" lon="10.518305">
        <ele>9.6</ele>
      </trkpt>
      <trkpt lat="43.006934" lon="10.518247">
        <ele>9.8</ele>
      </trkpt>
      <trkpt lat="43.006917" lon="10.518193">
        <ele>10.1</ele>
      </trkpt>
      <trkpt lat="43.006898" lon="10.518135">
        <ele>10.3</ele>
      </trkpt>
      <trkpt lat="43.006881" lon="10.51808">
        <ele>10.5</ele>
      </trkpt>
      <trkpt lat="43.006866" lon="10.518033">
        <ele>10.6</ele>
      </trkpt>
      <trkpt lat="43.006851" lon="10.517988">
        <ele>10.8</ele>
      </trkpt>
      <trkpt lat="43.006844" lon="10.517944">
        <ele>10.9</ele>
      </trkpt>
      <trkpt lat="43.006836" lon="10.517904">
        <ele>11.1</ele>
      </trkpt>
      <trkpt lat="43.006827" lon="10.517858">
        <ele>11.2</ele>
      </trkpt>
      <trkpt lat="43.006813" lon="10.517808">
        <ele>11.4</ele>
      </trkpt>
      <trkpt lat="43.006798" lon="10.517756">
        <ele>11.5</ele>
      </trkpt>
      <trkpt lat="43.006782" lon="10.517701">
        <ele>11.5</ele>
      </trkpt>
      <trkpt lat="43.006764" lon="10.517645">
        <ele>11.6</ele>
      </trkpt>
      <trkpt lat="43.006749" lon="10.51759">
        <ele>11.6</ele>
      </trkpt>
      <trkpt lat="43.006731" lon="10.517534">
        <ele>11.6</ele>
      </trkpt>
      <trkpt lat="43.006713" lon="10.517477">
        <ele>11.6</ele>
      </trkpt>
      <trkpt lat="43.006697" lon="10.517419">
        <ele>11.6</ele>
      </trkpt>
      <trkpt lat="43.006675" lon="10.51736">
        <ele>11.6</ele>
      </trkpt>
      <trkpt lat="43.006658" lon="10.517301">
        <ele>11.7</ele>
      </trkpt>
      <trkpt lat="43.006639" lon="10.517243">
        <ele>11.7</ele>
      </trkpt>
      <trkpt lat="43.006619" lon="10.51718">
        <ele>11.7</ele>
      </trkpt>
      <trkpt lat="43.0066" lon="10.517113">
        <ele>11.7</ele>
      </trkpt>
      <trkpt lat="43.006578" lon="10.517043">
        <ele>11.7</ele>
      </trkpt>
      <trkpt lat="43.006558" lon="10.516971">
        <ele>11.7</ele>
      </trkpt>
      <trkpt lat="43.006539" lon="10.516898">
        <ele>11.8</ele>
      </trkpt>
      <trkpt lat="43.006518" lon="10.516825">
        <ele>11.8</ele>
      </trkpt>
      <trkpt lat="43.0065" lon="10.516756">
        <ele>11.8</ele>
      </trkpt>
      <trkpt lat="43.006478" lon="10.516692">
        <ele>11.8</ele>
      </trkpt>
      <trkpt lat="43.00646" lon="10.516626">
        <ele>11.8</ele>
      </trkpt>
      <trkpt lat="43.006441" lon="10.516568">
        <ele>11.8</ele>
      </trkpt>
      <trkpt lat="43.006416" lon="10.516523">
        <ele>11.9</ele>
      </trkpt>
      <trkpt lat="43.006401" lon="10.516476">
        <ele>11.9</ele>
      </trkpt>
      <trkpt lat="43.006396" lon="10.516418">
        <ele>11.9</ele>
      </trkpt>
      <trkpt lat="43.006377" lon="10.516365">
        <ele>11.9</ele>
      </trkpt>
      <trkpt lat="43.006361" lon="10.516305">
        <ele>11.9</ele>
      </trkpt>
      <trkpt lat="43.006347" lon="10.516248">
        <ele>11.9</ele>
      </trkpt>
      <trkpt lat="43.00633" lon="10.516188">
        <ele>11.9</ele>
      </trkpt>
      <trkpt lat="43.006313" lon="10.516129">
        <ele>11.9</ele>
      </trkpt>
      <trkpt lat="43.006294" lon="10.516067">
        <ele>12.0</ele>
      </trkpt>
      <trkpt lat="43.006274" lon="10.516007">
        <ele>12.1</ele>
      </trkpt>
      <trkpt lat="43.006257" lon="10.515948">
        <ele>12.3</ele>
      </trkpt>
      <trkpt lat="43.006239" lon="10.515887">
        <ele>12.5</ele>
      </trkpt>
      <trkpt lat="43.006223" lon="10.515825">
        <ele>12.6</ele>
      </trkpt>
      <trkpt lat="43.006204" lon="10.515764">
        <ele>12.7</ele>
      </trkpt>
      <trkpt lat="43.006185" lon="10.515705">
        <ele>12.9</ele>
      </trkpt>
      <trkpt lat="43.006165" lon="10.515637">
        <ele>13.0</ele>
      </trkpt>
      <trkpt lat="43.006144" lon="10.515574">
        <ele>13.2</ele>
      </trkpt>
      <trkpt lat="43.006127" lon="10.515515">
        <ele>13.3</ele>
      </trkpt>
      <trkpt lat="43.006107" lon="10.515451">
        <ele>13.4</ele>
      </trkpt>
      <trkpt lat="43.006088" lon="10.515388">
        <ele>13.5</ele>
      </trkpt>
      <trkpt lat="43.006071" lon="10.515326">
        <ele>13.6</ele>
      </trkpt>
      <trkpt lat="43.006053" lon="10.515259">
        <ele>13.7</ele>
      </trkpt>
      <trkpt lat="43.006032" lon="10.515198">
        <ele>13.7</ele>
      </trkpt>
      <trkpt lat="43.006013" lon="10.515133">
        <ele>13.7</ele>
      </trkpt>
      <trkpt lat="43.005995" lon="10.515068">
        <ele>13.7</ele>
      </trkpt>
      <trkpt lat="43.005973" lon="10.514999">
        <ele>13.8</ele>
      </trkpt>
      <trkpt lat="43.005953" lon="10.514936">
        <ele>13.8</ele>
      </trkpt>
      <trkpt lat="43.005932" lon="10.514866">
        <ele>13.8</ele>
      </trkpt>
      <trkpt lat="43.005911" lon="10.5148">
        <ele>13.9</ele>
      </trkpt>
      <trkpt lat="43.005893" lon="10.514741">
        <ele>13.9</ele>
      </trkpt>
      <trkpt lat="43.005872" lon="10.514672">
        <ele>13.9</ele>
      </trkpt>
      <trkpt lat="43.005852" lon="10.514607">
        <ele>14.0</ele>
      </trkpt>
      <trkpt lat="43.00583" lon="10.514538">
        <ele>14.1</ele>
      </trkpt>
      <trkpt lat="43.00581" lon="10.514467">
        <ele>14.1</ele>
      </trkpt>
      <trkpt lat="43.005785" lon="10.514396">
        <ele>14.2</ele>
      </trkpt>
      <trkpt lat="43.005761" lon="10.514326">
        <ele>14.4</ele>
      </trkpt>
      <trkpt lat="43.005738" lon="10.514259">
        <ele>14.5</ele>
      </trkpt>
      <trkpt lat="43.005716" lon="10.514193">
        <ele>14.6</ele>
      </trkpt>
      <trkpt lat="43.005695" lon="10.514128">
        <ele>14.7</ele>
      </trkpt>
      <trkpt lat="43.005671" lon="10.514061">
        <ele>14.9</ele>
      </trkpt>
      <trkpt lat="43.005648" lon="10.513995">
        <ele>15.0</ele>
      </trkpt>
      <trkpt lat="43.005627" lon="10.513932">
        <ele>15.1</ele>
      </trkpt>
      <trkpt lat="43.005606" lon="10.513869">
        <ele>15.2</ele>
      </trkpt>
      <trkpt lat="43.005584" lon="10.51381">
        <ele>15.3</ele>
      </trkpt>
      <trkpt lat="43.005565" lon="10.513752">
        <ele>15.4</ele>
      </trkpt>
      <trkpt lat="43.005547" lon="10.513694">
        <ele>15.5</ele>
      </trkpt>
      <trkpt lat="43.005523" lon="10.513634">
        <ele>15.6</ele>
      </trkpt>
      <trkpt lat="43.005505" lon="10.51358">
        <ele>15.6</ele>
      </trkpt>
      <trkpt lat="43.005489" lon="10.51354">
        <ele>15.3</ele>
      </trkpt>
      <trkpt lat="43.005475" lon="10.513506">
        <ele>15.1</ele>
      </trkpt>
      <trkpt lat="43.005466" lon="10.513479">
        <ele>15.0</ele>
      </trkpt>
      <trkpt lat="43.005459" lon="10.513456">
        <ele>14.9</ele>
      </trkpt>
      <trkpt lat="43.005459" lon="10.513434">
        <ele>14.7</ele>
      </trkpt>
      <trkpt lat="43.005463" lon="10.513417">
        <ele>14.5</ele>
      </trkpt>
      <trkpt lat="43.005464" lon="10.513396">
        <ele>14.3</ele>
      </trkpt>
      <trkpt lat="43.005469" lon="10.513368">
        <ele>14.0</ele>
      </trkpt>
      <trkpt lat="43.005469" lon="10.513354">
        <ele>13.9</ele>
      </trkpt>
      <trkpt lat="43.005465" lon="10.513353">
        <ele>13.9</ele>
      </trkpt>
      <trkpt lat="43.005461" lon="10.513347">
        <ele>13.9</ele>
      </trkpt>
      <trkpt lat="43.005456" lon="10.513328">
        <ele>13.8</ele>
      </trkpt>
      <trkpt lat="43.005455" lon="10.513303">
        <ele>13.6</ele>
      </trkpt>
      <trkpt lat="43.005455" lon="10.51327">
        <ele>13.3</ele>
      </trkpt>
      <trkpt lat="43.005454" lon="10.513243">
        <ele>13.1</ele>
      </trkpt>
      <trkpt lat="43.005457" lon="10.513215">
        <ele>12.8</ele>
      </trkpt>
      <trkpt lat="43.005456" lon="10.513186">
        <ele>12.6</ele>
      </trkpt>
      <trkpt lat="43.00545" lon="10.513157">
        <ele>12.4</ele>
      </trkpt>
      <trkpt lat="43.005438" lon="10.513116">
        <ele>12.2</ele>
      </trkpt>
      <trkpt lat="43.005423" lon="10.513068">
        <ele>11.9</ele>
      </trkpt>
      <trkpt lat="43.005404" lon="10.513013">
        <ele>11.6</ele>
      </trkpt>
      <trkpt lat="43.005378" lon="10.512961">
        <ele>11.3</ele>
      </trkpt>
      <trkpt lat="43.00534" lon="10.512945">
        <ele>11.5</ele>
      </trkpt>
      <trkpt lat="43.005318" lon="10.512922">
        <ele>11.4</ele>
      </trkpt>
      <trkpt lat="43.005297" lon="10.512902">
        <ele>11.4</ele>
      </trkpt>
      <trkpt lat="43.005277" lon="10.512887">
        <ele>11.4</ele>
      </trkpt>
      <trkpt lat="43.00526" lon="10.512873">
        <ele>11.4</ele>
      </trkpt>
      <trkpt lat="43.005229" lon="10.512868">
        <ele>11.5</ele>
      </trkpt>
      <trkpt lat="43.005206" lon="10.512862">
        <ele>11.6</ele>
      </trkpt>
      <trkpt lat="43.005192" lon="10.512841">
        <ele>11.5</ele>
      </trkpt>
      <trkpt lat="43.00518" lon="10.512816">
        <ele>11.3</ele>
      </trkpt>
      <trkpt lat="43.005161" lon="10.512787">
        <ele>11.1</ele>
      </trkpt>
      <trkpt lat="43.005136" lon="10.512754">
        <ele>10.9</ele>
      </trkpt>
      <trkpt lat="43.005108" lon="10.512737">
        <ele>10.9</ele>
      </trkpt>
      <trkpt lat="43.005075" lon="10.512726">
        <ele>11.0</ele>
      </trkpt>
      <trkpt lat="43.005038" lon="10.512701">
        <ele>10.9</ele>
      </trkpt>
      <trkpt lat="43.005017" lon="10.512669">
        <ele>10.7</ele>
      </trkpt>
      <trkpt lat="43.005005" lon="10.512637">
        <ele>10.5</ele>
      </trkpt>
      <trkpt lat="43.004986" lon="10.512599">
        <ele>10.2</ele>
      </trkpt>
      <trkpt lat="43.004961" lon="10.512566">
        <ele>9.9</ele>
      </trkpt>
      <trkpt lat="43.004942" lon="10.512527">
        <ele>9.6</ele>
      </trkpt>
      <trkpt lat="43.004922" lon="10.512496">
        <ele>9.3</ele>
      </trkpt>
      <trkpt lat="43.004905" lon="10.512483">
        <ele>9.2</ele>
      </trkpt>
      <trkpt lat="43.004903" lon="10.512476">
        <ele>9.1</ele>
      </trkpt>
      <trkpt lat="43.004893" lon="10.512461">
        <ele>9.0</ele>
      </trkpt>
      <trkpt lat="43.004891" lon="10.512451">
        <ele>8.9</ele>
      </trkpt>
      <trkpt lat="43.004886" lon="10.512439">
        <ele>8.7</ele>
      </trkpt>
      <trkpt lat="43.004885" lon="10.512423">
        <ele>8.6</ele>
      </trkpt>
      <trkpt lat="43.004884" lon="10.512418">
        <ele>8.5</ele>
      </trkpt>
      <trkpt lat="43.004887" lon="10.512414">
        <ele>8.5</ele>
      </trkpt>
      <trkpt lat="43.004741" lon="10.512365">
        <ele>8.1</ele>
      </trkpt>
      <trkpt lat="43.00472" lon="10.512363">
        <ele>8.1</ele>
      </trkpt>
      <trkpt lat="43.004699" lon="10.512364">
        <ele>8.1</ele>
      </trkpt>
      <trkpt lat="43.00468" lon="10.512358">
        <ele>8.1</ele>
      </trkpt>
      <trkpt lat="43.00466" lon="10.512365">
        <ele>8.2</ele>
      </trkpt>
      <trkpt lat="43.00464" lon="10.51238">
        <ele>8.4</ele>
      </trkpt>
      <trkpt lat="43.004625" lon="10.512408">
        <ele>8.8</ele>
      </trkpt>
      <trkpt lat="43.004603" lon="10.512429">
        <ele>9.1</ele>
      </trkpt>
      <trkpt lat="43.004585" lon="10.512454">
        <ele>9.3</ele>
      </trkpt>
      <trkpt lat="43.004562" lon="10.512482">
        <ele>9.6</ele>
      </trkpt>
      <trkpt lat="43.004542" lon="10.512501">
        <ele>9.8</ele>
      </trkpt>
      <trkpt lat="43.004519" lon="10.512522">
        <ele>9.9</ele>
      </trkpt>
      <trkpt lat="43.0045" lon="10.512551">
        <ele>10.2</ele>
      </trkpt>
      <trkpt lat="43.004472" lon="10.512567">
        <ele>10.2</ele>
      </trkpt>
      <trkpt lat="43.004439" lon="10.512578">
        <ele>10.2</ele>
      </trkpt>
      <trkpt lat="43.004406" lon="10.512576">
        <ele>10.0</ele>
      </trkpt>
      <trkpt lat="43.004372" lon="10.51257">
        <ele>9.7</ele>
      </trkpt>
      <trkpt lat="43.004336" lon="10.512568">
        <ele>9.5</ele>
      </trkpt>
      <trkpt lat="43.004313" lon="10.512577">
        <ele>9.4</ele>
      </trkpt>
      <trkpt lat="43.004288" lon="10.512588">
        <ele>9.4</ele>
      </trkpt>
      <trkpt lat="43.004264" lon="10.512605">
        <ele>9.5</ele>
      </trkpt>
      <trkpt lat="43.004243" lon="10.512625">
        <ele>9.6</ele>
      </trkpt>
      <trkpt lat="43.004218" lon="10.512642">
        <ele>9.6</ele>
      </trkpt>
      <trkpt lat="43.004191" lon="10.512661">
        <ele>9.7</ele>
      </trkpt>
      <trkpt lat="43.004171" lon="10.512683">
        <ele>9.8</ele>
      </trkpt>
      <trkpt lat="43.004147" lon="10.512704">
        <ele>9.9</ele>
      </trkpt>
      <trkpt lat="43.004128" lon="10.512722">
        <ele>9.9</ele>
      </trkpt>
      <trkpt lat="43.004103" lon="10.512741">
        <ele>9.9</ele>
      </trkpt>
      <trkpt lat="43.004076" lon="10.512769">
        <ele>10.1</ele>
      </trkpt>
      <trkpt lat="43.00405" lon="10.512796">
        <ele>10.3</ele>
      </trkpt>
      <trkpt lat="43.004033" lon="10.512813">
        <ele>10.5</ele>
      </trkpt>
      <trkpt lat="43.004016" lon="10.512842">
        <ele>10.8</ele>
      </trkpt>
      <trkpt lat="43.004" lon="10.512865">
        <ele>11.0</ele>
      </trkpt>
      <trkpt lat="43.003984" lon="10.512872">
        <ele>11.0</ele>
      </trkpt>
      <trkpt lat="43.003965" lon="10.512881">
        <ele>10.9</ele>
      </trkpt>
      <trkpt lat="43.003941" lon="10.512888">
        <ele>10.9</ele>
      </trkpt>
      <trkpt lat="43.003912" lon="10.51291">
        <ele>11.0</ele>
      </trkpt>
      <trkpt lat="43.003889" lon="10.512927">
        <ele>11.1</ele>
      </trkpt>
      <trkpt lat="43.003864" lon="10.512947">
        <ele>11.2</ele>
      </trkpt>
      <trkpt lat="43.00384" lon="10.512972">
        <ele>11.4</ele>
      </trkpt>
      <trkpt lat="43.00382" lon="10.513">
        <ele>11.6</ele>
      </trkpt>
      <trkpt lat="43.003799" lon="10.513028">
        <ele>11.8</ele>
      </trkpt>
      <trkpt lat="43.003777" lon="10.513054">
        <ele>11.9</ele>
      </trkpt>
      <trkpt lat="43.003754" lon="10.513089">
        <ele>12.1</ele>
      </trkpt>
      <trkpt lat="43.00373" lon="10.513129">
        <ele>12.3</ele>
      </trkpt>
      <trkpt lat="43.003711" lon="10.513163">
        <ele>12.5</ele>
      </trkpt>
      <trkpt lat="43.003687" lon="10.513197">
        <ele>12.6</ele>
      </trkpt>
      <trkpt lat="43.003659" lon="10.513224">
        <ele>12.6</ele>
      </trkpt>
      <trkpt lat="43.003631" lon="10.513254">
        <ele>12.5</ele>
      </trkpt>
      <trkpt lat="43.003601" lon="10.513286">
        <ele>12.5</ele>
      </trkpt>
      <trkpt lat="43.003575" lon="10.513335">
        <ele>12.6</ele>
      </trkpt>
      <trkpt lat="43.003548" lon="10.513385">
        <ele>12.8</ele>
      </trkpt>
      <trkpt lat="43.003524" lon="10.513422">
        <ele>12.8</ele>
      </trkpt>
      <trkpt lat="43.003504" lon="10.513462">
        <ele>12.9</ele>
      </trkpt>
      <trkpt lat="43.003481" lon="10.513504">
        <ele>12.9</ele>
      </trkpt>
      <trkpt lat="43.003466" lon="10.513546">
        <ele>13.1</ele>
      </trkpt>
      <trkpt lat="43.003446" lon="10.513586">
        <ele>13.1</ele>
      </trkpt>
      <trkpt lat="43.00342" lon="10.513624">
        <ele>12.9</ele>
      </trkpt>
      <trkpt lat="43.0034" lon="10.513665">
        <ele>12.9</ele>
      </trkpt>
      <trkpt lat="43.003381" lon="10.513707">
        <ele>12.8</ele>
      </trkpt>
      <trkpt lat="43.003364" lon="10.51375">
        <ele>12.7</ele>
      </trkpt>
      <trkpt lat="43.003349" lon="10.513795">
        <ele>12.7</ele>
      </trkpt>
      <trkpt lat="43.003324" lon="10.513845">
        <ele>12.6</ele>
      </trkpt>
      <trkpt lat="43.003307" lon="10.513897">
        <ele>12.6</ele>
      </trkpt>
      <trkpt lat="43.003293" lon="10.513945">
        <ele>12.6</ele>
      </trkpt>
      <trkpt lat="43.00328" lon="10.513995">
        <ele>12.7</ele>
      </trkpt>
      <trkpt lat="43.003266" lon="10.514044">
        <ele>12.7</ele>
      </trkpt>
      <trkpt lat="43.003248" lon="10.514089">
        <ele>12.6</ele>
      </trkpt>
      <trkpt lat="43.003228" lon="10.514136">
        <ele>12.5</ele>
      </trkpt>
      <trkpt lat="43.003208" lon="10.514182">
        <ele>12.3</ele>
      </trkpt>
      <trkpt lat="43.00319" lon="10.514232">
        <ele>12.2</ele>
      </trkpt>
      <trkpt lat="43.003178" lon="10.514285">
        <ele>12.2</ele>
      </trkpt>
      <trkpt lat="43.00317" lon="10.514336">
        <ele>12.4</ele>
      </trkpt>
      <trkpt lat="43.003164" lon="10.514392">
        <ele>12.5</ele>
      </trkpt>
      <trkpt lat="43.003156" lon="10.514453">
        <ele>12.8</ele>
      </trkpt>
      <trkpt lat="43.00315" lon="10.514508">
        <ele>13.1</ele>
      </trkpt>
      <trkpt lat="43.003136" lon="10.514558">
        <ele>13.2</ele>
      </trkpt>
      <trkpt lat="43.003115" lon="10.514607">
        <ele>13.2</ele>
      </trkpt>
      <trkpt lat="43.003077" lon="10.514647">
        <ele>12.7</ele>
      </trkpt>
      <trkpt lat="43.003038" lon="10.514668">
        <ele>12.0</ele>
      </trkpt>
      <trkpt lat="43.003008" lon="10.514696">
        <ele>11.6</ele>
      </trkpt>
      <trkpt lat="43.00299" lon="10.51474">
        <ele>11.5</ele>
      </trkpt>
      <trkpt lat="43.002963" lon="10.514773">
        <ele>11.3</ele>
      </trkpt>
      <trkpt lat="43.00294" lon="10.514805">
        <ele>11.2</ele>
      </trkpt>
      <trkpt lat="43.002922" lon="10.51484">
        <ele>11.3</ele>
      </trkpt>
      <trkpt lat="43.002911" lon="10.514881">
        <ele>11.5</ele>
      </trkpt>
      <trkpt lat="43.002893" lon="10.514925">
        <ele>11.6</ele>
      </trkpt>
      <trkpt lat="43.002886" lon="10.514968">
        <ele>11.9</ele>
      </trkpt>
      <trkpt lat="43.002872" lon="10.515017">
        <ele>12.1</ele>
      </trkpt>
      <trkpt lat="43.002849" lon="10.515064">
        <ele>12.1</ele>
      </trkpt>
      <trkpt lat="43.002826" lon="10.515104">
        <ele>12.0</ele>
      </trkpt>
      <trkpt lat="43.002809" lon="10.515143">
        <ele>12.0</ele>
      </trkpt>
      <trkpt lat="43.0028" lon="10.515185">
        <ele>12.2</ele>
      </trkpt>
      <trkpt lat="43.002794" lon="10.515218">
        <ele>12.4</ele>
      </trkpt>
      <trkpt lat="43.002795" lon="10.515255">
        <ele>12.7</ele>
      </trkpt>
      <trkpt lat="43.002801" lon="10.515289">
        <ele>13.1</ele>
      </trkpt>
      <trkpt lat="43.002799" lon="10.515321">
        <ele>13.4</ele>
      </trkpt>
      <trkpt lat="43.002801" lon="10.515353">
        <ele>13.7</ele>
      </trkpt>
      <trkpt lat="43.002809" lon="10.515386">
        <ele>14.2</ele>
      </trkpt>
      <trkpt lat="43.002818" lon="10.515426">
        <ele>14.7</ele>
      </trkpt>
      <trkpt lat="43.00281" lon="10.515471">
        <ele>15.0</ele>
      </trkpt>
      <trkpt lat="43.002804" lon="10.515502">
        <ele>15.2</ele>
      </trkpt>
      <trkpt lat="43.002807" lon="10.515531">
        <ele>15.5</ele>
      </trkpt>
      <trkpt lat="43.002807" lon="10.515564">
        <ele>15.9</ele>
      </trkpt>
      <trkpt lat="43.0028" lon="10.515591">
        <ele>16.0</ele>
      </trkpt>
      <trkpt lat="43.002788" lon="10.515621">
        <ele>16.0</ele>
      </trkpt>
      <trkpt lat="43.002777" lon="10.515654">
        <ele>16.1</ele>
      </trkpt>
      <trkpt lat="43.002774" lon="10.515689">
        <ele>16.4</ele>
      </trkpt>
      <trkpt lat="43.002776" lon="10.515723">
        <ele>16.8</ele>
      </trkpt>
      <trkpt lat="43.002763" lon="10.515755">
        <ele>16.9</ele>
      </trkpt>
      <trkpt lat="43.002756" lon="10.515793">
        <ele>17.1</ele>
      </trkpt>
      <trkpt lat="43.002741" lon="10.515836">
        <ele>17.2</ele>
      </trkpt>
      <trkpt lat="43.002722" lon="10.515884">
        <ele>17.3</ele>
      </trkpt>
      <trkpt lat="43.002714" lon="10.515922">
        <ele>17.5</ele>
      </trkpt>
      <trkpt lat="43.00269" lon="10.515963">
        <ele>17.4</ele>
      </trkpt>
      <trkpt lat="43.002672" lon="10.516005">
        <ele>17.5</ele>
      </trkpt>
      <trkpt lat="43.00265" lon="10.51604">
        <ele>17.4</ele>
      </trkpt>
      <trkpt lat="43.002634" lon="10.516086">
        <ele>17.6</ele>
      </trkpt>
      <trkpt lat="43.00262" lon="10.516126">
        <ele>17.6</ele>
      </trkpt>
      <trkpt lat="43.002605" lon="10.516163">
        <ele>17.6</ele>
      </trkpt>
      <trkpt lat="43.002576" lon="10.516188">
        <ele>17.2</ele>
      </trkpt>
      <trkpt lat="43.002546" lon="10.516203">
        <ele>16.8</ele>
      </trkpt>
      <trkpt lat="43.002508" lon="10.51622">
        <ele>16.2</ele>
      </trkpt>
      <trkpt lat="43.002472" lon="10.516241">
        <ele>15.8</ele>
      </trkpt>
      <trkpt lat="43.00244" lon="10.516273">
        <ele>15.5</ele>
      </trkpt>
      <trkpt lat="43.002405" lon="10.51631">
        <ele>15.2</ele>
      </trkpt>
      <trkpt lat="43.002382" lon="10.516347">
        <ele>15.2</ele>
      </trkpt>
      <trkpt lat="43.002355" lon="10.516376">
        <ele>15.0</ele>
      </trkpt>
      <trkpt lat="43.002324" lon="10.516407">
        <ele>14.8</ele>
      </trkpt>
      <trkpt lat="43.002286" lon="10.516427">
        <ele>14.4</ele>
      </trkpt>
      <trkpt lat="43.002249" lon="10.516445">
        <ele>14.0</ele>
      </trkpt>
      <trkpt lat="43.002205" lon="10.516464">
        <ele>13.6</ele>
      </trkpt>
      <trkpt lat="43.002158" lon="10.516486">
        <ele>13.1</ele>
      </trkpt>
      <trkpt lat="43.002121" lon="10.516514">
        <ele>12.9</ele>
      </trkpt>
      <trkpt lat="43.002095" lon="10.516551">
        <ele>13.1</ele>
      </trkpt>
      <trkpt lat="43.002061" lon="10.516575">
        <ele>13.1</ele>
      </trkpt>
      <trkpt lat="43.002035" lon="10.516593">
        <ele>13.1</ele>
      </trkpt>
      <trkpt lat="43.002014" lon="10.516612">
        <ele>13.1</ele>
      </trkpt>
      <trkpt lat="43.001995" lon="10.516633">
        <ele>13.2</ele>
      </trkpt>
      <trkpt lat="43.001973" lon="10.516663">
        <ele>13.3</ele>
      </trkpt>
      <trkpt lat="43.00196" lon="10.516683">
        <ele>13.5</ele>
      </trkpt>
      <trkpt lat="43.001955" lon="10.516697">
        <ele>13.6</ele>
      </trkpt>
      <trkpt lat="43.001954" lon="10.516711">
        <ele>13.7</ele>
      </trkpt>
      <trkpt lat="43.001948" lon="10.516712">
        <ele>13.7</ele>
      </trkpt>
      <trkpt lat="43.001858" lon="10.516827">
        <ele>14.2</ele>
      </trkpt>
      <trkpt lat="43.001841" lon="10.516841">
        <ele>14.2</ele>
      </trkpt>
      <trkpt lat="43.001826" lon="10.516856">
        <ele>14.2</ele>
      </trkpt>
      <trkpt lat="43.001798" lon="10.516856">
        <ele>14.0</ele>
      </trkpt>
      <trkpt lat="43.001775" lon="10.516867">
        <ele>13.9</ele>
      </trkpt>
      <trkpt lat="43.001755" lon="10.516882">
        <ele>13.8</ele>
      </trkpt>
      <trkpt lat="43.001733" lon="10.516895">
        <ele>13.8</ele>
      </trkpt>
      <trkpt lat="43.001712" lon="10.516907">
        <ele>13.7</ele>
      </trkpt>
      <trkpt lat="43.001702" lon="10.516922">
        <ele>13.8</ele>
      </trkpt>
      <trkpt lat="43.001696" lon="10.516942">
        <ele>13.9</ele>
      </trkpt>
      <trkpt lat="43.001691" lon="10.516958">
        <ele>14.0</ele>
      </trkpt>
      <trkpt lat="43.001683" lon="10.516978">
        <ele>14.1</ele>
      </trkpt>
      <trkpt lat="43.001674" lon="10.517001">
        <ele>14.2</ele>
      </trkpt>
      <trkpt lat="43.001669" lon="10.517025">
        <ele>14.4</ele>
      </trkpt>
      <trkpt lat="43.001663" lon="10.517041">
        <ele>14.5</ele>
      </trkpt>
      <trkpt lat="43.001652" lon="10.517041">
        <ele>14.4</ele>
      </trkpt>
      <trkpt lat="43.001638" lon="10.517047">
        <ele>14.3</ele>
      </trkpt>
      <trkpt lat="43.001636" lon="10.517059">
        <ele>14.4</ele>
      </trkpt>
      <trkpt lat="43.001629" lon="10.517072">
        <ele>14.5</ele>
      </trkpt>
      <trkpt lat="43.00163" lon="10.517079">
        <ele>14.5</ele>
      </trkpt>
      <trkpt lat="43.001627" lon="10.517083">
        <ele>14.6</ele>
      </trkpt>
      <trkpt lat="43.001627" lon="10.517083">
        <ele>14.6</ele>
      </trkpt>
      <trkpt lat="43.001649" lon="10.517136">
        <ele>15.2</ele>
      </trkpt>
      <trkpt lat="43.001649" lon="10.517156">
        <ele>15.4</ele>
      </trkpt>
      <trkpt lat="43.001648" lon="10.51718">
        <ele>15.6</ele>
      </trkpt>
      <trkpt lat="43.001649" lon="10.517204">
        <ele>15.8</ele>
      </trkpt>
      <trkpt lat="43.001654" lon="10.517224">
        <ele>16.0</ele>
      </trkpt>
      <trkpt lat="43.001661" lon="10.517237">
        <ele>16.2</ele>
      </trkpt>
      <trkpt lat="43.001669" lon="10.517248">
        <ele>16.4</ele>
      </trkpt>
      <trkpt lat="43.001679" lon="10.517257">
        <ele>16.5</ele>
      </trkpt>
      <trkpt lat="43.001688" lon="10.517269">
        <ele>16.7</ele>
      </trkpt>
      <trkpt lat="43.001697" lon="10.517274">
        <ele>16.8</ele>
      </trkpt>
      <trkpt lat="43.001701" lon="10.517281">
        <ele>16.9</ele>
      </trkpt>
      <trkpt lat="43.001709" lon="10.517285">
        <ele>16.9</ele>
      </trkpt>
      <trkpt lat="43.001713" lon="10.51729">
        <ele>17.0</ele>
      </trkpt>
      <trkpt lat="43.001718" lon="10.517298">
        <ele>17.1</ele>
      </trkpt>
      <trkpt lat="43.001722" lon="10.517305">
        <ele>17.2</ele>
      </trkpt>
      <trkpt lat="43.001727" lon="10.517311">
        <ele>17.3</ele>
      </trkpt>
      <trkpt lat="43.00174" lon="10.517318">
        <ele>17.4</ele>
      </trkpt>
      <trkpt lat="43.001755" lon="10.517331">
        <ele>17.6</ele>
      </trkpt>
      <trkpt lat="43.001774" lon="10.517348">
        <ele>17.9</ele>
      </trkpt>
      <trkpt lat="43.001792" lon="10.517369">
        <ele>18.1</ele>
      </trkpt>
      <trkpt lat="43.001802" lon="10.517387">
        <ele>18.3</ele>
      </trkpt>
      <trkpt lat="43.001817" lon="10.517402">
        <ele>18.5</ele>
      </trkpt>
      <trkpt lat="43.001831" lon="10.517421">
        <ele>18.7</ele>
      </trkpt>
      <trkpt lat="43.001841" lon="10.517447">
        <ele>19.0</ele>
      </trkpt>
      <trkpt lat="43.001844" lon="10.517469">
        <ele>19.2</ele>
      </trkpt>
      <trkpt lat="43.001854" lon="10.517491">
        <ele>19.4</ele>
      </trkpt>
      <trkpt lat="43.001864" lon="10.51752">
        <ele>19.6</ele>
      </trkpt>
      <trkpt lat="43.001868" lon="10.517546">
        <ele>19.8</ele>
      </trkpt>
      <trkpt lat="43.001872" lon="10.517573">
        <ele>20.0</ele>
      </trkpt>
      <trkpt lat="43.001875" lon="10.517599">
        <ele>20.2</ele>
      </trkpt>
      <trkpt lat="43.001878" lon="10.517621">
        <ele>20.4</ele>
      </trkpt>
      <trkpt lat="43.001878" lon="10.517642">
        <ele>20.5</ele>
      </trkpt>
      <trkpt lat="43.001866" lon="10.517649">
        <ele>20.5</ele>
      </trkpt>
      <trkpt lat="43.001845" lon="10.517659">
        <ele>20.6</ele>
      </trkpt>
      <trkpt lat="43.001816" lon="10.51767">
        <ele>20.5</ele>
      </trkpt>
      <trkpt lat="43.001782" lon="10.517673">
        <ele>20.4</ele>
      </trkpt>
      <trkpt lat="43.001746" lon="10.517675">
        <ele>20.4</ele>
      </trkpt>
      <trkpt lat="43.001712" lon="10.517687">
        <ele>20.3</ele>
      </trkpt>
      <trkpt lat="43.001664" lon="10.517702">
        <ele>20.3</ele>
      </trkpt>
      <trkpt lat="43.001615" lon="10.517719">
        <ele>20.4</ele>
      </trkpt>
      <trkpt lat="43.001572" lon="10.517733">
        <ele>20.4</ele>
      </trkpt>
      <trkpt lat="43.001533" lon="10.517749">
        <ele>20.4</ele>
      </trkpt>
      <trkpt lat="43.001498" lon="10.517759">
        <ele>20.4</ele>
      </trkpt>
      <trkpt lat="43.001463" lon="10.517764">
        <ele>20.4</ele>
      </trkpt>
      <trkpt lat="43.001434" lon="10.517747">
        <ele>20.2</ele>
      </trkpt>
      <trkpt lat="43.00142" lon="10.517718">
        <ele>19.8</ele>
      </trkpt>
      <trkpt lat="43.00141" lon="10.517685">
        <ele>19.4</ele>
      </trkpt>
      <trkpt lat="43.001396" lon="10.517655">
        <ele>19.0</ele>
      </trkpt>
      <trkpt lat="43.001385" lon="10.51763">
        <ele>18.7</ele>
      </trkpt>
      <trkpt lat="43.001373" lon="10.517596">
        <ele>18.3</ele>
      </trkpt>
      <trkpt lat="43.001366" lon="10.517583">
        <ele>18.1</ele>
      </trkpt>
      <trkpt lat="43.001362" lon="10.517568">
        <ele>17.9</ele>
      </trkpt>
      <trkpt lat="43.001355" lon="10.517556">
        <ele>17.8</ele>
      </trkpt>
      <trkpt lat="43.001353" lon="10.517543">
        <ele>17.6</ele>
      </trkpt>
      <trkpt lat="43.001353" lon="10.517534">
        <ele>17.5</ele>
      </trkpt>
      <trkpt lat="43.001353" lon="10.517529">
        <ele>17.4</ele>
      </trkpt>
      <trkpt lat="43.00132" lon="10.517418">
        <ele>16.0</ele>
      </trkpt>
      <trkpt lat="43.001315" lon="10.517392">
        <ele>15.7</ele>
      </trkpt>
      <trkpt lat="43.001309" lon="10.51736">
        <ele>15.3</ele>
      </trkpt>
      <trkpt lat="43.001295" lon="10.51733">
        <ele>14.8</ele>
      </trkpt>
      <trkpt lat="43.001274" lon="10.517296">
        <ele>14.4</ele>
      </trkpt>
      <trkpt lat="43.001248" lon="10.517267">
        <ele>14.1</ele>
      </trkpt>
      <trkpt lat="43.00122" lon="10.517251">
        <ele>13.9</ele>
      </trkpt>
      <trkpt lat="43.001188" lon="10.51723">
        <ele>13.6</ele>
      </trkpt>
      <trkpt lat="43.001147" lon="10.517223">
        <ele>13.5</ele>
      </trkpt>
      <trkpt lat="43.001108" lon="10.517226">
        <ele>13.6</ele>
      </trkpt>
      <trkpt lat="43.001068" lon="10.517228">
        <ele>13.6</ele>
      </trkpt>
      <trkpt lat="43.001034" lon="10.517234">
        <ele>13.7</ele>
      </trkpt>
      <trkpt lat="43.001002" lon="10.51724">
        <ele>13.7</ele>
      </trkpt>
      <trkpt lat="43.000972" lon="10.517245">
        <ele>13.8</ele>
      </trkpt>
      <trkpt lat="43.000937" lon="10.517251">
        <ele>13.9</ele>
      </trkpt>
      <trkpt lat="43.000896" lon="10.517247">
        <ele>13.8</ele>
      </trkpt>
      <trkpt lat="43.000863" lon="10.517243">
        <ele>13.8</ele>
      </trkpt>
      <trkpt lat="43.000829" lon="10.51723">
        <ele>13.6</ele>
      </trkpt>
      <trkpt lat="43.000781" lon="10.517232">
        <ele>13.6</ele>
      </trkpt>
      <trkpt lat="43.000744" lon="10.517233">
        <ele>13.7</ele>
      </trkpt>
      <trkpt lat="43.000699" lon="10.51723">
        <ele>13.6</ele>
      </trkpt>
      <trkpt lat="43.000657" lon="10.517226">
        <ele>13.6</ele>
      </trkpt>
      <trkpt lat="43.000613" lon="10.517227">
        <ele>13.6</ele>
      </trkpt>
      <trkpt lat="43.000572" lon="10.517221">
        <ele>13.5</ele>
      </trkpt>
      <trkpt lat="43.000528" lon="10.517213">
        <ele>13.4</ele>
      </trkpt>
      <trkpt lat="43.00048" lon="10.517199">
        <ele>13.3</ele>
      </trkpt>
      <trkpt lat="43.000443" lon="10.517184">
        <ele>13.1</ele>
      </trkpt>
      <trkpt lat="43.0004" lon="10.517171">
        <ele>12.9</ele>
      </trkpt>
      <trkpt lat="43.000358" lon="10.517157">
        <ele>12.8</ele>
      </trkpt>
      <trkpt lat="43.000316" lon="10.517145">
        <ele>12.7</ele>
      </trkpt>
      <trkpt lat="43.000273" lon="10.517139">
        <ele>12.6</ele>
      </trkpt>
      <trkpt lat="43.000227" lon="10.517132">
        <ele>12.6</ele>
      </trkpt>
      <trkpt lat="43.000177" lon="10.517118">
        <ele>12.5</ele>
      </trkpt>
      <trkpt lat="43.000124" lon="10.5171">
        <ele>12.3</ele>
      </trkpt>
      <trkpt lat="43.000075" lon="10.517093">
        <ele>12.3</ele>
      </trkpt>
      <trkpt lat="43.000032" lon="10.517085">
        <ele>12.2</ele>
      </trkpt>
      <trkpt lat="42.999994" lon="10.517083">
        <ele>12.2</ele>
      </trkpt>
      <trkpt lat="42.999953" lon="10.517083">
        <ele>12.2</ele>
      </trkpt>
      <trkpt lat="42.999917" lon="10.51709">
        <ele>12.3</ele>
      </trkpt>
      <trkpt lat="42.999881" lon="10.517095">
        <ele>12.4</ele>
      </trkpt>
      <trkpt lat="42.999832" lon="10.51708">
        <ele>12.3</ele>
      </trkpt>
      <trkpt lat="42.999785" lon="10.51706">
        <ele>12.1</ele>
      </trkpt>
      <trkpt lat="42.99974" lon="10.51704">
        <ele>12.0</ele>
      </trkpt>
      <trkpt lat="42.999693" lon="10.517018">
        <ele>11.8</ele>
      </trkpt>
      <trkpt lat="42.999649" lon="10.517007">
        <ele>11.7</ele>
      </trkpt>
      <trkpt lat="42.999601" lon="10.516995">
        <ele>11.5</ele>
      </trkpt>
      <trkpt lat="42.999557" lon="10.516982">
        <ele>11.3</ele>
      </trkpt>
      <trkpt lat="42.999515" lon="10.516971">
        <ele>11.1</ele>
      </trkpt>
      <trkpt lat="42.999472" lon="10.516959">
        <ele>10.9</ele>
      </trkpt>
      <trkpt lat="42.999426" lon="10.516943">
        <ele>10.6</ele>
      </trkpt>
      <trkpt lat="42.999378" lon="10.516931">
        <ele>10.4</ele>
      </trkpt>
      <trkpt lat="42.999327" lon="10.516919">
        <ele>10.2</ele>
      </trkpt>
      <trkpt lat="42.999279" lon="10.516902">
        <ele>9.9</ele>
      </trkpt>
      <trkpt lat="42.999225" lon="10.516882">
        <ele>9.6</ele>
      </trkpt>
      <trkpt lat="42.999172" lon="10.516866">
        <ele>9.3</ele>
      </trkpt>
      <trkpt lat="42.999119" lon="10.516854">
        <ele>9.1</ele>
      </trkpt>
      <trkpt lat="42.999066" lon="10.516843">
        <ele>8.9</ele>
      </trkpt>
      <trkpt lat="42.999015" lon="10.516826">
        <ele>8.7</ele>
      </trkpt>
      <trkpt lat="42.998969" lon="10.516808">
        <ele>8.4</ele>
      </trkpt>
      <trkpt lat="42.998922" lon="10.516792">
        <ele>8.2</ele>
      </trkpt>
      <trkpt lat="42.998875" lon="10.516781">
        <ele>8.0</ele>
      </trkpt>
      <trkpt lat="42.998837" lon="10.516764">
        <ele>7.9</ele>
      </trkpt>
      <trkpt lat="42.99881" lon="10.516736">
        <ele>7.6</ele>
      </trkpt>
      <trkpt lat="42.998796" lon="10.516704">
        <ele>7.4</ele>
      </trkpt>
      <trkpt lat="42.998793" lon="10.516663">
        <ele>7.1</ele>
      </trkpt>
      <trkpt lat="42.998793" lon="10.516618">
        <ele>6.7</ele>
      </trkpt>
      <trkpt lat="42.998786" lon="10.516577">
        <ele>6.5</ele>
      </trkpt>
      <trkpt lat="42.99877" lon="10.516534">
        <ele>6.2</ele>
      </trkpt>
      <trkpt lat="42.998749" lon="10.516499">
        <ele>6.0</ele>
      </trkpt>
      <trkpt lat="42.998721" lon="10.516469">
        <ele>5.8</ele>
      </trkpt>
      <trkpt lat="42.998684" lon="10.516449">
        <ele>5.7</ele>
      </trkpt>
      <trkpt lat="42.998649" lon="10.516431">
        <ele>5.6</ele>
      </trkpt>
      <trkpt lat="42.998615" lon="10.516408">
        <ele>5.6</ele>
      </trkpt>
      <trkpt lat="42.998581" lon="10.516391">
        <ele>5.5</ele>
      </trkpt>
      <trkpt lat="42.998551" lon="10.516379">
        <ele>5.5</ele>
      </trkpt>
      <trkpt lat="42.998523" lon="10.516367">
        <ele>5.5</ele>
      </trkpt>
      <trkpt lat="42.9985" lon="10.516364">
        <ele>5.5</ele>
      </trkpt>
      <trkpt lat="42.998476" lon="10.516361">
        <ele>5.6</ele>
      </trkpt>
      <trkpt lat="42.998454" lon="10.516356">
        <ele>5.6</ele>
      </trkpt>
      <trkpt lat="42.998434" lon="10.516352">
        <ele>5.6</ele>
      </trkpt>
      <trkpt lat="42.998413" lon="10.516346">
        <ele>5.6</ele>
      </trkpt>
      <trkpt lat="42.99839" lon="10.51634">
        <ele>5.6</ele>
      </trkpt>
      <trkpt lat="42.998364" lon="10.516333">
        <ele>5.6</ele>
      </trkpt>
      <trkpt lat="42.998342" lon="10.516322">
        <ele>5.7</ele>
      </trkpt>
      <trkpt lat="42.998322" lon="10.516307">
        <ele>5.6</ele>
      </trkpt>
      <trkpt lat="42.998306" lon="10.516298">
        <ele>5.6</ele>
      </trkpt>
      <trkpt lat="42.99829" lon="10.516288">
        <ele>5.6</ele>
      </trkpt>
      <trkpt lat="42.998274" lon="10.51628">
        <ele>5.6</ele>
      </trkpt>
      <trkpt lat="42.998252" lon="10.516276">
        <ele>5.7</ele>
      </trkpt>
      <trkpt lat="42.998231" lon="10.516274">
        <ele>5.7</ele>
      </trkpt>
      <trkpt lat="42.998208" lon="10.516264">
        <ele>5.7</ele>
      </trkpt>
      <trkpt lat="42.998186" lon="10.51626">
        <ele>5.8</ele>
      </trkpt>
      <trkpt lat="42.998164" lon="10.516248">
        <ele>5.8</ele>
      </trkpt>
      <trkpt lat="42.998139" lon="10.516233">
        <ele>5.8</ele>
      </trkpt>
      <trkpt lat="42.998108" lon="10.516217">
        <ele>5.8</ele>
      </trkpt>
      <trkpt lat="42.998074" lon="10.516202">
        <ele>5.9</ele>
      </trkpt>
      <trkpt lat="42.998044" lon="10.516194">
        <ele>6.0</ele>
      </trkpt>
      <trkpt lat="42.998011" lon="10.516188">
        <ele>6.0</ele>
      </trkpt>
      <trkpt lat="42.997975" lon="10.516178">
        <ele>6.1</ele>
      </trkpt>
      <trkpt lat="42.997941" lon="10.516164">
        <ele>6.1</ele>
      </trkpt>
      <trkpt lat="42.997903" lon="10.516144">
        <ele>6.0</ele>
      </trkpt>
      <trkpt lat="42.997868" lon="10.516123">
        <ele>5.9</ele>
      </trkpt>
      <trkpt lat="42.997832" lon="10.516095">
        <ele>5.8</ele>
      </trkpt>
      <trkpt lat="42.997798" lon="10.516066">
        <ele>5.6</ele>
      </trkpt>
      <trkpt lat="42.997756" lon="10.516051">
        <ele>5.5</ele>
      </trkpt>
      <trkpt lat="42.997713" lon="10.516043">
        <ele>5.4</ele>
      </trkpt>
      <trkpt lat="42.997673" lon="10.516023">
        <ele>5.2</ele>
      </trkpt>
      <trkpt lat="42.997634" lon="10.516002">
        <ele>5.1</ele>
      </trkpt>
      <trkpt lat="42.997597" lon="10.515988">
        <ele>4.9</ele>
      </trkpt>
      <trkpt lat="42.997557" lon="10.51597">
        <ele>4.8</ele>
      </trkpt>
      <trkpt lat="42.997519" lon="10.515952">
        <ele>4.7</ele>
      </trkpt>
      <trkpt lat="42.99748" lon="10.515939">
        <ele>4.6</ele>
      </trkpt>
      <trkpt lat="42.997441" lon="10.51593">
        <ele>4.5</ele>
      </trkpt>
      <trkpt lat="42.997401" lon="10.51592">
        <ele>4.4</ele>
      </trkpt>
      <trkpt lat="42.997365" lon="10.515905">
        <ele>4.3</ele>
      </trkpt>
      <trkpt lat="42.997324" lon="10.515887">
        <ele>4.1</ele>
      </trkpt>
      <trkpt lat="42.997283" lon="10.51587">
        <ele>4.0</ele>
      </trkpt>
      <trkpt lat="42.997243" lon="10.515852">
        <ele>3.9</ele>
      </trkpt>
      <trkpt lat="42.997205" lon="10.515844">
        <ele>3.8</ele>
      </trkpt>
      <trkpt lat="42.997163" lon="10.515836">
        <ele>3.7</ele>
      </trkpt>
      <trkpt lat="42.997123" lon="10.515833">
        <ele>3.7</ele>
      </trkpt>
      <trkpt lat="42.997084" lon="10.515835">
        <ele>3.8</ele>
      </trkpt>
      <trkpt lat="42.997049" lon="10.515834">
        <ele>3.8</ele>
      </trkpt>
      <trkpt lat="42.997015" lon="10.515838">
        <ele>3.8</ele>
      </trkpt>
      <trkpt lat="42.996986" lon="10.515846">
        <ele>3.9</ele>
      </trkpt>
      <trkpt lat="42.996964" lon="10.515848">
        <ele>3.9</ele>
      </trkpt>
      <trkpt lat="42.99694" lon="10.515847">
        <ele>3.9</ele>
      </trkpt>
      <trkpt lat="42.996913" lon="10.515849">
        <ele>3.9</ele>
      </trkpt>
      <trkpt lat="42.99689" lon="10.515865">
        <ele>4.0</ele>
      </trkpt>
      <trkpt lat="42.996865" lon="10.51588">
        <ele>4.1</ele>
      </trkpt>
      <trkpt lat="42.996841" lon="10.515896">
        <ele>4.2</ele>
      </trkpt>
      <trkpt lat="42.996813" lon="10.51591">
        <ele>4.2</ele>
      </trkpt>
      <trkpt lat="42.996788" lon="10.51592">
        <ele>4.3</ele>
      </trkpt>
      <trkpt lat="42.996756" lon="10.515933">
        <ele>4.4</ele>
      </trkpt>
      <trkpt lat="42.996722" lon="10.515946">
        <ele>4.4</ele>
      </trkpt>
      <trkpt lat="42.996685" lon="10.51596">
        <ele>4.5</ele>
      </trkpt>
      <trkpt lat="42.99665" lon="10.51597">
        <ele>4.5</ele>
      </trkpt>
      <trkpt lat="42.996616" lon="10.515981">
        <ele>4.6</ele>
      </trkpt>
      <trkpt lat="42.996579" lon="10.515991">
        <ele>4.6</ele>
      </trkpt>
      <trkpt lat="42.996546" lon="10.515996">
        <ele>4.7</ele>
      </trkpt>
      <trkpt lat="42.996512" lon="10.516001">
        <ele>4.7</ele>
      </trkpt>
      <trkpt lat="42.996477" lon="10.516005">
        <ele>4.7</ele>
      </trkpt>
      <trkpt lat="42.99644" lon="10.516014">
        <ele>4.7</ele>
      </trkpt>
      <trkpt lat="42.996405" lon="10.51603">
        <ele>4.8</ele>
      </trkpt>
      <trkpt lat="42.99637" lon="10.516051">
        <ele>4.8</ele>
      </trkpt>
      <trkpt lat="42.996334" lon="10.516076">
        <ele>4.9</ele>
      </trkpt>
      <trkpt lat="42.9963" lon="10.516103">
        <ele>5.0</ele>
      </trkpt>
      <trkpt lat="42.996265" lon="10.516134">
        <ele>5.0</ele>
      </trkpt>
      <trkpt lat="42.996233" lon="10.516134">
        <ele>5.1</ele>
      </trkpt>
      <trkpt lat="42.996178" lon="10.51614">
        <ele>5.2</ele>
      </trkpt>
      <trkpt lat="42.996143" lon="10.516145">
        <ele>5.3</ele>
      </trkpt>
      <trkpt lat="42.996103" lon="10.516146">
        <ele>5.4</ele>
      </trkpt>
      <trkpt lat="42.99607" lon="10.516145">
        <ele>5.4</ele>
      </trkpt>
      <trkpt lat="42.996029" lon="10.516147">
        <ele>5.5</ele>
      </trkpt>
      <trkpt lat="42.995988" lon="10.516151">
        <ele>5.6</ele>
      </trkpt>
      <trkpt lat="42.995945" lon="10.516153">
        <ele>5.7</ele>
      </trkpt>
      <trkpt lat="42.995902" lon="10.516159">
        <ele>5.8</ele>
      </trkpt>
      <trkpt lat="42.995859" lon="10.516167">
        <ele>5.8</ele>
      </trkpt>
      <trkpt lat="42.995814" lon="10.516173">
        <ele>5.9</ele>
      </trkpt>
      <trkpt lat="42.995773" lon="10.516162">
        <ele>6.0</ele>
      </trkpt>
      <trkpt lat="42.995733" lon="10.516139">
        <ele>6.2</ele>
      </trkpt>
      <trkpt lat="42.995691" lon="10.516114">
        <ele>6.3</ele>
      </trkpt>
      <trkpt lat="42.995655" lon="10.516082">
        <ele>6.5</ele>
      </trkpt>
      <trkpt lat="42.99562" lon="10.51605">
        <ele>6.6</ele>
      </trkpt>
      <trkpt lat="42.995591" lon="10.516013">
        <ele>6.8</ele>
      </trkpt>
      <trkpt lat="42.995566" lon="10.515971">
        <ele>6.9</ele>
      </trkpt>
      <trkpt lat="42.995544" lon="10.515933">
        <ele>7.1</ele>
      </trkpt>
      <trkpt lat="42.995526" lon="10.515903">
        <ele>7.2</ele>
      </trkpt>
      <trkpt lat="42.99551" lon="10.515871">
        <ele>7.3</ele>
      </trkpt>
      <trkpt lat="42.995498" lon="10.515843">
        <ele>7.4</ele>
      </trkpt>
      <trkpt lat="42.995489" lon="10.51581">
        <ele>7.5</ele>
      </trkpt>
      <trkpt lat="42.995475" lon="10.515776">
        <ele>7.7</ele>
      </trkpt>
      <trkpt lat="42.995457" lon="10.515747">
        <ele>7.8</ele>
      </trkpt>
      <trkpt lat="42.995437" lon="10.51572">
        <ele>7.8</ele>
      </trkpt>
      <trkpt lat="42.995415" lon="10.515698">
        <ele>7.9</ele>
      </trkpt>
      <trkpt lat="42.995396" lon="10.515673">
        <ele>7.9</ele>
      </trkpt>
      <trkpt lat="42.995373" lon="10.515643">
        <ele>8.0</ele>
      </trkpt>
      <trkpt lat="42.995366" lon="10.515613">
        <ele>8.1</ele>
      </trkpt>
      <trkpt lat="42.995329" lon="10.515601">
        <ele>8.1</ele>
      </trkpt>
      <trkpt lat="42.995295" lon="10.51559">
        <ele>8.1</ele>
      </trkpt>
      <trkpt lat="42.99526" lon="10.515577">
        <ele>8.1</ele>
      </trkpt>
      <trkpt lat="42.995229" lon="10.515563">
        <ele>8.2</ele>
      </trkpt>
      <trkpt lat="42.995205" lon="10.515549">
        <ele>8.2</ele>
      </trkpt>
      <trkpt lat="42.995181" lon="10.515531">
        <ele>8.3</ele>
      </trkpt>
      <trkpt lat="42.995169" lon="10.515503">
        <ele>8.4</ele>
      </trkpt>
      <trkpt lat="42.995158" lon="10.515476">
        <ele>8.5</ele>
      </trkpt>
      <trkpt lat="42.994911" lon="10.515417">
        <ele>8.6</ele>
      </trkpt>
      <trkpt lat="42.994628" lon="10.515232">
        <ele>8.8</ele>
      </trkpt>
      <trkpt lat="42.994333" lon="10.51483">
        <ele>8.9</ele>
      </trkpt>
      <trkpt lat="42.994219" lon="10.514687">
        <ele>9.0</ele>
      </trkpt>
      <trkpt lat="42.994225" lon="10.514633">
        <ele>9.6</ele>
      </trkpt>
      <trkpt lat="42.994203" lon="10.514624">
        <ele>9.5</ele>
      </trkpt>
      <trkpt lat="42.994181" lon="10.514597">
        <ele>9.6</ele>
      </trkpt>
      <trkpt lat="42.994154" lon="10.514562">
        <ele>9.6</ele>
      </trkpt>
      <trkpt lat="42.994132" lon="10.514526">
        <ele>9.7</ele>
      </trkpt>
      <trkpt lat="42.994103" lon="10.514491">
        <ele>9.7</ele>
      </trkpt>
      <trkpt lat="42.994066" lon="10.514456">
        <ele>9.7</ele>
      </trkpt>
      <trkpt lat="42.994034" lon="10.514421">
        <ele>9.8</ele>
      </trkpt>
      <trkpt lat="42.994004" lon="10.514382">
        <ele>9.6</ele>
      </trkpt>
      <trkpt lat="42.99398" lon="10.514347">
        <ele>9.5</ele>
      </trkpt>
      <trkpt lat="42.993961" lon="10.514306">
        <ele>9.4</ele>
      </trkpt>
      <trkpt lat="42.993937" lon="10.514264">
        <ele>9.2</ele>
      </trkpt>
      <trkpt lat="42.993922" lon="10.514221">
        <ele>9.2</ele>
      </trkpt>
      <trkpt lat="42.993903" lon="10.514176">
        <ele>9.1</ele>
      </trkpt>
      <trkpt lat="42.993886" lon="10.514134">
        <ele>9.0</ele>
      </trkpt>
      <trkpt lat="42.993866" lon="10.514086">
        <ele>9.0</ele>
      </trkpt>
      <trkpt lat="42.993856" lon="10.514045">
        <ele>9.0</ele>
      </trkpt>
      <trkpt lat="42.99384" lon="10.514006">
        <ele>9.0</ele>
      </trkpt>
      <trkpt lat="42.993812" lon="10.513963">
        <ele>8.9</ele>
      </trkpt>
      <trkpt lat="42.993783" lon="10.513921">
        <ele>8.9</ele>
      </trkpt>
      <trkpt lat="42.993745" lon="10.513876">
        <ele>8.7</ele>
      </trkpt>
      <trkpt lat="42.993714" lon="10.513834">
        <ele>8.6</ele>
      </trkpt>
      <trkpt lat="42.993678" lon="10.513794">
        <ele>8.5</ele>
      </trkpt>
      <trkpt lat="42.99365" lon="10.513761">
        <ele>8.4</ele>
      </trkpt>
      <trkpt lat="42.99363" lon="10.513719">
        <ele>8.3</ele>
      </trkpt>
      <trkpt lat="42.993616" lon="10.51368">
        <ele>8.3</ele>
      </trkpt>
      <trkpt lat="42.993595" lon="10.513647">
        <ele>8.2</ele>
      </trkpt>
      <trkpt lat="42.993573" lon="10.513613">
        <ele>8.1</ele>
      </trkpt>
      <trkpt lat="42.993547" lon="10.513574">
        <ele>8.0</ele>
      </trkpt>
      <trkpt lat="42.99353" lon="10.513538">
        <ele>7.9</ele>
      </trkpt>
      <trkpt lat="42.993511" lon="10.513506">
        <ele>7.8</ele>
      </trkpt>
      <trkpt lat="42.993499" lon="10.51349">
        <ele>7.8</ele>
      </trkpt>
      <trkpt lat="42.993495" lon="10.513476">
        <ele>7.7</ele>
      </trkpt>
      <trkpt lat="42.993487" lon="10.513463">
        <ele>7.7</ele>
      </trkpt>
      <trkpt lat="42.993471" lon="10.513449">
        <ele>7.7</ele>
      </trkpt>
      <trkpt lat="42.993452" lon="10.513429">
        <ele>7.6</ele>
      </trkpt>
      <trkpt lat="42.99343" lon="10.513402">
        <ele>7.6</ele>
      </trkpt>
      <trkpt lat="42.993408" lon="10.513377">
        <ele>7.6</ele>
      </trkpt>
      <trkpt lat="42.993383" lon="10.513351">
        <ele>7.6</ele>
      </trkpt>
      <trkpt lat="42.993359" lon="10.513322">
        <ele>7.6</ele>
      </trkpt>
      <trkpt lat="42.993336" lon="10.51329">
        <ele>7.6</ele>
      </trkpt>
      <trkpt lat="42.993313" lon="10.513268">
        <ele>7.7</ele>
      </trkpt>
      <trkpt lat="42.993291" lon="10.513255">
        <ele>7.7</ele>
      </trkpt>
      <trkpt lat="42.993273" lon="10.513244">
        <ele>7.8</ele>
      </trkpt>
      <trkpt lat="42.993252" lon="10.513232">
        <ele>7.8</ele>
      </trkpt>
      <trkpt lat="42.993243" lon="10.513209">
        <ele>7.9</ele>
      </trkpt>
      <trkpt lat="42.993229" lon="10.513178">
        <ele>8.0</ele>
      </trkpt>
      <trkpt lat="42.993207" lon="10.513144">
        <ele>8.1</ele>
      </trkpt>
      <trkpt lat="42.993179" lon="10.513121">
        <ele>8.3</ele>
      </trkpt>
      <trkpt lat="42.993147" lon="10.513087">
        <ele>8.5</ele>
      </trkpt>
      <trkpt lat="42.993112" lon="10.513057">
        <ele>8.7</ele>
      </trkpt>
      <trkpt lat="42.99308" lon="10.513019">
        <ele>9.0</ele>
      </trkpt>
      <trkpt lat="42.99304" lon="10.512988">
        <ele>9.3</ele>
      </trkpt>
      <trkpt lat="42.993001" lon="10.512956">
        <ele>9.6</ele>
      </trkpt>
      <trkpt lat="42.992969" lon="10.512918">
        <ele>10.0</ele>
      </trkpt>
      <trkpt lat="42.992949" lon="10.512874">
        <ele>10.2</ele>
      </trkpt>
      <trkpt lat="42.992924" lon="10.512832">
        <ele>10.4</ele>
      </trkpt>
      <trkpt lat="42.992896" lon="10.512806">
        <ele>10.5</ele>
      </trkpt>
      <trkpt lat="42.992865" lon="10.512772">
        <ele>10.6</ele>
      </trkpt>
      <trkpt lat="42.992838" lon="10.512731">
        <ele>10.5</ele>
      </trkpt>
      <trkpt lat="42.992815" lon="10.512689">
        <ele>10.2</ele>
      </trkpt>
      <trkpt lat="42.99279" lon="10.512659">
        <ele>10.0</ele>
      </trkpt>
      <trkpt lat="42.992773" lon="10.51262">
        <ele>9.8</ele>
      </trkpt>
      <trkpt lat="42.992757" lon="10.512579">
        <ele>9.6</ele>
      </trkpt>
      <trkpt lat="42.99275" lon="10.512533">
        <ele>9.4</ele>
      </trkpt>
      <trkpt lat="42.992744" lon="10.512488">
        <ele>9.2</ele>
      </trkpt>
      <trkpt lat="42.992741" lon="10.512448">
        <ele>9.0</ele>
      </trkpt>
      <trkpt lat="42.992739" lon="10.512412">
        <ele>8.9</ele>
      </trkpt>
      <trkpt lat="42.992729" lon="10.512379">
        <ele>8.7</ele>
      </trkpt>
      <trkpt lat="42.992718" lon="10.512352">
        <ele>8.6</ele>
      </trkpt>
      <trkpt lat="42.99271" lon="10.51233">
        <ele>8.6</ele>
      </trkpt>
      <trkpt lat="42.992696" lon="10.5123">
        <ele>8.4</ele>
      </trkpt>
      <trkpt lat="42.992682" lon="10.512267">
        <ele>8.3</ele>
      </trkpt>
      <trkpt lat="42.992516" lon="10.512139">
        <ele>8.2</ele>
      </trkpt>
      <trkpt lat="42.992643" lon="10.512212">
        <ele>8.2</ele>
      </trkpt>
      <trkpt lat="42.992617" lon="10.512194">
        <ele>8.1</ele>
      </trkpt>
      <trkpt lat="42.992585" lon="10.512183">
        <ele>8.2</ele>
      </trkpt>
      <trkpt lat="42.99254" lon="10.512183">
        <ele>8.2</ele>
      </trkpt>
      <trkpt lat="42.992498" lon="10.512192">
        <ele>8.3</ele>
      </trkpt>
      <trkpt lat="42.992457" lon="10.512204">
        <ele>8.4</ele>
      </trkpt>
      <trkpt lat="42.99242" lon="10.512222">
        <ele>8.5</ele>
      </trkpt>
      <trkpt lat="42.992385" lon="10.512239">
        <ele>8.6</ele>
      </trkpt>
      <trkpt lat="42.992355" lon="10.51226">
        <ele>8.7</ele>
      </trkpt>
      <trkpt lat="42.992333" lon="10.512281">
        <ele>8.7</ele>
      </trkpt>
      <trkpt lat="42.992305" lon="10.512309">
        <ele>8.8</ele>
      </trkpt>
      <trkpt lat="42.992274" lon="10.51234">
        <ele>8.9</ele>
      </trkpt>
      <trkpt lat="42.992235" lon="10.512363">
        <ele>8.9</ele>
      </trkpt>
      <trkpt lat="42.992194" lon="10.512378">
        <ele>8.9</ele>
      </trkpt>
      <trkpt lat="42.992152" lon="10.512377">
        <ele>8.9</ele>
      </trkpt>
      <trkpt lat="42.992105" lon="10.512366">
        <ele>8.8</ele>
      </trkpt>
      <trkpt lat="42.992062" lon="10.512342">
        <ele>8.5</ele>
      </trkpt>
      <trkpt lat="42.992017" lon="10.51231">
        <ele>8.3</ele>
      </trkpt>
      <trkpt lat="42.991963" lon="10.512278">
        <ele>8.0</ele>
      </trkpt>
      <trkpt lat="42.991916" lon="10.51224">
        <ele>7.7</ele>
      </trkpt>
      <trkpt lat="42.991871" lon="10.512208">
        <ele>7.5</ele>
      </trkpt>
      <trkpt lat="42.991824" lon="10.512167">
        <ele>7.2</ele>
      </trkpt>
      <trkpt lat="42.991778" lon="10.512135">
        <ele>6.9</ele>
      </trkpt>
      <trkpt lat="42.991735" lon="10.512102">
        <ele>6.6</ele>
      </trkpt>
      <trkpt lat="42.991693" lon="10.51207">
        <ele>6.4</ele>
      </trkpt>
      <trkpt lat="42.991644" lon="10.512049">
        <ele>6.1</ele>
      </trkpt>
      <trkpt lat="42.991608" lon="10.512022">
        <ele>5.8</ele>
      </trkpt>
      <trkpt lat="42.991587" lon="10.512007">
        <ele>5.7</ele>
      </trkpt>
      <trkpt lat="42.991572" lon="10.511983">
        <ele>5.6</ele>
      </trkpt>
      <trkpt lat="42.99156" lon="10.511951">
        <ele>5.5</ele>
      </trkpt>
      <trkpt lat="42.991549" lon="10.511926">
        <ele>5.4</ele>
      </trkpt>
      <trkpt lat="42.991533" lon="10.511901">
        <ele>5.3</ele>
      </trkpt>
      <trkpt lat="42.991517" lon="10.511859">
        <ele>5.1</ele>
      </trkpt>
      <trkpt lat="42.991504" lon="10.51181">
        <ele>4.9</ele>
      </trkpt>
      <trkpt lat="42.99149" lon="10.511762">
        <ele>4.8</ele>
      </trkpt>
      <trkpt lat="42.991475" lon="10.511715">
        <ele>4.7</ele>
      </trkpt>
      <trkpt lat="42.991461" lon="10.511662">
        <ele>4.5</ele>
      </trkpt>
      <trkpt lat="42.991444" lon="10.511605">
        <ele>4.4</ele>
      </trkpt>
      <trkpt lat="42.99143" lon="10.511542">
        <ele>4.3</ele>
      </trkpt>
      <trkpt lat="42.991417" lon="10.511475">
        <ele>4.2</ele>
      </trkpt>
      <trkpt lat="42.991404" lon="10.511409">
        <ele>4.1</ele>
      </trkpt>
      <trkpt lat="42.99139" lon="10.511347">
        <ele>4.0</ele>
      </trkpt>
      <trkpt lat="42.991377" lon="10.511283">
        <ele>4.0</ele>
      </trkpt>
      <trkpt lat="42.991362" lon="10.511216">
        <ele>3.9</ele>
      </trkpt>
      <trkpt lat="42.991349" lon="10.511148">
        <ele>3.9</ele>
      </trkpt>
      <trkpt lat="42.991338" lon="10.511083">
        <ele>3.9</ele>
      </trkpt>
      <trkpt lat="42.991326" lon="10.511025">
        <ele>3.8</ele>
      </trkpt>
      <trkpt lat="42.991314" lon="10.510959">
        <ele>3.8</ele>
      </trkpt>
      <trkpt lat="42.991298" lon="10.510895">
        <ele>3.7</ele>
      </trkpt>
      <trkpt lat="42.991286" lon="10.510839">
        <ele>3.7</ele>
      </trkpt>
      <trkpt lat="42.991267" lon="10.510795">
        <ele>3.7</ele>
      </trkpt>
      <trkpt lat="42.991245" lon="10.510765">
        <ele>3.7</ele>
      </trkpt>
      <trkpt lat="42.99123" lon="10.510728">
        <ele>3.7</ele>
      </trkpt>
      <trkpt lat="42.991224" lon="10.510689">
        <ele>3.7</ele>
      </trkpt>
      <trkpt lat="42.991214" lon="10.510646">
        <ele>3.6</ele>
      </trkpt>
      <trkpt lat="42.991208" lon="10.510599">
        <ele>3.6</ele>
      </trkpt>
      <trkpt lat="42.9912" lon="10.510546">
        <ele>3.5</ele>
      </trkpt>
      <trkpt lat="42.991185" lon="10.510495">
        <ele>3.5</ele>
      </trkpt>
      <trkpt lat="42.991174" lon="10.510442">
        <ele>3.5</ele>
      </trkpt>
      <trkpt lat="42.99117" lon="10.510396">
        <ele>3.4</ele>
      </trkpt>
      <trkpt lat="42.991168" lon="10.510345">
        <ele>3.4</ele>
      </trkpt>
      <trkpt lat="42.991158" lon="10.510295">
        <ele>3.3</ele>
      </trkpt>
      <trkpt lat="42.991143" lon="10.510241">
        <ele>3.3</ele>
      </trkpt>
      <trkpt lat="42.99113" lon="10.510192">
        <ele>3.2</ele>
      </trkpt>
      <trkpt lat="42.991122" lon="10.51014">
        <ele>3.2</ele>
      </trkpt>
      <trkpt lat="42.991121" lon="10.510096">
        <ele>3.1</ele>
      </trkpt>
      <trkpt lat="42.991118" lon="10.510051">
        <ele>3.0</ele>
      </trkpt>
      <trkpt lat="42.991112" lon="10.510003">
        <ele>2.9</ele>
      </trkpt>
      <trkpt lat="42.991103" lon="10.509948">
        <ele>2.9</ele>
      </trkpt>
      <trkpt lat="42.991092" lon="10.509893">
        <ele>2.8</ele>
      </trkpt>
      <trkpt lat="42.991078" lon="10.509834">
        <ele>2.7</ele>
      </trkpt>
      <trkpt lat="42.991061" lon="10.509773">
        <ele>2.7</ele>
      </trkpt>
      <trkpt lat="42.991044" lon="10.509711">
        <ele>2.7</ele>
      </trkpt>
      <trkpt lat="42.991027" lon="10.509649">
        <ele>2.6</ele>
      </trkpt>
      <trkpt lat="42.99101" lon="10.509583">
        <ele>2.6</ele>
      </trkpt>
      <trkpt lat="42.990998" lon="10.509519">
        <ele>2.6</ele>
      </trkpt>
      <trkpt lat="42.990984" lon="10.509457">
        <ele>2.5</ele>
      </trkpt>
      <trkpt lat="42.990969" lon="10.509395">
        <ele>2.5</ele>
      </trkpt>
      <trkpt lat="42.990955" lon="10.509332">
        <ele>2.6</ele>
      </trkpt>
      <trkpt lat="42.990941" lon="10.50927">
        <ele>2.6</ele>
      </trkpt>
      <trkpt lat="42.990926" lon="10.509211">
        <ele>2.6</ele>
      </trkpt>
      <trkpt lat="42.990912" lon="10.509149">
        <ele>2.7</ele>
      </trkpt>
      <trkpt lat="42.990896" lon="10.509088">
        <ele>2.7</ele>
      </trkpt>
      <trkpt lat="42.99088" lon="10.509025">
        <ele>2.7</ele>
      </trkpt>
      <trkpt lat="42.990869" lon="10.508968">
        <ele>2.8</ele>
      </trkpt>
      <trkpt lat="42.990855" lon="10.508907">
        <ele>2.8</ele>
      </trkpt>
      <trkpt lat="42.990838" lon="10.508846">
        <ele>2.8</ele>
      </trkpt>
      <trkpt lat="42.99082" lon="10.508788">
        <ele>2.8</ele>
      </trkpt>
      <trkpt lat="42.990802" lon="10.508733">
        <ele>2.9</ele>
      </trkpt>
      <trkpt lat="42.990788" lon="10.508675">
        <ele>2.9</ele>
      </trkpt>
      <trkpt lat="42.990779" lon="10.508619">
        <ele>2.9</ele>
      </trkpt>
      <trkpt lat="42.990766" lon="10.50856">
        <ele>2.8</ele>
      </trkpt>
      <trkpt lat="42.990752" lon="10.508503">
        <ele>2.8</ele>
      </trkpt>
      <trkpt lat="42.990738" lon="10.50845">
        <ele>2.8</ele>
      </trkpt>
      <trkpt lat="42.990727" lon="10.508398">
        <ele>2.8</ele>
      </trkpt>
      <trkpt lat="42.990719" lon="10.508345">
        <ele>2.8</ele>
      </trkpt>
      <trkpt lat="42.990708" lon="10.508293">
        <ele>2.7</ele>
      </trkpt>
      <trkpt lat="42.990695" lon="10.508239">
        <ele>2.7</ele>
      </trkpt>
      <trkpt lat="42.990681" lon="10.508182">
        <ele>2.7</ele>
      </trkpt>
      <trkpt lat="42.990669" lon="10.508136">
        <ele>2.7</ele>
      </trkpt>
      <trkpt lat="42.990659" lon="10.508096">
        <ele>2.7</ele>
      </trkpt>
      <trkpt lat="42.990653" lon="10.508059">
        <ele>2.7</ele>
      </trkpt>
      <trkpt lat="42.990644" lon="10.508028">
        <ele>2.6</ele>
      </trkpt>
      <trkpt lat="42.99063" lon="10.507998">
        <ele>2.7</ele>
      </trkpt>
      <trkpt lat="42.990611" lon="10.507972">
        <ele>2.7</ele>
      </trkpt>
      <trkpt lat="42.990598" lon="10.507946">
        <ele>2.7</ele>
      </trkpt>
      <trkpt lat="42.990586" lon="10.507909">
        <ele>2.7</ele>
      </trkpt>
      <trkpt lat="42.990575" lon="10.507866">
        <ele>2.7</ele>
      </trkpt>
      <trkpt lat="42.990563" lon="10.50782">
        <ele>2.7</ele>
      </trkpt>
      <trkpt lat="42.990549" lon="10.507775">
        <ele>2.7</ele>
      </trkpt>
      <trkpt lat="42.990538" lon="10.507726">
        <ele>2.7</ele>
      </trkpt>
      <trkpt lat="42.990525" lon="10.507679">
        <ele>2.7</ele>
      </trkpt>
      <trkpt lat="42.990511" lon="10.507627">
        <ele>2.7</ele>
      </trkpt>
      <trkpt lat="42.990499" lon="10.50757">
        <ele>2.6</ele>
      </trkpt>
      <trkpt lat="42.990486" lon="10.507512">
        <ele>2.6</ele>
      </trkpt>
      <trkpt lat="42.990475" lon="10.50745">
        <ele>2.6</ele>
      </trkpt>
      <trkpt lat="42.990462" lon="10.507388">
        <ele>2.6</ele>
      </trkpt>
      <trkpt lat="42.990449" lon="10.507331">
        <ele>2.6</ele>
      </trkpt>
      <trkpt lat="42.990437" lon="10.507272">
        <ele>2.6</ele>
      </trkpt>
      <trkpt lat="42.990422" lon="10.507212">
        <ele>2.7</ele>
      </trkpt>
      <trkpt lat="42.990408" lon="10.507152">
        <ele>2.7</ele>
      </trkpt>
      <trkpt lat="42.990394" lon="10.507097">
        <ele>2.8</ele>
      </trkpt>
      <trkpt lat="42.990383" lon="10.507041">
        <ele>2.8</ele>
      </trkpt>
      <trkpt lat="42.990374" lon="10.50699">
        <ele>2.8</ele>
      </trkpt>
      <trkpt lat="42.990364" lon="10.506945">
        <ele>2.9</ele>
      </trkpt>
      <trkpt lat="42.990351" lon="10.506899">
        <ele>3.0</ele>
      </trkpt>
      <trkpt lat="42.990339" lon="10.506849">
        <ele>3.2</ele>
      </trkpt>
      <trkpt lat="42.990326" lon="10.506802">
        <ele>3.4</ele>
      </trkpt>
      <trkpt lat="42.990316" lon="10.506753">
        <ele>3.6</ele>
      </trkpt>
      <trkpt lat="42.990307" lon="10.506701">
        <ele>3.7</ele>
      </trkpt>
      <trkpt lat="42.990294" lon="10.506646">
        <ele>3.9</ele>
      </trkpt>
      <trkpt lat="42.990281" lon="10.506596">
        <ele>4.1</ele>
      </trkpt>
      <trkpt lat="42.990269" lon="10.506543">
        <ele>4.3</ele>
      </trkpt>
      <trkpt lat="42.990256" lon="10.506496">
        <ele>4.6</ele>
      </trkpt>
      <trkpt lat="42.990242" lon="10.506445">
        <ele>4.8</ele>
      </trkpt>
      <trkpt lat="42.99023" lon="10.506389">
        <ele>5.0</ele>
      </trkpt>
      <trkpt lat="42.990212" lon="10.506332">
        <ele>5.3</ele>
      </trkpt>
      <trkpt lat="42.990196" lon="10.506278">
        <ele>5.6</ele>
      </trkpt>
      <trkpt lat="42.990181" lon="10.506222">
        <ele>5.8</ele>
      </trkpt>
      <trkpt lat="42.990169" lon="10.506166">
        <ele>6.1</ele>
      </trkpt>
      <trkpt lat="42.990156" lon="10.506101">
        <ele>6.4</ele>
      </trkpt>
      <trkpt lat="42.990144" lon="10.506041">
        <ele>6.6</ele>
      </trkpt>
      <trkpt lat="42.990132" lon="10.505978">
        <ele>6.7</ele>
      </trkpt>
      <trkpt lat="42.99012" lon="10.505916">
        <ele>6.9</ele>
      </trkpt>
      <trkpt lat="42.990106" lon="10.505858">
        <ele>7.2</ele>
      </trkpt>
      <trkpt lat="42.990091" lon="10.505797">
        <ele>7.4</ele>
      </trkpt>
      <trkpt lat="42.990078" lon="10.505738">
        <ele>7.6</ele>
      </trkpt>
      <trkpt lat="42.990063" lon="10.505682">
        <ele>7.8</ele>
      </trkpt>
      <trkpt lat="42.99005" lon="10.505625">
        <ele>8.1</ele>
      </trkpt>
      <trkpt lat="42.990035" lon="10.505566">
        <ele>8.3</ele>
      </trkpt>
      <trkpt lat="42.990023" lon="10.505506">
        <ele>8.6</ele>
      </trkpt>
      <trkpt lat="42.990009" lon="10.505435">
        <ele>8.8</ele>
      </trkpt>
      <trkpt lat="42.989996" lon="10.505369">
        <ele>9.1</ele>
      </trkpt>
      <trkpt lat="42.98999" lon="10.505304">
        <ele>9.3</ele>
      </trkpt>
      <trkpt lat="42.989977" lon="10.505238">
        <ele>9.5</ele>
      </trkpt>
      <trkpt lat="42.989963" lon="10.505175">
        <ele>9.8</ele>
      </trkpt>
      <trkpt lat="42.989952" lon="10.505113">
        <ele>10.0</ele>
      </trkpt>
      <trkpt lat="42.989944" lon="10.505047">
        <ele>10.2</ele>
      </trkpt>
      <trkpt lat="42.989937" lon="10.504985">
        <ele>10.3</ele>
      </trkpt>
      <trkpt lat="42.989931" lon="10.50492">
        <ele>10.5</ele>
      </trkpt>
      <trkpt lat="42.98993" lon="10.504861">
        <ele>10.6</ele>
      </trkpt>
      <trkpt lat="42.989929" lon="10.504802">
        <ele>10.7</ele>
      </trkpt>
      <trkpt lat="42.989923" lon="10.504745">
        <ele>10.8</ele>
      </trkpt>
      <trkpt lat="42.989921" lon="10.504686">
        <ele>10.9</ele>
      </trkpt>
      <trkpt lat="42.989919" lon="10.504622">
        <ele>11.0</ele>
      </trkpt>
      <trkpt lat="42.989922" lon="10.504555">
        <ele>11.1</ele>
      </trkpt>
      <trkpt lat="42.989931" lon="10.504485">
        <ele>11.0</ele>
      </trkpt>
      <trkpt lat="42.989943" lon="10.504414">
        <ele>11.0</ele>
      </trkpt>
      <trkpt lat="42.989961" lon="10.504342">
        <ele>10.8</ele>
      </trkpt>
      <trkpt lat="42.989971" lon="10.504262">
        <ele>10.7</ele>
      </trkpt>
      <trkpt lat="42.989988" lon="10.504187">
        <ele>10.5</ele>
      </trkpt>
      <trkpt lat="42.99" lon="10.50412">
        <ele>10.4</ele>
      </trkpt>
      <trkpt lat="42.990015" lon="10.504055">
        <ele>10.2</ele>
      </trkpt>
      <trkpt lat="42.990026" lon="10.503987">
        <ele>10.1</ele>
      </trkpt>
      <trkpt lat="42.99004" lon="10.503921">
        <ele>10.0</ele>
      </trkpt>
      <trkpt lat="42.990057" lon="10.503853">
        <ele>9.8</ele>
      </trkpt>
      <trkpt lat="42.990074" lon="10.503781">
        <ele>9.6</ele>
      </trkpt>
      <trkpt lat="42.990091" lon="10.503707">
        <ele>9.5</ele>
      </trkpt>
      <trkpt lat="42.990106" lon="10.503636">
        <ele>9.3</ele>
      </trkpt>
      <trkpt lat="42.990121" lon="10.503567">
        <ele>9.1</ele>
      </trkpt>
      <trkpt lat="42.990136" lon="10.503496">
        <ele>8.7</ele>
      </trkpt>
      <trkpt lat="42.990151" lon="10.503422">
        <ele>8.4</ele>
      </trkpt>
      <trkpt lat="42.990164" lon="10.503353">
        <ele>8.1</ele>
      </trkpt>
      <trkpt lat="42.990178" lon="10.503284">
        <ele>7.7</ele>
      </trkpt>
      <trkpt lat="42.990195" lon="10.503217">
        <ele>7.3</ele>
      </trkpt>
      <trkpt lat="42.990211" lon="10.503151">
        <ele>7.0</ele>
      </trkpt>
      <trkpt lat="42.990227" lon="10.503085">
        <ele>6.6</ele>
      </trkpt>
      <trkpt lat="42.99024" lon="10.503019">
        <ele>6.3</ele>
      </trkpt>
      <trkpt lat="42.990255" lon="10.502953">
        <ele>6.0</ele>
      </trkpt>
      <trkpt lat="42.990269" lon="10.502887">
        <ele>5.7</ele>
      </trkpt>
      <trkpt lat="42.990281" lon="10.502818">
        <ele>5.4</ele>
      </trkpt>
      <trkpt lat="42.990293" lon="10.502751">
        <ele>5.1</ele>
      </trkpt>
      <trkpt lat="42.990309" lon="10.502687">
        <ele>5.2</ele>
      </trkpt>
      <trkpt lat="42.990324" lon="10.502621">
        <ele>5.2</ele>
      </trkpt>
      <trkpt lat="42.99034" lon="10.502558">
        <ele>5.2</ele>
      </trkpt>
      <trkpt lat="42.990357" lon="10.502495">
        <ele>5.2</ele>
      </trkpt>
      <trkpt lat="42.990374" lon="10.502429">
        <ele>5.2</ele>
      </trkpt>
      <trkpt lat="42.990388" lon="10.502363">
        <ele>5.2</ele>
      </trkpt>
      <trkpt lat="42.990399" lon="10.5023">
        <ele>5.2</ele>
      </trkpt>
      <trkpt lat="42.990409" lon="10.502238">
        <ele>5.2</ele>
      </trkpt>
      <trkpt lat="42.990419" lon="10.502176">
        <ele>5.2</ele>
      </trkpt>
      <trkpt lat="42.990423" lon="10.502113">
        <ele>5.3</ele>
      </trkpt>
      <trkpt lat="42.990431" lon="10.502057">
        <ele>5.4</ele>
      </trkpt>
      <trkpt lat="42.990437" lon="10.502002">
        <ele>5.4</ele>
      </trkpt>
      <trkpt lat="42.990438" lon="10.501945">
        <ele>5.5</ele>
      </trkpt>
      <trkpt lat="42.990441" lon="10.501891">
        <ele>5.7</ele>
      </trkpt>
      <trkpt lat="42.990448" lon="10.501834">
        <ele>5.9</ele>
      </trkpt>
      <trkpt lat="42.990452" lon="10.50178">
        <ele>6.0</ele>
      </trkpt>
      <trkpt lat="42.99046" lon="10.501728">
        <ele>6.2</ele>
      </trkpt>
      <trkpt lat="42.990465" lon="10.501679">
        <ele>6.3</ele>
      </trkpt>
      <trkpt lat="42.99046" lon="10.501632">
        <ele>6.6</ele>
      </trkpt>
      <trkpt lat="42.990454" lon="10.501581">
        <ele>7.0</ele>
      </trkpt>
      <trkpt lat="42.990451" lon="10.501529">
        <ele>7.3</ele>
      </trkpt>
      <trkpt lat="42.990445" lon="10.501479">
        <ele>7.7</ele>
      </trkpt>
      <trkpt lat="42.990437" lon="10.501434">
        <ele>8.0</ele>
      </trkpt>
      <trkpt lat="42.990425" lon="10.50139">
        <ele>8.5</ele>
      </trkpt>
      <trkpt lat="42.990417" lon="10.501341">
        <ele>8.9</ele>
      </trkpt>
      <trkpt lat="42.990407" lon="10.501291">
        <ele>9.3</ele>
      </trkpt>
      <trkpt lat="42.990405" lon="10.501241">
        <ele>9.6</ele>
      </trkpt>
      <trkpt lat="42.990385" lon="10.501196">
        <ele>10.2</ele>
      </trkpt>
      <trkpt lat="42.990365" lon="10.501153">
        <ele>10.9</ele>
      </trkpt>
      <trkpt lat="42.990346" lon="10.501101">
        <ele>11.5</ele>
      </trkpt>
      <trkpt lat="42.990332" lon="10.501049">
        <ele>12.1</ele>
      </trkpt>
      <trkpt lat="42.990318" lon="10.500994">
        <ele>12.7</ele>
      </trkpt>
      <trkpt lat="42.9903" lon="10.500939">
        <ele>13.4</ele>
      </trkpt>
      <trkpt lat="42.990283" lon="10.500882">
        <ele>14.1</ele>
      </trkpt>
      <trkpt lat="42.990266" lon="10.500827">
        <ele>14.7</ele>
      </trkpt>
      <trkpt lat="42.990252" lon="10.500777">
        <ele>15.3</ele>
      </trkpt>
      <trkpt lat="42.990238" lon="10.500727">
        <ele>15.8</ele>
      </trkpt>
      <trkpt lat="42.990225" lon="10.500675">
        <ele>16.4</ele>
      </trkpt>
      <trkpt lat="42.990207" lon="10.500622">
        <ele>17.0</ele>
      </trkpt>
      <trkpt lat="42.990191" lon="10.500571">
        <ele>17.7</ele>
      </trkpt>
      <trkpt lat="42.990175" lon="10.500519">
        <ele>18.3</ele>
      </trkpt>
      <trkpt lat="42.99016" lon="10.500467">
        <ele>18.9</ele>
      </trkpt>
      <trkpt lat="42.990146" lon="10.500412">
        <ele>19.4</ele>
      </trkpt>
      <trkpt lat="42.990131" lon="10.500358">
        <ele>20.0</ele>
      </trkpt>
      <trkpt lat="42.990122" lon="10.500301">
        <ele>20.5</ele>
      </trkpt>
      <trkpt lat="42.990116" lon="10.500245">
        <ele>20.9</ele>
      </trkpt>
      <trkpt lat="42.990104" lon="10.500189">
        <ele>21.3</ele>
      </trkpt>
      <trkpt lat="42.9901" lon="10.500138">
        <ele>21.6</ele>
      </trkpt>
      <trkpt lat="42.990093" lon="10.500085">
        <ele>21.9</ele>
      </trkpt>
      <trkpt lat="42.990087" lon="10.500034">
        <ele>22.3</ele>
      </trkpt>
      <trkpt lat="42.990081" lon="10.499985">
        <ele>22.5</ele>
      </trkpt>
      <trkpt lat="42.990073" lon="10.499941">
        <ele>22.9</ele>
      </trkpt>
      <trkpt lat="42.990063" lon="10.499898">
        <ele>23.2</ele>
      </trkpt>
      <trkpt lat="42.990053" lon="10.499854">
        <ele>23.5</ele>
      </trkpt>
      <trkpt lat="42.990041" lon="10.499812">
        <ele>23.8</ele>
      </trkpt>
      <trkpt lat="42.990034" lon="10.499777">
        <ele>24.0</ele>
      </trkpt>
      <trkpt lat="42.990015" lon="10.499739">
        <ele>24.5</ele>
      </trkpt>
      <trkpt lat="42.99" lon="10.4997">
        <ele>24.8</ele>
      </trkpt>
      <trkpt lat="42.989983" lon="10.499665">
        <ele>25.1</ele>
      </trkpt>
      <trkpt lat="42.989967" lon="10.499629">
        <ele>25.5</ele>
      </trkpt>
      <trkpt lat="42.98995" lon="10.499596">
        <ele>25.8</ele>
      </trkpt>
      <trkpt lat="42.989933" lon="10.499561">
        <ele>26.1</ele>
      </trkpt>
      <trkpt lat="42.989916" lon="10.499525">
        <ele>26.4</ele>
      </trkpt>
      <trkpt lat="42.989894" lon="10.499494">
        <ele>26.8</ele>
      </trkpt>
      <trkpt lat="42.989876" lon="10.499466">
        <ele>27.1</ele>
      </trkpt>
      <trkpt lat="42.989862" lon="10.499432">
        <ele>27.3</ele>
      </trkpt>
      <trkpt lat="42.989848" lon="10.499393">
        <ele>27.4</ele>
      </trkpt>
      <trkpt lat="42.989832" lon="10.499352">
        <ele>27.5</ele>
      </trkpt>
      <trkpt lat="42.989818" lon="10.499314">
        <ele>27.6</ele>
      </trkpt>
      <trkpt lat="42.989805" lon="10.49928">
        <ele>27.7</ele>
      </trkpt>
      <trkpt lat="42.989793" lon="10.499251">
        <ele>27.8</ele>
      </trkpt>
      <trkpt lat="42.989779" lon="10.499222">
        <ele>27.8</ele>
      </trkpt>
      <trkpt lat="42.989767" lon="10.499193">
        <ele>27.9</ele>
      </trkpt>
      <trkpt lat="42.989755" lon="10.499159">
        <ele>27.9</ele>
      </trkpt>
      <trkpt lat="42.989743" lon="10.499123">
        <ele>28.0</ele>
      </trkpt>
      <trkpt lat="42.98973" lon="10.499087">
        <ele>28.0</ele>
      </trkpt>
      <trkpt lat="42.989718" lon="10.499045">
        <ele>27.9</ele>
      </trkpt>
      <trkpt lat="42.989708" lon="10.498998">
        <ele>27.9</ele>
      </trkpt>
      <trkpt lat="42.989698" lon="10.498959">
        <ele>27.9</ele>
      </trkpt>
      <trkpt lat="42.989693" lon="10.498926">
        <ele>27.8</ele>
      </trkpt>
      <trkpt lat="42.989686" lon="10.498893">
        <ele>27.7</ele>
      </trkpt>
      <trkpt lat="42.989677" lon="10.498859">
        <ele>27.7</ele>
      </trkpt>
      <trkpt lat="42.989662" lon="10.498819">
        <ele>27.6</ele>
      </trkpt>
      <trkpt lat="42.989652" lon="10.498779">
        <ele>27.5</ele>
      </trkpt>
      <trkpt lat="42.989646" lon="10.49874">
        <ele>27.4</ele>
      </trkpt>
      <trkpt lat="42.98964" lon="10.4987">
        <ele>27.3</ele>
      </trkpt>
      <trkpt lat="42.989631" lon="10.498662">
        <ele>27.4</ele>
      </trkpt>
      <trkpt lat="42.989621" lon="10.498628">
        <ele>27.5</ele>
      </trkpt>
      <trkpt lat="42.989612" lon="10.498594">
        <ele>27.7</ele>
      </trkpt>
      <trkpt lat="42.989603" lon="10.498559">
        <ele>28.2</ele>
      </trkpt>
      <trkpt lat="42.989593" lon="10.498522">
        <ele>28.7</ele>
      </trkpt>
      <trkpt lat="42.989582" lon="10.498489">
        <ele>29.2</ele>
      </trkpt>
      <trkpt lat="42.989572" lon="10.498449">
        <ele>29.7</ele>
      </trkpt>
      <trkpt lat="42.989562" lon="10.498413">
        <ele>30.1</ele>
      </trkpt>
      <trkpt lat="42.98955" lon="10.498377">
        <ele>30.6</ele>
      </trkpt>
      <trkpt lat="42.98954" lon="10.498345">
        <ele>31.0</ele>
      </trkpt>
      <trkpt lat="42.989531" lon="10.49831">
        <ele>31.4</ele>
      </trkpt>
      <trkpt lat="42.989525" lon="10.498271">
        <ele>31.8</ele>
      </trkpt>
      <trkpt lat="42.989517" lon="10.498234">
        <ele>32.1</ele>
      </trkpt>
      <trkpt lat="42.989511" lon="10.498199">
        <ele>32.4</ele>
      </trkpt>
      <trkpt lat="42.989502" lon="10.498164">
        <ele>32.7</ele>
      </trkpt>
      <trkpt lat="42.98949" lon="10.498129">
        <ele>33.0</ele>
      </trkpt>
      <trkpt lat="42.98948" lon="10.498092">
        <ele>33.4</ele>
      </trkpt>
      <trkpt lat="42.98947" lon="10.498058">
        <ele>33.7</ele>
      </trkpt>
      <trkpt lat="42.989457" lon="10.498026">
        <ele>34.0</ele>
      </trkpt>
      <trkpt lat="42.989443" lon="10.497992">
        <ele>34.3</ele>
      </trkpt>
      <trkpt lat="42.989431" lon="10.497959">
        <ele>34.5</ele>
      </trkpt>
      <trkpt lat="42.989421" lon="10.497926">
        <ele>34.7</ele>
      </trkpt>
      <trkpt lat="42.989407" lon="10.497891">
        <ele>35.0</ele>
      </trkpt>
      <trkpt lat="42.989392" lon="10.497858">
        <ele>35.2</ele>
      </trkpt>
      <trkpt lat="42.989385" lon="10.497827">
        <ele>35.3</ele>
      </trkpt>
      <trkpt lat="42.989375" lon="10.497797">
        <ele>35.5</ele>
      </trkpt>
      <trkpt lat="42.989364" lon="10.497769">
        <ele>35.6</ele>
      </trkpt>
      <trkpt lat="42.989353" lon="10.497743">
        <ele>36.1</ele>
      </trkpt>
      <trkpt lat="42.989338" lon="10.497713">
        <ele>36.6</ele>
      </trkpt>
      <trkpt lat="42.989321" lon="10.497688">
        <ele>37.0</ele>
      </trkpt>
      <trkpt lat="42.989307" lon="10.497664">
        <ele>37.4</ele>
      </trkpt>
      <trkpt lat="42.989296" lon="10.497637">
        <ele>37.9</ele>
      </trkpt>
      <trkpt lat="42.989285" lon="10.497611">
        <ele>38.3</ele>
      </trkpt>
      <trkpt lat="42.989271" lon="10.497584">
        <ele>38.7</ele>
      </trkpt>
      <trkpt lat="42.989256" lon="10.497559">
        <ele>39.0</ele>
      </trkpt>
      <trkpt lat="42.989235" lon="10.497543">
        <ele>39.3</ele>
      </trkpt>
      <trkpt lat="42.98922" lon="10.497525">
        <ele>39.5</ele>
      </trkpt>
      <trkpt lat="42.989203" lon="10.497502">
        <ele>39.8</ele>
      </trkpt>
      <trkpt lat="42.989186" lon="10.497481">
        <ele>40.1</ele>
      </trkpt>
      <trkpt lat="42.98917" lon="10.497456">
        <ele>40.4</ele>
      </trkpt>
      <trkpt lat="42.989155" lon="10.497429">
        <ele>40.7</ele>
      </trkpt>
      <trkpt lat="42.989143" lon="10.497402">
        <ele>41.0</ele>
      </trkpt>
      <trkpt lat="42.989128" lon="10.497372">
        <ele>41.3</ele>
      </trkpt>
      <trkpt lat="42.98911" lon="10.497343">
        <ele>41.6</ele>
      </trkpt>
      <trkpt lat="42.98909" lon="10.497322">
        <ele>41.8</ele>
      </trkpt>
      <trkpt lat="42.989074" lon="10.497296">
        <ele>42.0</ele>
      </trkpt>
      <trkpt lat="42.989056" lon="10.497271">
        <ele>42.2</ele>
      </trkpt>
      <trkpt lat="42.989038" lon="10.497252">
        <ele>42.3</ele>
      </trkpt>
      <trkpt lat="42.98902" lon="10.497232">
        <ele>42.4</ele>
      </trkpt>
      <trkpt lat="42.989004" lon="10.497212">
        <ele>42.5</ele>
      </trkpt>
      <trkpt lat="42.988986" lon="10.497197">
        <ele>42.6</ele>
      </trkpt>
      <trkpt lat="42.988965" lon="10.497181">
        <ele>42.6</ele>
      </trkpt>
      <trkpt lat="42.988943" lon="10.497166">
        <ele>42.6</ele>
      </trkpt>
      <trkpt lat="42.988924" lon="10.497149">
        <ele>42.6</ele>
      </trkpt>
      <trkpt lat="42.988907" lon="10.497132">
        <ele>42.6</ele>
      </trkpt>
      <trkpt lat="42.988886" lon="10.497111">
        <ele>42.6</ele>
      </trkpt>
      <trkpt lat="42.988864" lon="10.497089">
        <ele>42.6</ele>
      </trkpt>
      <trkpt lat="42.988841" lon="10.497068">
        <ele>42.6</ele>
      </trkpt>
      <trkpt lat="42.988823" lon="10.497052">
        <ele>42.5</ele>
      </trkpt>
      <trkpt lat="42.9888" lon="10.497037">
        <ele>42.6</ele>
      </trkpt>
      <trkpt lat="42.988781" lon="10.497022">
        <ele>43.0</ele>
      </trkpt>
      <trkpt lat="42.98876" lon="10.497007">
        <ele>43.4</ele>
      </trkpt>
      <trkpt lat="42.988739" lon="10.496987">
        <ele>43.8</ele>
      </trkpt>
      <trkpt lat="42.988715" lon="10.496969">
        <ele>44.3</ele>
      </trkpt>
      <trkpt lat="42.988695" lon="10.496953">
        <ele>44.6</ele>
      </trkpt>
      <trkpt lat="42.988676" lon="10.496941">
        <ele>45.0</ele>
      </trkpt>
      <trkpt lat="42.988655" lon="10.496927">
        <ele>45.4</ele>
      </trkpt>
      <trkpt lat="42.988639" lon="10.496912">
        <ele>45.9</ele>
      </trkpt>
      <trkpt lat="42.988622" lon="10.496892">
        <ele>46.4</ele>
      </trkpt>
      <trkpt lat="42.988603" lon="10.49687">
        <ele>46.9</ele>
      </trkpt>
      <trkpt lat="42.988584" lon="10.496853">
        <ele>47.3</ele>
      </trkpt>
      <trkpt lat="42.988566" lon="10.496837">
        <ele>47.7</ele>
      </trkpt>
      <trkpt lat="42.988548" lon="10.496821">
        <ele>48.2</ele>
      </trkpt>
      <trkpt lat="42.988529" lon="10.496803">
        <ele>48.6</ele>
      </trkpt>
      <trkpt lat="42.98851" lon="10.496783">
        <ele>49.0</ele>
      </trkpt>
      <trkpt lat="42.988492" lon="10.496771">
        <ele>49.3</ele>
      </trkpt>
      <trkpt lat="42.988472" lon="10.496759">
        <ele>49.7</ele>
      </trkpt>
      <trkpt lat="42.988457" lon="10.496734">
        <ele>50.0</ele>
      </trkpt>
      <trkpt lat="42.988441" lon="10.496718">
        <ele>50.3</ele>
      </trkpt>
      <trkpt lat="42.988427" lon="10.496691">
        <ele>50.7</ele>
      </trkpt>
      <trkpt lat="42.988422" lon="10.496663">
        <ele>51.0</ele>
      </trkpt>
      <trkpt lat="42.98841" lon="10.496638">
        <ele>51.2</ele>
      </trkpt>
      <trkpt lat="42.988405" lon="10.496609">
        <ele>51.5</ele>
      </trkpt>
      <trkpt lat="42.988395" lon="10.49659">
        <ele>51.7</ele>
      </trkpt>
      <trkpt lat="42.988382" lon="10.496574">
        <ele>51.9</ele>
      </trkpt>
      <trkpt lat="42.988371" lon="10.496564">
        <ele>52.0</ele>
      </trkpt>
      <trkpt lat="42.988364" lon="10.49655">
        <ele>52.2</ele>
      </trkpt>
      <trkpt lat="42.988356" lon="10.496533">
        <ele>52.3</ele>
      </trkpt>
      <trkpt lat="42.988348" lon="10.496511">
        <ele>52.5</ele>
      </trkpt>
      <trkpt lat="42.98834" lon="10.496488">
        <ele>52.7</ele>
      </trkpt>
      <trkpt lat="42.988334" lon="10.496465">
        <ele>52.9</ele>
      </trkpt>
      <trkpt lat="42.988324" lon="10.496444">
        <ele>53.0</ele>
      </trkpt>
      <trkpt lat="42.988317" lon="10.496431">
        <ele>53.1</ele>
      </trkpt>
      <trkpt lat="42.988314" lon="10.496413">
        <ele>53.2</ele>
      </trkpt>
      <trkpt lat="42.988312" lon="10.496396">
        <ele>53.3</ele>
      </trkpt>
      <trkpt lat="42.988309" lon="10.49638">
        <ele>53.4</ele>
      </trkpt>
      <trkpt lat="42.988301" lon="10.496365">
        <ele>53.5</ele>
      </trkpt>
      <trkpt lat="42.988293" lon="10.496346">
        <ele>53.6</ele>
      </trkpt>
      <trkpt lat="42.988283" lon="10.496331">
        <ele>53.7</ele>
      </trkpt>
      <trkpt lat="42.988276" lon="10.496312">
        <ele>53.8</ele>
      </trkpt>
      <trkpt lat="42.988266" lon="10.496298">
        <ele>53.9</ele>
      </trkpt>
      <trkpt lat="42.988254" lon="10.496285">
        <ele>54.0</ele>
      </trkpt>
      <trkpt lat="42.988242" lon="10.496272">
        <ele>54.0</ele>
      </trkpt>
      <trkpt lat="42.988235" lon="10.496254">
        <ele>54.1</ele>
      </trkpt>
      <trkpt lat="42.988232" lon="10.496235">
        <ele>54.1</ele>
      </trkpt>
      <trkpt lat="42.988223" lon="10.496217">
        <ele>54.2</ele>
      </trkpt>
      <trkpt lat="42.988214" lon="10.4962">
        <ele>54.3</ele>
      </trkpt>
      <trkpt lat="42.988208" lon="10.49618">
        <ele>54.3</ele>
      </trkpt>
      <trkpt lat="42.988202" lon="10.496163">
        <ele>54.3</ele>
      </trkpt>
      <trkpt lat="42.988194" lon="10.496144">
        <ele>54.4</ele>
      </trkpt>
      <trkpt lat="42.988189" lon="10.496125">
        <ele>54.4</ele>
      </trkpt>
      <trkpt lat="42.988181" lon="10.496108">
        <ele>54.4</ele>
      </trkpt>
      <trkpt lat="42.988171" lon="10.496094">
        <ele>54.5</ele>
      </trkpt>
      <trkpt lat="42.988164" lon="10.496074">
        <ele>54.7</ele>
      </trkpt>
      <trkpt lat="42.988155" lon="10.49606">
        <ele>54.9</ele>
      </trkpt>
      <trkpt lat="42.988145" lon="10.496048">
        <ele>55.0</ele>
      </trkpt>
      <trkpt lat="42.988139" lon="10.49603">
        <ele>55.2</ele>
      </trkpt>
      <trkpt lat="42.988135" lon="10.496015">
        <ele>55.3</ele>
      </trkpt>
      <trkpt lat="42.988123" lon="10.496004">
        <ele>55.4</ele>
      </trkpt>
      <trkpt lat="42.988114" lon="10.495989">
        <ele>55.5</ele>
      </trkpt>
      <trkpt lat="42.98811" lon="10.495973">
        <ele>55.7</ele>
      </trkpt>
      <trkpt lat="42.988107" lon="10.49596">
        <ele>55.8</ele>
      </trkpt>
      <trkpt lat="42.988099" lon="10.495952">
        <ele>55.9</ele>
      </trkpt>
      <trkpt lat="42.988094" lon="10.49594">
        <ele>56.0</ele>
      </trkpt>
      <trkpt lat="42.988088" lon="10.495924">
        <ele>56.1</ele>
      </trkpt>
      <trkpt lat="42.988081" lon="10.49591">
        <ele>56.2</ele>
      </trkpt>
      <trkpt lat="42.988073" lon="10.495891">
        <ele>56.3</ele>
      </trkpt>
      <trkpt lat="42.988063" lon="10.495876">
        <ele>56.4</ele>
      </trkpt>
      <trkpt lat="42.988053" lon="10.495865">
        <ele>56.5</ele>
      </trkpt>
      <trkpt lat="42.988045" lon="10.495853">
        <ele>56.5</ele>
      </trkpt>
      <trkpt lat="42.988034" lon="10.495841">
        <ele>56.6</ele>
      </trkpt>
      <trkpt lat="42.988022" lon="10.495833">
        <ele>56.6</ele>
      </trkpt>
      <trkpt lat="42.988013" lon="10.495822">
        <ele>56.6</ele>
      </trkpt>
      <trkpt lat="42.988001" lon="10.495809">
        <ele>56.6</ele>
      </trkpt>
      <trkpt lat="42.98799" lon="10.495795">
        <ele>56.7</ele>
      </trkpt>
      <trkpt lat="42.98798" lon="10.49578">
        <ele>56.7</ele>
      </trkpt>
      <trkpt lat="42.987972" lon="10.495766">
        <ele>56.8</ele>
      </trkpt>
      <trkpt lat="42.987959" lon="10.495754">
        <ele>57.2</ele>
      </trkpt>
      <trkpt lat="42.987947" lon="10.49574">
        <ele>57.6</ele>
      </trkpt>
      <trkpt lat="42.987937" lon="10.495726">
        <ele>57.9</ele>
      </trkpt>
      <trkpt lat="42.98793" lon="10.495709">
        <ele>58.2</ele>
      </trkpt>
      <trkpt lat="42.987919" lon="10.495696">
        <ele>58.5</ele>
      </trkpt>
      <trkpt lat="42.987908" lon="10.495681">
        <ele>58.8</ele>
      </trkpt>
      <trkpt lat="42.987901" lon="10.495661">
        <ele>59.1</ele>
      </trkpt>
      <trkpt lat="42.98789" lon="10.495648">
        <ele>59.4</ele>
      </trkpt>
      <trkpt lat="42.987877" lon="10.495636">
        <ele>59.7</ele>
      </trkpt>
      <trkpt lat="42.987866" lon="10.495616">
        <ele>60.0</ele>
      </trkpt>
      <trkpt lat="42.987851" lon="10.495598">
        <ele>60.4</ele>
      </trkpt>
      <trkpt lat="42.987836" lon="10.495584">
        <ele>60.8</ele>
      </trkpt>
      <trkpt lat="42.987824" lon="10.495571">
        <ele>61.1</ele>
      </trkpt>
      <trkpt lat="42.987812" lon="10.495561">
        <ele>61.3</ele>
      </trkpt>
      <trkpt lat="42.987799" lon="10.495553">
        <ele>61.6</ele>
      </trkpt>
      <trkpt lat="42.987785" lon="10.495542">
        <ele>61.9</ele>
      </trkpt>
      <trkpt lat="42.987768" lon="10.495533">
        <ele>62.2</ele>
      </trkpt>
      <trkpt lat="42.987754" lon="10.495521">
        <ele>62.5</ele>
      </trkpt>
      <trkpt lat="42.98774" lon="10.495512">
        <ele>62.8</ele>
      </trkpt>
      <trkpt lat="42.987732" lon="10.495501">
        <ele>63.0</ele>
      </trkpt>
      <trkpt lat="42.987719" lon="10.495492">
        <ele>63.2</ele>
      </trkpt>
      <trkpt lat="42.987705" lon="10.495481">
        <ele>63.5</ele>
      </trkpt>
      <trkpt lat="42.98769" lon="10.495468">
        <ele>63.8</ele>
      </trkpt>
      <trkpt lat="42.987672" lon="10.495458">
        <ele>64.1</ele>
      </trkpt>
      <trkpt lat="42.987656" lon="10.495449">
        <ele>64.3</ele>
      </trkpt>
      <trkpt lat="42.987638" lon="10.495441">
        <ele>64.6</ele>
      </trkpt>
      <trkpt lat="42.987623" lon="10.495435">
        <ele>64.8</ele>
      </trkpt>
      <trkpt lat="42.987609" lon="10.495423">
        <ele>65.1</ele>
      </trkpt>
      <trkpt lat="42.987593" lon="10.495412">
        <ele>65.3</ele>
      </trkpt>
      <trkpt lat="42.987577" lon="10.495405">
        <ele>65.6</ele>
      </trkpt>
      <trkpt lat="42.987561" lon="10.495394">
        <ele>65.8</ele>
      </trkpt>
      <trkpt lat="42.987546" lon="10.495383">
        <ele>66.0</ele>
      </trkpt>
      <trkpt lat="42.987531" lon="10.49537">
        <ele>66.3</ele>
      </trkpt>
      <trkpt lat="42.987516" lon="10.495358">
        <ele>66.5</ele>
      </trkpt>
      <trkpt lat="42.987504" lon="10.495344">
        <ele>66.6</ele>
      </trkpt>
      <trkpt lat="42.987493" lon="10.495331">
        <ele>66.8</ele>
      </trkpt>
      <trkpt lat="42.987475" lon="10.495329">
        <ele>67.0</ele>
      </trkpt>
      <trkpt lat="42.987463" lon="10.495324">
        <ele>67.1</ele>
      </trkpt>
      <trkpt lat="42.987452" lon="10.495313">
        <ele>67.3</ele>
      </trkpt>
      <trkpt lat="42.987444" lon="10.495307">
        <ele>67.4</ele>
      </trkpt>
      <trkpt lat="42.987432" lon="10.495292">
        <ele>67.5</ele>
      </trkpt>
      <trkpt lat="42.987425" lon="10.495278">
        <ele>67.5</ele>
      </trkpt>
      <trkpt lat="42.987415" lon="10.495268">
        <ele>67.7</ele>
      </trkpt>
      <trkpt lat="42.987402" lon="10.495256">
        <ele>68.0</ele>
      </trkpt>
      <trkpt lat="42.987387" lon="10.495247">
        <ele>68.3</ele>
      </trkpt>
      <trkpt lat="42.987372" lon="10.495234">
        <ele>68.6</ele>
      </trkpt>
      <trkpt lat="42.98736" lon="10.495214">
        <ele>69.0</ele>
      </trkpt>
      <trkpt lat="42.987347" lon="10.495199">
        <ele>69.3</ele>
      </trkpt>
      <trkpt lat="42.987333" lon="10.495187">
        <ele>69.6</ele>
      </trkpt>
      <trkpt lat="42.987318" lon="10.495168">
        <ele>69.9</ele>
      </trkpt>
      <trkpt lat="42.987302" lon="10.495148">
        <ele>70.3</ele>
      </trkpt>
      <trkpt lat="42.987286" lon="10.495125">
        <ele>70.7</ele>
      </trkpt>
      <trkpt lat="42.987271" lon="10.495101">
        <ele>71.0</ele>
      </trkpt>
      <trkpt lat="42.987253" lon="10.495079">
        <ele>71.4</ele>
      </trkpt>
      <trkpt lat="42.987234" lon="10.495054">
        <ele>71.8</ele>
      </trkpt>
      <trkpt lat="42.987218" lon="10.495031">
        <ele>72.1</ele>
      </trkpt>
      <trkpt lat="42.987201" lon="10.495008">
        <ele>72.5</ele>
      </trkpt>
      <trkpt lat="42.987183" lon="10.494986">
        <ele>72.7</ele>
      </trkpt>
      <trkpt lat="42.987167" lon="10.494966">
        <ele>73.0</ele>
      </trkpt>
      <trkpt lat="42.987148" lon="10.494949">
        <ele>73.2</ele>
      </trkpt>
      <trkpt lat="42.987134" lon="10.494927">
        <ele>73.6</ele>
      </trkpt>
      <trkpt lat="42.987117" lon="10.494906">
        <ele>74.2</ele>
      </trkpt>
      <trkpt lat="42.9871" lon="10.494885">
        <ele>74.7</ele>
      </trkpt>
      <trkpt lat="42.987083" lon="10.494865">
        <ele>75.2</ele>
      </trkpt>
      <trkpt lat="42.987068" lon="10.494847">
        <ele>75.7</ele>
      </trkpt>
      <trkpt lat="42.987053" lon="10.494828">
        <ele>76.2</ele>
      </trkpt>
      <trkpt lat="42.987035" lon="10.494809">
        <ele>76.6</ele>
      </trkpt>
      <trkpt lat="42.987023" lon="10.494795">
        <ele>77.0</ele>
      </trkpt>
      <trkpt lat="42.987003" lon="10.494776">
        <ele>77.5</ele>
      </trkpt>
      <trkpt lat="42.986988" lon="10.494753">
        <ele>77.9</ele>
      </trkpt>
      <trkpt lat="42.98697" lon="10.494725">
        <ele>78.4</ele>
      </trkpt>
      <trkpt lat="42.986951" lon="10.494699">
        <ele>78.9</ele>
      </trkpt>
      <trkpt lat="42.986939" lon="10.494683">
        <ele>79.2</ele>
      </trkpt>
      <trkpt lat="42.986926" lon="10.494668">
        <ele>79.5</ele>
      </trkpt>
      <trkpt lat="42.986914" lon="10.494651">
        <ele>79.7</ele>
      </trkpt>
      <trkpt lat="42.986903" lon="10.49464">
        <ele>80.0</ele>
      </trkpt>
      <trkpt lat="42.986885" lon="10.494629">
        <ele>80.3</ele>
      </trkpt>
      <trkpt lat="42.986869" lon="10.494616">
        <ele>80.6</ele>
      </trkpt>
      <trkpt lat="42.986856" lon="10.494604">
        <ele>80.9</ele>
      </trkpt>
      <trkpt lat="42.986847" lon="10.494589">
        <ele>81.1</ele>
      </trkpt>
      <trkpt lat="42.986837" lon="10.494572">
        <ele>81.2</ele>
      </trkpt>
      <trkpt lat="42.986814" lon="10.494554">
        <ele>81.6</ele>
      </trkpt>
      <trkpt lat="42.986793" lon="10.494542">
        <ele>82.0</ele>
      </trkpt>
      <trkpt lat="42.986773" lon="10.494524">
        <ele>82.3</ele>
      </trkpt>
      <trkpt lat="42.986753" lon="10.494509">
        <ele>82.6</ele>
      </trkpt>
      <trkpt lat="42.98673" lon="10.494492">
        <ele>83.0</ele>
      </trkpt>
      <trkpt lat="42.986712" lon="10.494478">
        <ele>83.2</ele>
      </trkpt>
      <trkpt lat="42.986697" lon="10.494462">
        <ele>83.4</ele>
      </trkpt>
      <trkpt lat="42.986679" lon="10.494453">
        <ele>83.7</ele>
      </trkpt>
      <trkpt lat="42.986663" lon="10.494444">
        <ele>83.9</ele>
      </trkpt>
      <trkpt lat="42.986642" lon="10.494434">
        <ele>84.2</ele>
      </trkpt>
      <trkpt lat="42.986624" lon="10.494427">
        <ele>84.6</ele>
      </trkpt>
      <trkpt lat="42.986603" lon="10.494415">
        <ele>85.0</ele>
      </trkpt>
      <trkpt lat="42.986584" lon="10.494409">
        <ele>85.4</ele>
      </trkpt>
      <trkpt lat="42.986569" lon="10.494404">
        <ele>85.7</ele>
      </trkpt>
      <trkpt lat="42.986542" lon="10.494403">
        <ele>86.1</ele>
      </trkpt>
      <trkpt lat="42.986525" lon="10.494382">
        <ele>86.6</ele>
      </trkpt>
      <trkpt lat="42.986507" lon="10.49437">
        <ele>87.0</ele>
      </trkpt>
      <trkpt lat="42.986491" lon="10.494355">
        <ele>87.5</ele>
      </trkpt>
      <trkpt lat="42.986471" lon="10.494347">
        <ele>87.8</ele>
      </trkpt>
      <trkpt lat="42.986453" lon="10.494349">
        <ele>88.0</ele>
      </trkpt>
      <trkpt lat="42.986435" lon="10.494352">
        <ele>88.3</ele>
      </trkpt>
      <trkpt lat="42.986415" lon="10.494346">
        <ele>88.6</ele>
      </trkpt>
      <trkpt lat="42.986409" lon="10.494321">
        <ele>89.0</ele>
      </trkpt>
      <trkpt lat="42.986401" lon="10.494298">
        <ele>89.4</ele>
      </trkpt>
      <trkpt lat="42.986387" lon="10.494281">
        <ele>89.8</ele>
      </trkpt>
      <trkpt lat="42.986371" lon="10.494269">
        <ele>90.2</ele>
      </trkpt>
      <trkpt lat="42.986352" lon="10.494259">
        <ele>90.5</ele>
      </trkpt>
      <trkpt lat="42.986333" lon="10.49425">
        <ele>90.9</ele>
      </trkpt>
      <trkpt lat="42.986315" lon="10.494242">
        <ele>91.2</ele>
      </trkpt>
      <trkpt lat="42.986297" lon="10.494231">
        <ele>91.7</ele>
      </trkpt>
      <trkpt lat="42.986281" lon="10.494215">
        <ele>92.3</ele>
      </trkpt>
      <trkpt lat="42.986267" lon="10.494201">
        <ele>92.8</ele>
      </trkpt>
      <trkpt lat="42.986253" lon="10.494186">
        <ele>93.3</ele>
      </trkpt>
      <trkpt lat="42.98624" lon="10.494176">
        <ele>93.7</ele>
      </trkpt>
      <trkpt lat="42.986228" lon="10.494163">
        <ele>94.1</ele>
      </trkpt>
      <trkpt lat="42.986212" lon="10.494151">
        <ele>94.6</ele>
      </trkpt>
      <trkpt lat="42.986203" lon="10.494133">
        <ele>95.0</ele>
      </trkpt>
      <trkpt lat="42.986191" lon="10.494122">
        <ele>95.4</ele>
      </trkpt>
      <trkpt lat="42.986179" lon="10.494112">
        <ele>95.8</ele>
      </trkpt>
      <trkpt lat="42.986157" lon="10.494103">
        <ele>96.3</ele>
      </trkpt>
      <trkpt lat="42.986152" lon="10.494079">
        <ele>96.6</ele>
      </trkpt>
      <trkpt lat="42.986136" lon="10.494068">
        <ele>97.1</ele>
      </trkpt>
      <trkpt lat="42.986124" lon="10.494061">
        <ele>97.4</ele>
      </trkpt>
      <trkpt lat="42.986113" lon="10.49405">
        <ele>97.7</ele>
      </trkpt>
      <trkpt lat="42.9861" lon="10.494041">
        <ele>98.0</ele>
      </trkpt>
      <trkpt lat="42.986094" lon="10.49403">
        <ele>98.3</ele>
      </trkpt>
      <trkpt lat="42.986077" lon="10.494019">
        <ele>98.7</ele>
      </trkpt>
      <trkpt lat="42.986064" lon="10.494003">
        <ele>99.1</ele>
      </trkpt>
      <trkpt lat="42.986047" lon="10.494">
        <ele>99.4</ele>
      </trkpt>
      <trkpt lat="42.986028" lon="10.494">
        <ele>99.8</ele>
      </trkpt>
      <trkpt lat="42.98601" lon="10.493999">
        <ele>100.2</ele>
      </trkpt>
      <trkpt lat="42.985993" lon="10.493997">
        <ele>100.5</ele>
      </trkpt>
      <trkpt lat="42.985977" lon="10.493987">
        <ele>100.9</ele>
      </trkpt>
      <trkpt lat="42.985965" lon="10.493999">
        <ele>101.1</ele>
      </trkpt>
      <trkpt lat="42.985953" lon="10.49401">
        <ele>101.3</ele>
      </trkpt>
      <trkpt lat="42.985941" lon="10.49402">
        <ele>101.4</ele>
      </trkpt>
      <trkpt lat="42.985932" lon="10.494033">
        <ele>101.6</ele>
      </trkpt>
      <trkpt lat="42.985926" lon="10.494051">
        <ele>101.6</ele>
      </trkpt>
      <trkpt lat="42.985925" lon="10.49407">
        <ele>101.5</ele>
      </trkpt>
      <trkpt lat="42.985925" lon="10.494084">
        <ele>101.5</ele>
      </trkpt>
      <trkpt lat="42.985931" lon="10.494099">
        <ele>101.3</ele>
      </trkpt>
      <trkpt lat="42.985934" lon="10.494117">
        <ele>101.2</ele>
      </trkpt>
      <trkpt lat="42.985932" lon="10.494135">
        <ele>101.1</ele>
      </trkpt>
      <trkpt lat="42.985938" lon="10.494155">
        <ele>100.9</ele>
      </trkpt>
      <trkpt lat="42.985938" lon="10.49417">
        <ele>100.8</ele>
      </trkpt>
      <trkpt lat="42.985942" lon="10.494189">
        <ele>100.6</ele>
      </trkpt>
      <trkpt lat="42.985944" lon="10.494212">
        <ele>100.5</ele>
      </trkpt>
      <trkpt lat="42.985951" lon="10.494233">
        <ele>100.2</ele>
      </trkpt>
      <trkpt lat="42.985954" lon="10.494258">
        <ele>100.0</ele>
      </trkpt>
      <trkpt lat="42.985959" lon="10.494277">
        <ele>99.8</ele>
      </trkpt>
      <trkpt lat="42.985965" lon="10.494299">
        <ele>99.5</ele>
      </trkpt>
      <trkpt lat="42.985977" lon="10.494321">
        <ele>99.1</ele>
      </trkpt>
      <trkpt lat="42.985983" lon="10.494344">
        <ele>98.8</ele>
      </trkpt>
      <trkpt lat="42.985992" lon="10.494367">
        <ele>98.5</ele>
      </trkpt>
      <trkpt lat="42.986005" lon="10.494393">
        <ele>98.0</ele>
      </trkpt>
      <trkpt lat="42.986008" lon="10.494416">
        <ele>97.7</ele>
      </trkpt>
      <trkpt lat="42.986012" lon="10.494434">
        <ele>97.5</ele>
      </trkpt>
      <trkpt lat="42.986019" lon="10.494459">
        <ele>97.6</ele>
      </trkpt>
      <trkpt lat="42.986032" lon="10.494479">
        <ele>97.5</ele>
      </trkpt>
      <trkpt lat="42.986033" lon="10.494505">
        <ele>97.8</ele>
      </trkpt>
      <trkpt lat="42.986046" lon="10.494524">
        <ele>97.7</ele>
      </trkpt>
      <trkpt lat="42.986059" lon="10.494545">
        <ele>97.6</ele>
      </trkpt>
      <trkpt lat="42.986071" lon="10.494572">
        <ele>97.6</ele>
      </trkpt>
      <trkpt lat="42.986081" lon="10.494597">
        <ele>97.7</ele>
      </trkpt>
      <trkpt lat="42.98609" lon="10.49462">
        <ele>97.7</ele>
      </trkpt>
      <trkpt lat="42.986098" lon="10.494647">
        <ele>97.8</ele>
      </trkpt>
      <trkpt lat="42.986105" lon="10.494674">
        <ele>98.0</ele>
      </trkpt>
      <trkpt lat="42.98611" lon="10.494698">
        <ele>98.1</ele>
      </trkpt>
      <trkpt lat="42.986122" lon="10.494718">
        <ele>98.0</ele>
      </trkpt>
      <trkpt lat="42.986135" lon="10.494744">
        <ele>97.9</ele>
      </trkpt>
      <trkpt lat="42.986146" lon="10.494767">
        <ele>97.9</ele>
      </trkpt>
      <trkpt lat="42.986157" lon="10.494793">
        <ele>97.8</ele>
      </trkpt>
      <trkpt lat="42.986167" lon="10.494822">
        <ele>97.8</ele>
      </trkpt>
      <trkpt lat="42.98618" lon="10.494851">
        <ele>97.8</ele>
      </trkpt>
      <trkpt lat="42.98619" lon="10.494877">
        <ele>97.8</ele>
      </trkpt>
      <trkpt lat="42.986199" lon="10.494906">
        <ele>97.8</ele>
      </trkpt>
      <trkpt lat="42.986209" lon="10.494933">
        <ele>97.8</ele>
      </trkpt>
      <trkpt lat="42.986214" lon="10.49496">
        <ele>97.9</ele>
      </trkpt>
      <trkpt lat="42.986223" lon="10.494988">
        <ele>97.9</ele>
      </trkpt>
      <trkpt lat="42.986232" lon="10.495011">
        <ele>97.9</ele>
      </trkpt>
      <trkpt lat="42.986238" lon="10.495041">
        <ele>98.0</ele>
      </trkpt>
      <trkpt lat="42.986251" lon="10.495068">
        <ele>97.9</ele>
      </trkpt>
      <trkpt lat="42.986258" lon="10.495097">
        <ele>97.9</ele>
      </trkpt>
      <trkpt lat="42.986273" lon="10.495123">
        <ele>97.6</ele>
      </trkpt>
      <trkpt lat="42.98628" lon="10.495149">
        <ele>97.7</ele>
      </trkpt>
      <trkpt lat="42.986284" lon="10.495178">
        <ele>97.8</ele>
      </trkpt>
      <trkpt lat="42.986296" lon="10.495206">
        <ele>97.7</ele>
      </trkpt>
      <trkpt lat="42.986311" lon="10.495233">
        <ele>97.4</ele>
      </trkpt>
      <trkpt lat="42.986326" lon="10.495258">
        <ele>97.2</ele>
      </trkpt>
      <trkpt lat="42.986338" lon="10.495285">
        <ele>97.2</ele>
      </trkpt>
      <trkpt lat="42.986339" lon="10.495322">
        <ele>97.6</ele>
      </trkpt>
      <trkpt lat="42.986348" lon="10.495351">
        <ele>97.8</ele>
      </trkpt>
      <trkpt lat="42.986358" lon="10.495381">
        <ele>97.8</ele>
      </trkpt>
      <trkpt lat="42.986369" lon="10.495411">
        <ele>97.9</ele>
      </trkpt>
      <trkpt lat="42.986377" lon="10.495445">
        <ele>98.1</ele>
      </trkpt>
      <trkpt lat="42.986386" lon="10.495483">
        <ele>98.3</ele>
      </trkpt>
      <trkpt lat="42.986382" lon="10.495511">
        <ele>98.8</ele>
      </trkpt>
      <trkpt lat="42.986386" lon="10.495541">
        <ele>99.1</ele>
      </trkpt>
      <trkpt lat="42.986393" lon="10.495576">
        <ele>99.4</ele>
      </trkpt>
      <trkpt lat="42.986398" lon="10.495608">
        <ele>99.6</ele>
      </trkpt>
      <trkpt lat="42.986405" lon="10.495638">
        <ele>99.8</ele>
      </trkpt>
      <trkpt lat="42.986405" lon="10.49567">
        <ele>100.2</ele>
      </trkpt>
      <trkpt lat="42.986399" lon="10.495703">
        <ele>100.9</ele>
      </trkpt>
      <trkpt lat="42.986408" lon="10.495734">
        <ele>101.0</ele>
      </trkpt>
      <trkpt lat="42.986416" lon="10.495762">
        <ele>101.0</ele>
      </trkpt>
      <trkpt lat="42.986423" lon="10.495794">
        <ele>101.3</ele>
      </trkpt>
      <trkpt lat="42.986421" lon="10.495826">
        <ele>101.7</ele>
      </trkpt>
      <trkpt lat="42.986425" lon="10.495857">
        <ele>102.0</ele>
      </trkpt>
      <trkpt lat="42.986427" lon="10.495887">
        <ele>102.3</ele>
      </trkpt>
      <trkpt lat="42.986431" lon="10.495915">
        <ele>102.5</ele>
      </trkpt>
      <trkpt lat="42.98644" lon="10.495944">
        <ele>102.6</ele>
      </trkpt>
      <trkpt lat="42.986441" lon="10.495974">
        <ele>103.0</ele>
      </trkpt>
      <trkpt lat="42.986449" lon="10.496001">
        <ele>103.0</ele>
      </trkpt>
      <trkpt lat="42.986462" lon="10.496025">
        <ele>102.8</ele>
      </trkpt>
      <trkpt lat="42.986472" lon="10.496047">
        <ele>102.7</ele>
      </trkpt>
      <trkpt lat="42.986479" lon="10.496073">
        <ele>102.8</ele>
      </trkpt>
      <trkpt lat="42.986484" lon="10.496101">
        <ele>102.9</ele>
      </trkpt>
      <trkpt lat="42.986496" lon="10.496129">
        <ele>102.7</ele>
      </trkpt>
      <trkpt lat="42.986511" lon="10.496159">
        <ele>102.3</ele>
      </trkpt>
      <trkpt lat="42.986519" lon="10.496188">
        <ele>102.2</ele>
      </trkpt>
      <trkpt lat="42.986527" lon="10.496216">
        <ele>102.0</ele>
      </trkpt>
      <trkpt lat="42.986535" lon="10.496241">
        <ele>101.9</ele>
      </trkpt>
      <trkpt lat="42.986545" lon="10.496266">
        <ele>101.7</ele>
      </trkpt>
      <trkpt lat="42.986555" lon="10.496292">
        <ele>101.5</ele>
      </trkpt>
      <trkpt lat="42.986563" lon="10.496316">
        <ele>101.4</ele>
      </trkpt>
      <trkpt lat="42.98658" lon="10.496343">
        <ele>100.9</ele>
      </trkpt>
      <trkpt lat="42.986595" lon="10.496364">
        <ele>100.5</ele>
      </trkpt>
      <trkpt lat="42.986606" lon="10.496391">
        <ele>100.3</ele>
      </trkpt>
      <trkpt lat="42.986614" lon="10.49642">
        <ele>100.1</ele>
      </trkpt>
      <trkpt lat="42.986617" lon="10.496445">
        <ele>100.2</ele>
      </trkpt>
      <trkpt lat="42.986626" lon="10.496467">
        <ele>100.0</ele>
      </trkpt>
      <trkpt lat="42.986635" lon="10.49649">
        <ele>99.9</ele>
      </trkpt>
      <trkpt lat="42.986641" lon="10.496513">
        <ele>99.8</ele>
      </trkpt>
      <trkpt lat="42.986646" lon="10.496542">
        <ele>99.8</ele>
      </trkpt>
      <trkpt lat="42.986646" lon="10.496572">
        <ele>100.0</ele>
      </trkpt>
      <trkpt lat="42.986636" lon="10.496595">
        <ele>100.6</ele>
      </trkpt>
      <trkpt lat="42.98662" lon="10.496613">
        <ele>101.3</ele>
      </trkpt>
      <trkpt lat="42.9866" lon="10.496626">
        <ele>102.2</ele>
      </trkpt>
      <trkpt lat="42.986579" lon="10.496631">
        <ele>103.0</ele>
      </trkpt>
      <trkpt lat="42.986563" lon="10.496629">
        <ele>103.6</ele>
      </trkpt>
      <trkpt lat="42.986549" lon="10.496609">
        <ele>104.0</ele>
      </trkpt>
      <trkpt lat="42.986534" lon="10.496596">
        <ele>104.5</ele>
      </trkpt>
      <trkpt lat="42.986519" lon="10.496581">
        <ele>104.9</ele>
      </trkpt>
      <trkpt lat="42.986506" lon="10.496564">
        <ele>105.3</ele>
      </trkpt>
      <trkpt lat="42.986495" lon="10.496554">
        <ele>105.6</ele>
      </trkpt>
      <trkpt lat="42.986482" lon="10.496538">
        <ele>106.0</ele>
      </trkpt>
      <trkpt lat="42.986466" lon="10.496525">
        <ele>106.5</ele>
      </trkpt>
      <trkpt lat="42.98645" lon="10.496508">
        <ele>107.0</ele>
      </trkpt>
      <trkpt lat="42.986437" lon="10.496492">
        <ele>107.4</ele>
      </trkpt>
      <trkpt lat="42.986423" lon="10.496475">
        <ele>107.8</ele>
      </trkpt>
      <trkpt lat="42.986415" lon="10.496456">
        <ele>107.9</ele>
      </trkpt>
      <trkpt lat="42.986404" lon="10.496434">
        <ele>108.3</ele>
      </trkpt>
      <trkpt lat="42.986391" lon="10.496419">
        <ele>108.7</ele>
      </trkpt>
      <trkpt lat="42.986377" lon="10.4964">
        <ele>109.1</ele>
      </trkpt>
      <trkpt lat="42.986366" lon="10.496378">
        <ele>109.4</ele>
      </trkpt>
      <trkpt lat="42.986353" lon="10.496358">
        <ele>109.7</ele>
      </trkpt>
      <trkpt lat="42.986338" lon="10.496341">
        <ele>110.2</ele>
      </trkpt>
      <trkpt lat="42.986324" lon="10.496332">
        <ele>110.7</ele>
      </trkpt>
      <trkpt lat="42.98631" lon="10.49632">
        <ele>111.2</ele>
      </trkpt>
      <trkpt lat="42.9863" lon="10.496303">
        <ele>111.4</ele>
      </trkpt>
      <trkpt lat="42.986295" lon="10.496274">
        <ele>111.4</ele>
      </trkpt>
      <trkpt lat="42.98628" lon="10.496259">
        <ele>111.9</ele>
      </trkpt>
      <trkpt lat="42.986273" lon="10.496241">
        <ele>112.0</ele>
      </trkpt>
      <trkpt lat="42.986266" lon="10.496215">
        <ele>112.2</ele>
      </trkpt>
      <trkpt lat="42.986255" lon="10.496185">
        <ele>112.4</ele>
      </trkpt>
      <trkpt lat="42.986242" lon="10.496159">
        <ele>112.8</ele>
      </trkpt>
      <trkpt lat="42.986238" lon="10.496132">
        <ele>112.8</ele>
      </trkpt>
      <trkpt lat="42.986232" lon="10.496103">
        <ele>112.9</ele>
      </trkpt>
      <trkpt lat="42.986223" lon="10.496079">
        <ele>112.8</ele>
      </trkpt>
      <trkpt lat="42.986215" lon="10.496054">
        <ele>112.8</ele>
      </trkpt>
      <trkpt lat="42.986205" lon="10.496029">
        <ele>112.8</ele>
      </trkpt>
      <trkpt lat="42.986194" lon="10.495995">
        <ele>112.8</ele>
      </trkpt>
      <trkpt lat="42.986178" lon="10.495957">
        <ele>112.9</ele>
      </trkpt>
      <trkpt lat="42.986167" lon="10.49593">
        <ele>112.9</ele>
      </trkpt>
      <trkpt lat="42.986165" lon="10.495911">
        <ele>112.7</ele>
      </trkpt>
      <trkpt lat="42.986154" lon="10.495885">
        <ele>112.7</ele>
      </trkpt>
      <trkpt lat="42.98615" lon="10.495853">
        <ele>112.5</ele>
      </trkpt>
      <trkpt lat="42.986148" lon="10.495823">
        <ele>112.1</ele>
      </trkpt>
      <trkpt lat="42.986137" lon="10.495791">
        <ele>112.1</ele>
      </trkpt>
      <trkpt lat="42.986128" lon="10.495768">
        <ele>112.1</ele>
      </trkpt>
      <trkpt lat="42.986115" lon="10.495742">
        <ele>112.2</ele>
      </trkpt>
      <trkpt lat="42.986105" lon="10.495716">
        <ele>112.3</ele>
      </trkpt>
      <trkpt lat="42.98609" lon="10.495691">
        <ele>112.5</ele>
      </trkpt>
      <trkpt lat="42.986074" lon="10.495672">
        <ele>112.9</ele>
      </trkpt>
      <trkpt lat="42.986056" lon="10.495654">
        <ele>113.3</ele>
      </trkpt>
      <trkpt lat="42.986041" lon="10.495633">
        <ele>113.6</ele>
      </trkpt>
      <trkpt lat="42.986022" lon="10.495613">
        <ele>114.0</ele>
      </trkpt>
      <trkpt lat="42.986008" lon="10.495595">
        <ele>114.4</ele>
      </trkpt>
      <trkpt lat="42.985989" lon="10.49557">
        <ele>114.7</ele>
      </trkpt>
      <trkpt lat="42.98597" lon="10.495555">
        <ele>115.3</ele>
      </trkpt>
      <trkpt lat="42.985952" lon="10.495541">
        <ele>115.8</ele>
      </trkpt>
      <trkpt lat="42.98594" lon="10.495529">
        <ele>116.1</ele>
      </trkpt>
      <trkpt lat="42.985925" lon="10.495517">
        <ele>116.5</ele>
      </trkpt>
      <trkpt lat="42.985907" lon="10.495507">
        <ele>117.1</ele>
      </trkpt>
      <trkpt lat="42.985892" lon="10.495498">
        <ele>117.6</ele>
      </trkpt>
      <trkpt lat="42.985876" lon="10.495483">
        <ele>118.0</ele>
      </trkpt>
      <trkpt lat="42.985861" lon="10.495469">
        <ele>118.4</ele>
      </trkpt>
      <trkpt lat="42.985847" lon="10.495461">
        <ele>118.8</ele>
      </trkpt>
      <trkpt lat="42.98583" lon="10.495453">
        <ele>119.4</ele>
      </trkpt>
      <trkpt lat="42.985816" lon="10.495442">
        <ele>119.8</ele>
      </trkpt>
      <trkpt lat="42.985805" lon="10.495426">
        <ele>120.0</ele>
      </trkpt>
      <trkpt lat="42.985787" lon="10.495407">
        <ele>120.5</ele>
      </trkpt>
      <trkpt lat="42.985773" lon="10.495387">
        <ele>120.8</ele>
      </trkpt>
      <trkpt lat="42.985758" lon="10.495366">
        <ele>121.0</ele>
      </trkpt>
      <trkpt lat="42.985746" lon="10.495348">
        <ele>121.3</ele>
      </trkpt>
      <trkpt lat="42.985733" lon="10.495334">
        <ele>121.6</ele>
      </trkpt>
      <trkpt lat="42.985719" lon="10.495323">
        <ele>122.0</ele>
      </trkpt>
      <trkpt lat="42.985705" lon="10.495308">
        <ele>122.3</ele>
      </trkpt>
      <trkpt lat="42.985691" lon="10.495293">
        <ele>122.7</ele>
      </trkpt>
      <trkpt lat="42.98568" lon="10.495274">
        <ele>122.8</ele>
      </trkpt>
      <trkpt lat="42.985673" lon="10.495255">
        <ele>122.8</ele>
      </trkpt>
      <trkpt lat="42.985667" lon="10.495237">
        <ele>122.7</ele>
      </trkpt>
      <trkpt lat="42.985662" lon="10.495218">
        <ele>122.6</ele>
      </trkpt>
      <trkpt lat="42.985651" lon="10.495204">
        <ele>122.6</ele>
      </trkpt>
      <trkpt lat="42.985644" lon="10.49519">
        <ele>122.7</ele>
      </trkpt>
      <trkpt lat="42.985633" lon="10.495171">
        <ele>122.8</ele>
      </trkpt>
      <trkpt lat="42.985623" lon="10.495149">
        <ele>122.6</ele>
      </trkpt>
      <trkpt lat="42.985615" lon="10.495125">
        <ele>122.6</ele>
      </trkpt>
      <trkpt lat="42.985601" lon="10.495105">
        <ele>122.6</ele>
      </trkpt>
      <trkpt lat="42.985591" lon="10.495083">
        <ele>122.5</ele>
      </trkpt>
      <trkpt lat="42.985586" lon="10.49506">
        <ele>122.3</ele>
      </trkpt>
      <trkpt lat="42.985571" lon="10.49504">
        <ele>122.5</ele>
      </trkpt>
      <trkpt lat="42.985556" lon="10.495023">
        <ele>122.7</ele>
      </trkpt>
      <trkpt lat="42.985546" lon="10.495005">
        <ele>122.6</ele>
      </trkpt>
      <trkpt lat="42.985536" lon="10.494983">
        <ele>122.5</ele>
      </trkpt>
      <trkpt lat="42.985522" lon="10.494966">
        <ele>122.6</ele>
      </trkpt>
      <trkpt lat="42.985505" lon="10.494954">
        <ele>123.0</ele>
      </trkpt>
      <trkpt lat="42.985489" lon="10.49495">
        <ele>123.5</ele>
      </trkpt>
      <trkpt lat="42.985476" lon="10.494935">
        <ele>123.6</ele>
      </trkpt>
      <trkpt lat="42.985467" lon="10.494916">
        <ele>123.6</ele>
      </trkpt>
      <trkpt lat="42.98546" lon="10.494895">
        <ele>123.5</ele>
      </trkpt>
      <trkpt lat="42.985449" lon="10.494877">
        <ele>123.4</ele>
      </trkpt>
      <trkpt lat="42.985437" lon="10.494854">
        <ele>123.4</ele>
      </trkpt>
      <trkpt lat="42.985426" lon="10.494835">
        <ele>123.4</ele>
      </trkpt>
      <trkpt lat="42.985409" lon="10.494814">
        <ele>123.6</ele>
      </trkpt>
      <trkpt lat="42.985391" lon="10.494798">
        <ele>124.0</ele>
      </trkpt>
      <trkpt lat="42.985375" lon="10.494785">
        <ele>124.3</ele>
      </trkpt>
      <trkpt lat="42.985364" lon="10.494774">
        <ele>124.5</ele>
      </trkpt>
      <trkpt lat="42.985355" lon="10.494765">
        <ele>124.7</ele>
      </trkpt>
      <trkpt lat="42.985342" lon="10.494753">
        <ele>124.9</ele>
      </trkpt>
      <trkpt lat="42.985327" lon="10.494741">
        <ele>125.2</ele>
      </trkpt>
      <trkpt lat="42.985311" lon="10.494734">
        <ele>125.7</ele>
      </trkpt>
      <trkpt lat="42.985293" lon="10.49472">
        <ele>126.0</ele>
      </trkpt>
      <trkpt lat="42.985278" lon="10.494707">
        <ele>126.3</ele>
      </trkpt>
      <trkpt lat="42.985264" lon="10.494692">
        <ele>126.5</ele>
      </trkpt>
      <trkpt lat="42.985252" lon="10.494675">
        <ele>126.6</ele>
      </trkpt>
      <trkpt lat="42.985235" lon="10.494658">
        <ele>126.8</ele>
      </trkpt>
      <trkpt lat="42.985219" lon="10.494639">
        <ele>127.0</ele>
      </trkpt>
      <trkpt lat="42.985203" lon="10.49462">
        <ele>127.2</ele>
      </trkpt>
      <trkpt lat="42.985189" lon="10.494601">
        <ele>127.3</ele>
      </trkpt>
      <trkpt lat="42.985177" lon="10.49458">
        <ele>127.3</ele>
      </trkpt>
      <trkpt lat="42.985164" lon="10.494563">
        <ele>127.4</ele>
      </trkpt>
      <trkpt lat="42.98515" lon="10.494538">
        <ele>127.3</ele>
      </trkpt>
      <trkpt lat="42.985135" lon="10.494517">
        <ele>127.4</ele>
      </trkpt>
      <trkpt lat="42.985119" lon="10.494505">
        <ele>127.8</ele>
      </trkpt>
      <trkpt lat="42.985102" lon="10.494487">
        <ele>127.9</ele>
      </trkpt>
      <trkpt lat="42.985081" lon="10.494462">
        <ele>128.2</ele>
      </trkpt>
      <trkpt lat="42.985063" lon="10.494444">
        <ele>128.4</ele>
      </trkpt>
      <trkpt lat="42.985044" lon="10.49442">
        <ele>128.7</ele>
      </trkpt>
      <trkpt lat="42.985029" lon="10.4944">
        <ele>129.0</ele>
      </trkpt>
      <trkpt lat="42.985014" lon="10.494377">
        <ele>129.3</ele>
      </trkpt>
      <trkpt lat="42.984998" lon="10.494352">
        <ele>129.4</ele>
      </trkpt>
      <trkpt lat="42.98498" lon="10.494328">
        <ele>129.7</ele>
      </trkpt>
      <trkpt lat="42.984967" lon="10.494302">
        <ele>129.7</ele>
      </trkpt>
      <trkpt lat="42.98495" lon="10.494275">
        <ele>129.8</ele>
      </trkpt>
      <trkpt lat="42.984939" lon="10.49425">
        <ele>129.8</ele>
      </trkpt>
      <trkpt lat="42.984926" lon="10.49422">
        <ele>129.8</ele>
      </trkpt>
      <trkpt lat="42.984914" lon="10.494187">
        <ele>129.6</ele>
      </trkpt>
      <trkpt lat="42.984896" lon="10.494158">
        <ele>129.6</ele>
      </trkpt>
      <trkpt lat="42.984872" lon="10.494128">
        <ele>129.8</ele>
      </trkpt>
      <trkpt lat="42.984847" lon="10.494103">
        <ele>130.1</ele>
      </trkpt>
      <trkpt lat="42.984827" lon="10.494078">
        <ele>130.3</ele>
      </trkpt>
      <trkpt lat="42.984804" lon="10.494049">
        <ele>130.4</ele>
      </trkpt>
      <trkpt lat="42.984783" lon="10.494032">
        <ele>130.7</ele>
      </trkpt>
      <trkpt lat="42.984758" lon="10.494002">
        <ele>130.8</ele>
      </trkpt>
      <trkpt lat="42.984741" lon="10.493987">
        <ele>130.9</ele>
      </trkpt>
      <trkpt lat="42.984723" lon="10.493972">
        <ele>131.1</ele>
      </trkpt>
      <trkpt lat="42.984703" lon="10.493956">
        <ele>131.3</ele>
      </trkpt>
      <trkpt lat="42.984679" lon="10.493933">
        <ele>131.5</ele>
      </trkpt>
      <trkpt lat="42.984656" lon="10.493913">
        <ele>131.6</ele>
      </trkpt>
      <trkpt lat="42.984638" lon="10.493892">
        <ele>131.6</ele>
      </trkpt>
      <trkpt lat="42.984617" lon="10.493874">
        <ele>131.8</ele>
      </trkpt>
      <trkpt lat="42.984596" lon="10.493858">
        <ele>132.1</ele>
      </trkpt>
      <trkpt lat="42.984568" lon="10.49384">
        <ele>132.5</ele>
      </trkpt>
      <trkpt lat="42.98454" lon="10.493827">
        <ele>133.0</ele>
      </trkpt>
      <trkpt lat="42.984514" lon="10.493811">
        <ele>133.3</ele>
      </trkpt>
      <trkpt lat="42.984492" lon="10.493795">
        <ele>133.7</ele>
      </trkpt>
      <trkpt lat="42.984464" lon="10.493781">
        <ele>134.2</ele>
      </trkpt>
      <trkpt lat="42.98444" lon="10.49377">
        <ele>134.6</ele>
      </trkpt>
      <trkpt lat="42.984415" lon="10.493757">
        <ele>135.1</ele>
      </trkpt>
      <trkpt lat="42.984387" lon="10.493746">
        <ele>135.6</ele>
      </trkpt>
      <trkpt lat="42.984358" lon="10.49373">
        <ele>136.2</ele>
      </trkpt>
      <trkpt lat="42.984328" lon="10.493716">
        <ele>136.8</ele>
      </trkpt>
      <trkpt lat="42.984296" lon="10.493705">
        <ele>137.5</ele>
      </trkpt>
      <trkpt lat="42.984265" lon="10.493698">
        <ele>138.2</ele>
      </trkpt>
      <trkpt lat="42.984233" lon="10.49369">
        <ele>139.0</ele>
      </trkpt>
      <trkpt lat="42.984197" lon="10.493686">
        <ele>140.0</ele>
      </trkpt>
      <trkpt lat="42.984163" lon="10.493682">
        <ele>140.9</ele>
      </trkpt>
      <trkpt lat="42.984127" lon="10.493675">
        <ele>141.8</ele>
      </trkpt>
      <trkpt lat="42.984089" lon="10.493668">
        <ele>142.8</ele>
      </trkpt>
      <trkpt lat="42.98405" lon="10.49366">
        <ele>143.9</ele>
      </trkpt>
      <trkpt lat="42.984009" lon="10.493652">
        <ele>144.9</ele>
      </trkpt>
      <trkpt lat="42.983974" lon="10.493628">
        <ele>145.5</ele>
      </trkpt>
      <trkpt lat="42.983946" lon="10.493595">
        <ele>145.7</ele>
      </trkpt>
      <trkpt lat="42.983927" lon="10.493553">
        <ele>145.8</ele>
      </trkpt>
      <trkpt lat="42.983916" lon="10.493511">
        <ele>145.7</ele>
      </trkpt>
      <trkpt lat="42.983906" lon="10.493464">
        <ele>145.4</ele>
      </trkpt>
      <trkpt lat="42.983904" lon="10.493412">
        <ele>144.8</ele>
      </trkpt>
      <trkpt lat="42.983903" lon="10.493364">
        <ele>144.3</ele>
      </trkpt>
      <trkpt lat="42.983902" lon="10.493313">
        <ele>143.7</ele>
      </trkpt>
      <trkpt lat="42.983898" lon="10.493265">
        <ele>143.2</ele>
      </trkpt>
      <trkpt lat="42.983903" lon="10.493209">
        <ele>142.4</ele>
      </trkpt>
      <trkpt lat="42.983912" lon="10.493154">
        <ele>141.6</ele>
      </trkpt>
      <trkpt lat="42.98392" lon="10.493091">
        <ele>140.7</ele>
      </trkpt>
      <trkpt lat="42.983932" lon="10.493032">
        <ele>139.7</ele>
      </trkpt>
      <trkpt lat="42.983937" lon="10.492976">
        <ele>139.0</ele>
      </trkpt>
      <trkpt lat="42.983951" lon="10.492913">
        <ele>138.0</ele>
      </trkpt>
      <trkpt lat="42.983966" lon="10.492855">
        <ele>137.0</ele>
      </trkpt>
      <trkpt lat="42.983982" lon="10.492791">
        <ele>136.0</ele>
      </trkpt>
      <trkpt lat="42.984004" lon="10.492721">
        <ele>135.2</ele>
      </trkpt>
      <trkpt lat="42.984027" lon="10.492658">
        <ele>134.5</ele>
      </trkpt>
      <trkpt lat="42.98406" lon="10.492591">
        <ele>133.8</ele>
      </trkpt>
      <trkpt lat="42.984098" lon="10.492527">
        <ele>133.1</ele>
      </trkpt>
      <trkpt lat="42.984143" lon="10.492473">
        <ele>132.6</ele>
      </trkpt>
      <trkpt lat="42.984187" lon="10.492421">
        <ele>132.2</ele>
      </trkpt>
      <trkpt lat="42.984235" lon="10.492372">
        <ele>131.9</ele>
      </trkpt>
      <trkpt lat="42.984276" lon="10.492328">
        <ele>131.7</ele>
      </trkpt>
      <trkpt lat="42.984315" lon="10.492286">
        <ele>131.7</ele>
      </trkpt>
      <trkpt lat="42.984352" lon="10.492237">
        <ele>131.8</ele>
      </trkpt>
      <trkpt lat="42.984383" lon="10.492198">
        <ele>131.9</ele>
      </trkpt>
      <trkpt lat="42.984411" lon="10.49215">
        <ele>132.2</ele>
      </trkpt>
      <trkpt lat="42.984438" lon="10.492106">
        <ele>132.5</ele>
      </trkpt>
      <trkpt lat="42.984463" lon="10.492061">
        <ele>132.9</ele>
      </trkpt>
      <trkpt lat="42.984492" lon="10.492023">
        <ele>133.3</ele>
      </trkpt>
      <trkpt lat="42.984516" lon="10.491986">
        <ele>133.8</ele>
      </trkpt>
      <trkpt lat="42.984539" lon="10.491951">
        <ele>134.2</ele>
      </trkpt>
      <trkpt lat="42.984559" lon="10.491922">
        <ele>134.7</ele>
      </trkpt>
      <trkpt lat="42.984582" lon="10.491896">
        <ele>135.2</ele>
      </trkpt>
      <trkpt lat="42.9846" lon="10.491869">
        <ele>135.7</ele>
      </trkpt>
      <trkpt lat="42.984622" lon="10.491845">
        <ele>136.1</ele>
      </trkpt>
      <trkpt lat="42.984646" lon="10.491831">
        <ele>136.6</ele>
      </trkpt>
      <trkpt lat="42.984672" lon="10.491818">
        <ele>137.2</ele>
      </trkpt>
      <trkpt lat="42.984696" lon="10.491811">
        <ele>137.6</ele>
      </trkpt>
      <trkpt lat="42.984728" lon="10.491804">
        <ele>138.2</ele>
      </trkpt>
      <trkpt lat="42.984742" lon="10.491802">
        <ele>138.5</ele>
      </trkpt>
      <trkpt lat="42.984773" lon="10.491802">
        <ele>139.0</ele>
      </trkpt>
      <trkpt lat="42.984801" lon="10.491805">
        <ele>139.4</ele>
      </trkpt>
      <trkpt lat="42.984825" lon="10.491815">
        <ele>139.6</ele>
      </trkpt>
      <trkpt lat="42.984848" lon="10.491824">
        <ele>139.8</ele>
      </trkpt>
      <trkpt lat="42.984874" lon="10.491833">
        <ele>140.0</ele>
      </trkpt>
      <trkpt lat="42.9849" lon="10.491846">
        <ele>140.2</ele>
      </trkpt>
      <trkpt lat="42.984928" lon="10.491857">
        <ele>140.5</ele>
      </trkpt>
      <trkpt lat="42.984957" lon="10.491867">
        <ele>140.7</ele>
      </trkpt>
      <trkpt lat="42.984981" lon="10.491876">
        <ele>140.9</ele>
      </trkpt>
      <trkpt lat="42.985009" lon="10.491886">
        <ele>141.2</ele>
      </trkpt>
      <trkpt lat="42.985035" lon="10.491893">
        <ele>141.4</ele>
      </trkpt>
      <trkpt lat="42.985059" lon="10.491901">
        <ele>141.7</ele>
      </trkpt>
      <trkpt lat="42.985085" lon="10.491914">
        <ele>141.8</ele>
      </trkpt>
      <trkpt lat="42.985107" lon="10.491927">
        <ele>141.9</ele>
      </trkpt>
      <trkpt lat="42.98513" lon="10.491936">
        <ele>142.1</ele>
      </trkpt>
      <trkpt lat="42.985154" lon="10.491941">
        <ele>142.3</ele>
      </trkpt>
      <trkpt lat="42.985174" lon="10.491939">
        <ele>142.7</ele>
      </trkpt>
      <trkpt lat="42.985193" lon="10.491936">
        <ele>143.0</ele>
      </trkpt>
      <trkpt lat="42.985211" lon="10.491936">
        <ele>143.2</ele>
      </trkpt>
      <trkpt lat="42.985231" lon="10.491942">
        <ele>143.4</ele>
      </trkpt>
      <trkpt lat="42.985248" lon="10.491946">
        <ele>143.6</ele>
      </trkpt>
      <trkpt lat="42.985269" lon="10.491946">
        <ele>143.8</ele>
      </trkpt>
      <trkpt lat="42.985285" lon="10.491946">
        <ele>144.1</ele>
      </trkpt>
      <trkpt lat="42.985303" lon="10.491947">
        <ele>144.3</ele>
      </trkpt>
      <trkpt lat="42.985321" lon="10.491945">
        <ele>144.6</ele>
      </trkpt>
      <trkpt lat="42.985338" lon="10.491942">
        <ele>144.9</ele>
      </trkpt>
      <trkpt lat="42.985355" lon="10.491943">
        <ele>145.1</ele>
      </trkpt>
      <trkpt lat="42.985373" lon="10.491942">
        <ele>145.4</ele>
      </trkpt>
      <trkpt lat="42.98539" lon="10.491946">
        <ele>145.6</ele>
      </trkpt>
      <trkpt lat="42.985404" lon="10.49195">
        <ele>145.6</ele>
      </trkpt>
      <trkpt lat="42.985423" lon="10.491955">
        <ele>145.8</ele>
      </trkpt>
      <trkpt lat="42.985444" lon="10.491958">
        <ele>146.0</ele>
      </trkpt>
      <trkpt lat="42.985461" lon="10.491956">
        <ele>146.3</ele>
      </trkpt>
      <trkpt lat="42.985481" lon="10.491948">
        <ele>146.7</ele>
      </trkpt>
      <trkpt lat="42.985502" lon="10.491943">
        <ele>146.9</ele>
      </trkpt>
      <trkpt lat="42.985523" lon="10.491937">
        <ele>147.1</ele>
      </trkpt>
      <trkpt lat="42.985542" lon="10.491931">
        <ele>147.2</ele>
      </trkpt>
      <trkpt lat="42.985563" lon="10.491927">
        <ele>147.3</ele>
      </trkpt>
      <trkpt lat="42.985587" lon="10.491922">
        <ele>147.5</ele>
      </trkpt>
      <trkpt lat="42.985605" lon="10.491917">
        <ele>147.6</ele>
      </trkpt>
      <trkpt lat="42.985621" lon="10.491906">
        <ele>147.9</ele>
      </trkpt>
      <trkpt lat="42.985645" lon="10.491898">
        <ele>148.1</ele>
      </trkpt>
      <trkpt lat="42.985667" lon="10.491888">
        <ele>148.3</ele>
      </trkpt>
      <trkpt lat="42.985695" lon="10.491878">
        <ele>148.6</ele>
      </trkpt>
      <trkpt lat="42.985691" lon="10.491864">
        <ele>148.9</ele>
      </trkpt>
      <trkpt lat="42.98572" lon="10.491859">
        <ele>149.0</ele>
      </trkpt>
      <trkpt lat="42.985747" lon="10.491856">
        <ele>149.2</ele>
      </trkpt>
      <trkpt lat="42.985769" lon="10.49185">
        <ele>149.3</ele>
      </trkpt>
      <trkpt lat="42.985792" lon="10.491845">
        <ele>149.5</ele>
      </trkpt>
      <trkpt lat="42.985812" lon="10.491841">
        <ele>149.6</ele>
      </trkpt>
      <trkpt lat="42.985835" lon="10.491835">
        <ele>149.7</ele>
      </trkpt>
      <trkpt lat="42.985858" lon="10.491831">
        <ele>149.9</ele>
      </trkpt>
      <trkpt lat="42.985881" lon="10.491831">
        <ele>149.9</ele>
      </trkpt>
      <trkpt lat="42.985907" lon="10.491837">
        <ele>149.8</ele>
      </trkpt>
      <trkpt lat="42.985932" lon="10.491847">
        <ele>149.6</ele>
      </trkpt>
      <trkpt lat="42.985955" lon="10.491856">
        <ele>149.5</ele>
      </trkpt>
      <trkpt lat="42.985981" lon="10.491859">
        <ele>149.4</ele>
      </trkpt>
      <trkpt lat="42.986007" lon="10.491867">
        <ele>149.3</ele>
      </trkpt>
      <trkpt lat="42.986031" lon="10.491874">
        <ele>149.1</ele>
      </trkpt>
      <trkpt lat="42.986052" lon="10.491877">
        <ele>149.1</ele>
      </trkpt>
      <trkpt lat="42.986073" lon="10.491882">
        <ele>149.0</ele>
      </trkpt>
      <trkpt lat="42.986093" lon="10.491884">
        <ele>149.0</ele>
      </trkpt>
      <trkpt lat="42.986113" lon="10.491882">
        <ele>149.1</ele>
      </trkpt>
      <trkpt lat="42.986133" lon="10.491887">
        <ele>149.0</ele>
      </trkpt>
      <trkpt lat="42.986154" lon="10.491887">
        <ele>149.0</ele>
      </trkpt>
      <trkpt lat="42.986172" lon="10.491883">
        <ele>149.1</ele>
      </trkpt>
      <trkpt lat="42.986195" lon="10.491883">
        <ele>149.2</ele>
      </trkpt>
      <trkpt lat="42.986217" lon="10.491882">
        <ele>149.2</ele>
      </trkpt>
      <trkpt lat="42.986235" lon="10.491874">
        <ele>149.4</ele>
      </trkpt>
      <trkpt lat="42.986252" lon="10.491868">
        <ele>149.6</ele>
      </trkpt>
      <trkpt lat="42.986268" lon="10.49186">
        <ele>149.8</ele>
      </trkpt>
      <trkpt lat="42.986281" lon="10.491846">
        <ele>150.1</ele>
      </trkpt>
      <trkpt lat="42.986298" lon="10.491831">
        <ele>150.5</ele>
      </trkpt>
      <trkpt lat="42.986326" lon="10.491808">
        <ele>150.9</ele>
      </trkpt>
      <trkpt lat="42.98635" lon="10.491777">
        <ele>151.4</ele>
      </trkpt>
      <trkpt lat="42.986375" lon="10.491742">
        <ele>152.1</ele>
      </trkpt>
      <trkpt lat="42.986398" lon="10.491709">
        <ele>152.6</ele>
      </trkpt>
      <trkpt lat="42.986433" lon="10.491674">
        <ele>153.1</ele>
      </trkpt>
      <trkpt lat="42.986466" lon="10.491643">
        <ele>153.6</ele>
      </trkpt>
      <trkpt lat="42.986496" lon="10.491615">
        <ele>154.0</ele>
      </trkpt>
      <trkpt lat="42.986535" lon="10.491591">
        <ele>154.1</ele>
      </trkpt>
      <trkpt lat="42.98657" lon="10.491575">
        <ele>154.2</ele>
      </trkpt>
      <trkpt lat="42.986606" lon="10.491557">
        <ele>154.3</ele>
      </trkpt>
      <trkpt lat="42.986639" lon="10.49154">
        <ele>154.4</ele>
      </trkpt>
      <trkpt lat="42.986669" lon="10.491531">
        <ele>154.3</ele>
      </trkpt>
      <trkpt lat="42.986698" lon="10.491524">
        <ele>154.2</ele>
      </trkpt>
      <trkpt lat="42.986727" lon="10.491515">
        <ele>154.1</ele>
      </trkpt>
      <trkpt lat="42.986756" lon="10.491506">
        <ele>154.1</ele>
      </trkpt>
      <trkpt lat="42.986783" lon="10.491492">
        <ele>154.1</ele>
      </trkpt>
      <trkpt lat="42.986809" lon="10.491483">
        <ele>154.1</ele>
      </trkpt>
      <trkpt lat="42.986831" lon="10.491468">
        <ele>154.3</ele>
      </trkpt>
      <trkpt lat="42.986857" lon="10.491452">
        <ele>154.4</ele>
      </trkpt>
      <trkpt lat="42.98688" lon="10.49144">
        <ele>154.5</ele>
      </trkpt>
      <trkpt lat="42.986905" lon="10.491428">
        <ele>154.5</ele>
      </trkpt>
      <trkpt lat="42.986933" lon="10.49142">
        <ele>154.4</ele>
      </trkpt>
      <trkpt lat="42.986959" lon="10.491411">
        <ele>154.4</ele>
      </trkpt>
      <trkpt lat="42.986983" lon="10.491401">
        <ele>154.4</ele>
      </trkpt>
      <trkpt lat="42.987004" lon="10.491396">
        <ele>154.3</ele>
      </trkpt>
      <trkpt lat="42.987026" lon="10.491387">
        <ele>154.3</ele>
      </trkpt>
      <trkpt lat="42.987045" lon="10.491382">
        <ele>154.3</ele>
      </trkpt>
      <trkpt lat="42.987063" lon="10.491382">
        <ele>154.1</ele>
      </trkpt>
      <trkpt lat="42.987083" lon="10.491383">
        <ele>153.9</ele>
      </trkpt>
      <trkpt lat="42.987091" lon="10.491373">
        <ele>154.0</ele>
      </trkpt>
      <trkpt lat="42.987095" lon="10.491366">
        <ele>154.2</ele>
      </trkpt>
      <trkpt lat="42.987095" lon="10.491369">
        <ele>154.1</ele>
      </trkpt>
      <trkpt lat="42.98709" lon="10.491371">
        <ele>154.1</ele>
      </trkpt>
      <trkpt lat="42.987088" lon="10.491374">
        <ele>154.0</ele>
      </trkpt>
      <trkpt lat="42.987136" lon="10.491332">
        <ele>154.6</ele>
      </trkpt>
      <trkpt lat="42.987161" lon="10.491321">
        <ele>154.8</ele>
      </trkpt>
      <trkpt lat="42.987187" lon="10.491305">
        <ele>155.1</ele>
      </trkpt>
      <trkpt lat="42.987215" lon="10.49129">
        <ele>155.4</ele>
      </trkpt>
      <trkpt lat="42.987244" lon="10.491283">
        <ele>155.5</ele>
      </trkpt>
      <trkpt lat="42.987273" lon="10.491272">
        <ele>155.6</ele>
      </trkpt>
      <trkpt lat="42.987302" lon="10.491264">
        <ele>155.8</ele>
      </trkpt>
      <trkpt lat="42.987331" lon="10.491251">
        <ele>156.0</ele>
      </trkpt>
      <trkpt lat="42.987357" lon="10.491238">
        <ele>156.2</ele>
      </trkpt>
      <trkpt lat="42.987385" lon="10.491226">
        <ele>156.4</ele>
      </trkpt>
      <trkpt lat="42.987413" lon="10.491217">
        <ele>156.5</ele>
      </trkpt>
      <trkpt lat="42.987441" lon="10.491211">
        <ele>156.6</ele>
      </trkpt>
      <trkpt lat="42.98747" lon="10.491206">
        <ele>156.6</ele>
      </trkpt>
      <trkpt lat="42.987503" lon="10.491199">
        <ele>156.7</ele>
      </trkpt>
      <trkpt lat="42.987529" lon="10.491197">
        <ele>156.6</ele>
      </trkpt>
      <trkpt lat="42.987553" lon="10.491193">
        <ele>156.7</ele>
      </trkpt>
      <trkpt lat="42.98758" lon="10.491183">
        <ele>156.8</ele>
      </trkpt>
      <trkpt lat="42.987604" lon="10.491174">
        <ele>156.9</ele>
      </trkpt>
      <trkpt lat="42.987632" lon="10.491165">
        <ele>157.0</ele>
      </trkpt>
      <trkpt lat="42.987655" lon="10.491154">
        <ele>157.1</ele>
      </trkpt>
      <trkpt lat="42.987676" lon="10.491144">
        <ele>157.3</ele>
      </trkpt>
      <trkpt lat="42.987702" lon="10.491131">
        <ele>157.4</ele>
      </trkpt>
      <trkpt lat="42.987732" lon="10.491115">
        <ele>157.7</ele>
      </trkpt>
      <trkpt lat="42.987761" lon="10.491102">
        <ele>157.8</ele>
      </trkpt>
      <trkpt lat="42.987786" lon="10.491091">
        <ele>157.8</ele>
      </trkpt>
      <trkpt lat="42.98782" lon="10.491083">
        <ele>157.7</ele>
      </trkpt>
      <trkpt lat="42.987847" lon="10.491068">
        <ele>157.7</ele>
      </trkpt>
      <trkpt lat="42.987871" lon="10.491051">
        <ele>157.8</ele>
      </trkpt>
      <trkpt lat="42.987901" lon="10.49104">
        <ele>157.8</ele>
      </trkpt>
      <trkpt lat="42.987929" lon="10.491027">
        <ele>157.7</ele>
      </trkpt>
      <trkpt lat="42.987957" lon="10.491019">
        <ele>157.7</ele>
      </trkpt>
      <trkpt lat="42.987986" lon="10.491009">
        <ele>157.8</ele>
      </trkpt>
      <trkpt lat="42.988011" lon="10.49099">
        <ele>158.2</ele>
      </trkpt>
      <trkpt lat="42.98804" lon="10.49098">
        <ele>158.6</ele>
      </trkpt>
      <trkpt lat="42.98806" lon="10.490968">
        <ele>158.9</ele>
      </trkpt>
      <trkpt lat="42.988082" lon="10.490959">
        <ele>159.2</ele>
      </trkpt>
      <trkpt lat="42.988111" lon="10.490948">
        <ele>159.5</ele>
      </trkpt>
      <trkpt lat="42.988139" lon="10.490936">
        <ele>159.9</ele>
      </trkpt>
      <trkpt lat="42.988165" lon="10.49092">
        <ele>160.2</ele>
      </trkpt>
      <trkpt lat="42.98819" lon="10.490904">
        <ele>160.5</ele>
      </trkpt>
      <trkpt lat="42.988213" lon="10.490892">
        <ele>160.8</ele>
      </trkpt>
      <trkpt lat="42.988234" lon="10.490881">
        <ele>161.0</ele>
      </trkpt>
      <trkpt lat="42.988255" lon="10.490876">
        <ele>161.2</ele>
      </trkpt>
      <trkpt lat="42.98828" lon="10.490866">
        <ele>161.5</ele>
      </trkpt>
      <trkpt lat="42.988307" lon="10.490853">
        <ele>161.7</ele>
      </trkpt>
      <trkpt lat="42.988336" lon="10.490837">
        <ele>162.0</ele>
      </trkpt>
      <trkpt lat="42.988363" lon="10.49082">
        <ele>162.2</ele>
      </trkpt>
      <trkpt lat="42.988387" lon="10.490809">
        <ele>162.4</ele>
      </trkpt>
      <trkpt lat="42.988418" lon="10.490798">
        <ele>162.7</ele>
      </trkpt>
      <trkpt lat="42.988443" lon="10.490782">
        <ele>162.9</ele>
      </trkpt>
      <trkpt lat="42.988473" lon="10.490766">
        <ele>163.1</ele>
      </trkpt>
      <trkpt lat="42.9885" lon="10.490749">
        <ele>163.2</ele>
      </trkpt>
      <trkpt lat="42.988525" lon="10.49074">
        <ele>163.4</ele>
      </trkpt>
      <trkpt lat="42.988554" lon="10.490728">
        <ele>163.5</ele>
      </trkpt>
      <trkpt lat="42.988582" lon="10.490714">
        <ele>163.7</ele>
      </trkpt>
      <trkpt lat="42.988607" lon="10.490698">
        <ele>163.8</ele>
      </trkpt>
      <trkpt lat="42.98863" lon="10.490684">
        <ele>163.9</ele>
      </trkpt>
      <trkpt lat="42.988654" lon="10.490671">
        <ele>164.0</ele>
      </trkpt>
      <trkpt lat="42.988679" lon="10.490656">
        <ele>164.0</ele>
      </trkpt>
      <trkpt lat="42.988697" lon="10.490642">
        <ele>164.0</ele>
      </trkpt>
      <trkpt lat="42.988718" lon="10.490628">
        <ele>164.1</ele>
      </trkpt>
      <trkpt lat="42.98874" lon="10.490617">
        <ele>164.1</ele>
      </trkpt>
      <trkpt lat="42.988764" lon="10.490605">
        <ele>164.1</ele>
      </trkpt>
      <trkpt lat="42.988788" lon="10.49059">
        <ele>164.1</ele>
      </trkpt>
      <trkpt lat="42.988808" lon="10.490574">
        <ele>164.1</ele>
      </trkpt>
      <trkpt lat="42.98883" lon="10.490557">
        <ele>164.0</ele>
      </trkpt>
      <trkpt lat="42.988857" lon="10.490536">
        <ele>163.8</ele>
      </trkpt>
      <trkpt lat="42.988881" lon="10.490519">
        <ele>163.7</ele>
      </trkpt>
      <trkpt lat="42.988897" lon="10.490498">
        <ele>163.6</ele>
      </trkpt>
      <trkpt lat="42.98891" lon="10.490479">
        <ele>163.4</ele>
      </trkpt>
      <trkpt lat="42.988925" lon="10.490455">
        <ele>163.2</ele>
      </trkpt>
      <trkpt lat="42.988941" lon="10.490434">
        <ele>163.0</ele>
      </trkpt>
      <trkpt lat="42.988956" lon="10.490416">
        <ele>162.8</ele>
      </trkpt>
      <trkpt lat="42.98897" lon="10.490405">
        <ele>162.7</ele>
      </trkpt>
      <trkpt lat="42.988978" lon="10.49039">
        <ele>162.6</ele>
      </trkpt>
      <trkpt lat="42.988981" lon="10.49037">
        <ele>162.4</ele>
      </trkpt>
      <trkpt lat="42.988985" lon="10.490355">
        <ele>162.3</ele>
      </trkpt>
      <trkpt lat="42.988994" lon="10.490337">
        <ele>162.1</ele>
      </trkpt>
      <trkpt lat="42.98901" lon="10.490318">
        <ele>161.9</ele>
      </trkpt>
      <trkpt lat="42.989025" lon="10.4903">
        <ele>161.7</ele>
      </trkpt>
      <trkpt lat="42.989047" lon="10.490284">
        <ele>161.5</ele>
      </trkpt>
      <trkpt lat="42.989068" lon="10.490269">
        <ele>161.3</ele>
      </trkpt>
      <trkpt lat="42.989087" lon="10.490263">
        <ele>161.1</ele>
      </trkpt>
      <trkpt lat="42.989108" lon="10.490252">
        <ele>160.9</ele>
      </trkpt>
      <trkpt lat="42.98913" lon="10.490243">
        <ele>160.6</ele>
      </trkpt>
      <trkpt lat="42.989152" lon="10.490238">
        <ele>160.5</ele>
      </trkpt>
      <trkpt lat="42.989174" lon="10.490234">
        <ele>160.3</ele>
      </trkpt>
      <trkpt lat="42.989194" lon="10.490224">
        <ele>160.1</ele>
      </trkpt>
      <trkpt lat="42.989213" lon="10.490208">
        <ele>159.7</ele>
      </trkpt>
      <trkpt lat="42.989232" lon="10.490193">
        <ele>159.4</ele>
      </trkpt>
      <trkpt lat="42.989253" lon="10.49018">
        <ele>159.0</ele>
      </trkpt>
      <trkpt lat="42.989269" lon="10.490173">
        <ele>158.8</ele>
      </trkpt>
      <trkpt lat="42.989284" lon="10.490165">
        <ele>158.6</ele>
      </trkpt>
      <trkpt lat="42.989299" lon="10.490156">
        <ele>158.3</ele>
      </trkpt>
      <trkpt lat="42.989315" lon="10.490145">
        <ele>158.0</ele>
      </trkpt>
      <trkpt lat="42.989329" lon="10.490132">
        <ele>157.7</ele>
      </trkpt>
      <trkpt lat="42.989342" lon="10.49012">
        <ele>157.4</ele>
      </trkpt>
      <trkpt lat="42.989354" lon="10.490114">
        <ele>157.2</ele>
      </trkpt>
      <trkpt lat="42.989371" lon="10.490105">
        <ele>156.9</ele>
      </trkpt>
      <trkpt lat="42.989387" lon="10.490096">
        <ele>156.6</ele>
      </trkpt>
      <trkpt lat="42.989402" lon="10.490085">
        <ele>156.3</ele>
      </trkpt>
      <trkpt lat="42.989412" lon="10.490072">
        <ele>155.9</ele>
      </trkpt>
      <trkpt lat="42.989421" lon="10.490065">
        <ele>155.7</ele>
      </trkpt>
      <trkpt lat="42.989422" lon="10.490062">
        <ele>155.6</ele>
      </trkpt>
      <trkpt lat="42.98942" lon="10.490056">
        <ele>155.5</ele>
      </trkpt>
      <trkpt lat="42.989427" lon="10.490058">
        <ele>155.5</ele>
      </trkpt>
      <trkpt lat="42.989426" lon="10.49006">
        <ele>155.6</ele>
      </trkpt>
      <trkpt lat="42.989429" lon="10.490053">
        <ele>155.4</ele>
      </trkpt>
      <trkpt lat="42.989379" lon="10.490014">
        <ele>154.9</ele>
      </trkpt>
      <trkpt lat="42.989369" lon="10.49003">
        <ele>155.3</ele>
      </trkpt>
      <trkpt lat="42.989361" lon="10.490051">
        <ele>155.8</ele>
      </trkpt>
      <trkpt lat="42.989357" lon="10.490079">
        <ele>156.4</ele>
      </trkpt>
      <trkpt lat="42.989345" lon="10.490107">
        <ele>157.1</ele>
      </trkpt>
      <trkpt lat="42.989326" lon="10.490131">
        <ele>157.7</ele>
      </trkpt>
      <trkpt lat="42.989301" lon="10.490148">
        <ele>158.2</ele>
      </trkpt>
      <trkpt lat="42.989292" lon="10.490168">
        <ele>158.6</ele>
      </trkpt>
      <trkpt lat="42.989276" lon="10.490186">
        <ele>159.0</ele>
      </trkpt>
      <trkpt lat="42.989245" lon="10.490194">
        <ele>159.3</ele>
      </trkpt>
      <trkpt lat="42.989217" lon="10.490205">
        <ele>159.6</ele>
      </trkpt>
      <trkpt lat="42.989189" lon="10.490215">
        <ele>159.9</ele>
      </trkpt>
      <trkpt lat="42.989157" lon="10.490231">
        <ele>160.3</ele>
      </trkpt>
      <trkpt lat="42.989128" lon="10.490242">
        <ele>160.6</ele>
      </trkpt>
      <trkpt lat="42.989097" lon="10.490254">
        <ele>160.9</ele>
      </trkpt>
      <trkpt lat="42.989068" lon="10.490267">
        <ele>161.2</ele>
      </trkpt>
      <trkpt lat="42.989034" lon="10.490277">
        <ele>161.4</ele>
      </trkpt>
      <trkpt lat="42.989004" lon="10.490295">
        <ele>161.7</ele>
      </trkpt>
      <trkpt lat="42.988983" lon="10.490332">
        <ele>162.0</ele>
      </trkpt>
      <trkpt lat="42.988981" lon="10.490374">
        <ele>162.4</ele>
      </trkpt>
      <trkpt lat="42.988985" lon="10.490417">
        <ele>162.8</ele>
      </trkpt>
      <trkpt lat="42.98899" lon="10.490454">
        <ele>163.1</ele>
      </trkpt>
      <trkpt lat="42.988998" lon="10.490496">
        <ele>163.5</ele>
      </trkpt>
      <trkpt lat="42.989013" lon="10.490541">
        <ele>163.9</ele>
      </trkpt>
      <trkpt lat="42.989028" lon="10.490589">
        <ele>164.4</ele>
      </trkpt>
      <trkpt lat="42.989048" lon="10.490628">
        <ele>164.8</ele>
      </trkpt>
      <trkpt lat="42.989073" lon="10.490667">
        <ele>165.2</ele>
      </trkpt>
      <trkpt lat="42.989088" lon="10.490695">
        <ele>165.5</ele>
      </trkpt>
      <trkpt lat="42.989103" lon="10.490723">
        <ele>165.8</ele>
      </trkpt>
      <trkpt lat="42.989116" lon="10.490747">
        <ele>166.1</ele>
      </trkpt>
      <trkpt lat="42.989118" lon="10.490766">
        <ele>166.3</ele>
      </trkpt>
      <trkpt lat="42.989119" lon="10.490784">
        <ele>166.5</ele>
      </trkpt>
      <trkpt lat="42.989124" lon="10.490801">
        <ele>166.7</ele>
      </trkpt>
      <trkpt lat="42.989128" lon="10.490811">
        <ele>166.8</ele>
      </trkpt>
      <trkpt lat="42.989138" lon="10.490823">
        <ele>166.9</ele>
      </trkpt>
      <trkpt lat="42.989145" lon="10.490827">
        <ele>167.0</ele>
      </trkpt>
      <trkpt lat="42.989153" lon="10.490822">
        <ele>167.0</ele>
      </trkpt>
      <trkpt lat="42.989152" lon="10.490827">
        <ele>167.0</ele>
      </trkpt>
      <trkpt lat="42.989151" lon="10.490835">
        <ele>167.1</ele>
      </trkpt>
      <trkpt lat="42.989153" lon="10.490836">
        <ele>167.1</ele>
      </trkpt>
      <trkpt lat="42.989182" lon="10.490913">
        <ele>168.1</ele>
      </trkpt>
      <trkpt lat="42.9892" lon="10.490934">
        <ele>168.4</ele>
      </trkpt>
      <trkpt lat="42.989216" lon="10.490961">
        <ele>168.8</ele>
      </trkpt>
      <trkpt lat="42.98923" lon="10.490993">
        <ele>169.2</ele>
      </trkpt>
      <trkpt lat="42.989244" lon="10.491026">
        <ele>169.6</ele>
      </trkpt>
      <trkpt lat="42.989258" lon="10.49106">
        <ele>170.1</ele>
      </trkpt>
      <trkpt lat="42.98927" lon="10.491097">
        <ele>170.6</ele>
      </trkpt>
      <trkpt lat="42.989285" lon="10.491128">
        <ele>170.8</ele>
      </trkpt>
      <trkpt lat="42.989296" lon="10.491157">
        <ele>170.8</ele>
      </trkpt>
      <trkpt lat="42.989305" lon="10.491172">
        <ele>170.8</ele>
      </trkpt>
      <trkpt lat="42.989316" lon="10.491194">
        <ele>170.8</ele>
      </trkpt>
      <trkpt lat="42.989321" lon="10.491214">
        <ele>170.8</ele>
      </trkpt>
      <trkpt lat="42.989333" lon="10.491249">
        <ele>170.8</ele>
      </trkpt>
      <trkpt lat="42.989343" lon="10.491265">
        <ele>170.9</ele>
      </trkpt>
      <trkpt lat="42.989355" lon="10.491276">
        <ele>171.0</ele>
      </trkpt>
      <trkpt lat="42.989368" lon="10.491298">
        <ele>171.0</ele>
      </trkpt>
      <trkpt lat="42.989378" lon="10.491322">
        <ele>171.1</ele>
      </trkpt>
      <trkpt lat="42.989386" lon="10.491344">
        <ele>171.1</ele>
      </trkpt>
      <trkpt lat="42.9894" lon="10.49136">
        <ele>171.2</ele>
      </trkpt>
      <trkpt lat="42.989407" lon="10.491372">
        <ele>171.3</ele>
      </trkpt>
      <trkpt lat="42.989414" lon="10.491382">
        <ele>171.4</ele>
      </trkpt>
      <trkpt lat="42.989425" lon="10.491398">
        <ele>171.5</ele>
      </trkpt>
      <trkpt lat="42.989432" lon="10.491417">
        <ele>171.5</ele>
      </trkpt>
      <trkpt lat="42.989448" lon="10.491438">
        <ele>171.7</ele>
      </trkpt>
      <trkpt lat="42.989459" lon="10.491456">
        <ele>171.8</ele>
      </trkpt>
      <trkpt lat="42.98947" lon="10.491477">
        <ele>171.9</ele>
      </trkpt>
      <trkpt lat="42.989478" lon="10.4915">
        <ele>172.0</ele>
      </trkpt>
      <trkpt lat="42.989489" lon="10.491526">
        <ele>172.2</ele>
      </trkpt>
      <trkpt lat="42.989501" lon="10.491553">
        <ele>172.3</ele>
      </trkpt>
      <trkpt lat="42.989514" lon="10.491571">
        <ele>172.5</ele>
      </trkpt>
      <trkpt lat="42.989519" lon="10.4916">
        <ele>172.6</ele>
      </trkpt>
      <trkpt lat="42.989528" lon="10.491626">
        <ele>172.7</ele>
      </trkpt>
      <trkpt lat="42.989539" lon="10.491653">
        <ele>172.9</ele>
      </trkpt>
      <trkpt lat="42.989558" lon="10.491658">
        <ele>173.1</ele>
      </trkpt>
      <trkpt lat="42.989573" lon="10.491653">
        <ele>173.3</ele>
      </trkpt>
      <trkpt lat="42.989586" lon="10.491633">
        <ele>173.5</ele>
      </trkpt>
      <trkpt lat="42.9896" lon="10.491611">
        <ele>173.6</ele>
      </trkpt>
      <trkpt lat="42.989617" lon="10.4916">
        <ele>173.8</ele>
      </trkpt>
      <trkpt lat="42.989638" lon="10.491599">
        <ele>174.1</ele>
      </trkpt>
      <trkpt lat="42.989654" lon="10.491582">
        <ele>173.6</ele>
      </trkpt>
      <trkpt lat="42.989665" lon="10.49157">
        <ele>173.2</ele>
      </trkpt>
      <trkpt lat="42.989674" lon="10.491558">
        <ele>172.9</ele>
      </trkpt>
      <trkpt lat="42.989687" lon="10.491561">
        <ele>172.5</ele>
      </trkpt>
      <trkpt lat="42.989693" lon="10.491563">
        <ele>172.3</ele>
      </trkpt>
      <trkpt lat="42.989694" lon="10.491566">
        <ele>172.2</ele>
      </trkpt>
      <trkpt lat="42.989702" lon="10.491567">
        <ele>172.0</ele>
      </trkpt>
      <trkpt lat="42.989708" lon="10.491572">
        <ele>171.8</ele>
      </trkpt>
      <trkpt lat="42.989718" lon="10.491573">
        <ele>171.5</ele>
      </trkpt>
      <trkpt lat="42.989731" lon="10.491572">
        <ele>171.0</ele>
      </trkpt>
      <trkpt lat="42.989746" lon="10.491571">
        <ele>170.5</ele>
      </trkpt>
      <trkpt lat="42.989756" lon="10.491562">
        <ele>170.2</ele>
      </trkpt>
      <trkpt lat="42.989761" lon="10.491547">
        <ele>169.9</ele>
      </trkpt>
      <trkpt lat="42.989767" lon="10.491534">
        <ele>169.7</ele>
      </trkpt>
      <trkpt lat="42.989769" lon="10.49152">
        <ele>169.6</ele>
      </trkpt>
      <trkpt lat="42.989764" lon="10.491515">
        <ele>169.7</ele>
      </trkpt>
      <trkpt lat="42.989758" lon="10.491503">
        <ele>169.9</ele>
      </trkpt>
      <trkpt lat="42.989749" lon="10.491494">
        <ele>170.1</ele>
      </trkpt>
      <trkpt lat="42.989738" lon="10.491492">
        <ele>170.5</ele>
      </trkpt>
      <trkpt lat="42.989729" lon="10.491498">
        <ele>170.8</ele>
      </trkpt>
      <trkpt lat="42.989722" lon="10.491514">
        <ele>171.1</ele>
      </trkpt>
      <trkpt lat="42.989714" lon="10.49153">
        <ele>171.5</ele>
      </trkpt>
      <trkpt lat="42.9897" lon="10.491547">
        <ele>172.0</ele>
      </trkpt>
      <trkpt lat="42.989675" lon="10.491567">
        <ele>172.9</ele>
      </trkpt>
      <trkpt lat="42.989646" lon="10.491591">
        <ele>173.9</ele>
      </trkpt>
      <trkpt lat="42.989618" lon="10.491617">
        <ele>173.9</ele>
      </trkpt>
      <trkpt lat="42.989597" lon="10.491638">
        <ele>173.6</ele>
      </trkpt>
      <trkpt lat="42.989576" lon="10.491643">
        <ele>173.4</ele>
      </trkpt>
      <trkpt lat="42.989557" lon="10.491638">
        <ele>173.1</ele>
      </trkpt>
      <trkpt lat="42.989545" lon="10.491623">
        <ele>172.9</ele>
      </trkpt>
      <trkpt lat="42.989535" lon="10.491605">
        <ele>172.8</ele>
      </trkpt>
      <trkpt lat="42.989527" lon="10.49159">
        <ele>172.6</ele>
      </trkpt>
      <trkpt lat="42.989517" lon="10.491572">
        <ele>172.5</ele>
      </trkpt>
      <trkpt lat="42.989508" lon="10.491549">
        <ele>172.4</ele>
      </trkpt>
      <trkpt lat="42.989498" lon="10.491524">
        <ele>172.2</ele>
      </trkpt>
      <trkpt lat="42.989487" lon="10.491494">
        <ele>172.1</ele>
      </trkpt>
      <trkpt lat="42.98947" lon="10.491461">
        <ele>171.9</ele>
      </trkpt>
      <trkpt lat="42.989455" lon="10.49143">
        <ele>171.8</ele>
      </trkpt>
      <trkpt lat="42.989444" lon="10.491403">
        <ele>171.7</ele>
      </trkpt>
      <trkpt lat="42.989436" lon="10.491383">
        <ele>171.6</ele>
      </trkpt>
      <trkpt lat="42.989433" lon="10.491361">
        <ele>171.6</ele>
      </trkpt>
      <trkpt lat="42.989426" lon="10.491342">
        <ele>171.5</ele>
      </trkpt>
      <trkpt lat="42.989418" lon="10.491324">
        <ele>171.5</ele>
      </trkpt>
      <trkpt lat="42.989408" lon="10.491308">
        <ele>171.4</ele>
      </trkpt>
      <trkpt lat="42.989399" lon="10.491286">
        <ele>171.3</ele>
      </trkpt>
      <trkpt lat="42.989387" lon="10.49127">
        <ele>171.2</ele>
      </trkpt>
      <trkpt lat="42.989373" lon="10.491246">
        <ele>171.1</ele>
      </trkpt>
      <trkpt lat="42.989355" lon="10.49122">
        <ele>171.1</ele>
      </trkpt>
      <trkpt lat="42.989342" lon="10.491192">
        <ele>171.0</ele>
      </trkpt>
      <trkpt lat="42.98933" lon="10.491167">
        <ele>171.0</ele>
      </trkpt>
      <trkpt lat="42.98932" lon="10.49114">
        <ele>171.0</ele>
      </trkpt>
      <trkpt lat="42.9893" lon="10.491102">
        <ele>170.9</ele>
      </trkpt>
      <trkpt lat="42.989282" lon="10.491073">
        <ele>170.4</ele>
      </trkpt>
      <trkpt lat="42.989269" lon="10.491046">
        <ele>170.0</ele>
      </trkpt>
      <trkpt lat="42.989255" lon="10.491017">
        <ele>169.6</ele>
      </trkpt>
      <trkpt lat="42.989239" lon="10.49099">
        <ele>169.2</ele>
      </trkpt>
      <trkpt lat="42.989224" lon="10.490964">
        <ele>168.8</ele>
      </trkpt>
      <trkpt lat="42.989212" lon="10.490941">
        <ele>168.5</ele>
      </trkpt>
      <trkpt lat="42.989196" lon="10.490909">
        <ele>168.1</ele>
      </trkpt>
      <trkpt lat="42.989176" lon="10.490867">
        <ele>167.5</ele>
      </trkpt>
      <trkpt lat="42.989155" lon="10.490818">
        <ele>166.9</ele>
      </trkpt>
      <trkpt lat="42.989131" lon="10.49076">
        <ele>166.3</ele>
      </trkpt>
      <trkpt lat="42.989104" lon="10.490692">
        <ele>165.5</ele>
      </trkpt>
      <trkpt lat="42.989076" lon="10.490629">
        <ele>164.8</ele>
      </trkpt>
      <trkpt lat="42.989054" lon="10.490575">
        <ele>164.3</ele>
      </trkpt>
      <trkpt lat="42.989022" lon="10.490534">
        <ele>163.9</ele>
      </trkpt>
      <trkpt lat="42.988979" lon="10.490512">
        <ele>163.7</ele>
      </trkpt>
      <trkpt lat="42.988925" lon="10.490517">
        <ele>163.7</ele>
      </trkpt>
      <trkpt lat="42.988867" lon="10.490539">
        <ele>163.9</ele>
      </trkpt>
      <trkpt lat="42.988803" lon="10.49057">
        <ele>164.1</ele>
      </trkpt>
      <trkpt lat="42.988738" lon="10.490605">
        <ele>164.0</ele>
      </trkpt>
      <trkpt lat="42.988668" lon="10.49064">
        <ele>163.9</ele>
      </trkpt>
      <trkpt lat="42.988594" lon="10.490675">
        <ele>163.6</ele>
      </trkpt>
      <trkpt lat="42.98851" lon="10.490714">
        <ele>163.2</ele>
      </trkpt>
      <trkpt lat="42.988436" lon="10.490749">
        <ele>162.8</ele>
      </trkpt>
      <trkpt lat="42.988366" lon="10.490787">
        <ele>162.3</ele>
      </trkpt>
      <trkpt lat="42.988295" lon="10.490828">
        <ele>161.7</ele>
      </trkpt>
      <trkpt lat="42.988234" lon="10.490865">
        <ele>161.0</ele>
      </trkpt>
      <trkpt lat="42.988175" lon="10.490899">
        <ele>160.4</ele>
      </trkpt>
      <trkpt lat="42.988108" lon="10.490934">
        <ele>159.6</ele>
      </trkpt>
      <trkpt lat="42.988053" lon="10.490967">
        <ele>158.8</ele>
      </trkpt>
      <trkpt lat="42.987994" lon="10.490996">
        <ele>158.0</ele>
      </trkpt>
      <trkpt lat="42.987925" lon="10.491029">
        <ele>157.7</ele>
      </trkpt>
      <trkpt lat="42.987848" lon="10.491058">
        <ele>157.8</ele>
      </trkpt>
      <trkpt lat="42.987766" lon="10.491091">
        <ele>157.8</ele>
      </trkpt>
      <trkpt lat="42.987686" lon="10.491113">
        <ele>157.8</ele>
      </trkpt>
      <trkpt lat="42.987596" lon="10.491142">
        <ele>157.6</ele>
      </trkpt>
      <trkpt lat="42.987508" lon="10.491163">
        <ele>157.4</ele>
      </trkpt>
      <trkpt lat="42.987414" lon="10.491187">
        <ele>157.2</ele>
      </trkpt>
      <trkpt lat="42.987331" lon="10.491216">
        <ele>156.8</ele>
      </trkpt>
      <trkpt lat="42.987253" lon="10.491252">
        <ele>156.2</ele>
      </trkpt>
      <trkpt lat="42.987182" lon="10.491279">
        <ele>155.7</ele>
      </trkpt>
      <trkpt lat="42.987111" lon="10.491305">
        <ele>155.5</ele>
      </trkpt>
      <trkpt lat="42.98704" lon="10.491336">
        <ele>155.4</ele>
      </trkpt>
      <trkpt lat="42.98697" lon="10.491365">
        <ele>155.4</ele>
      </trkpt>
      <trkpt lat="42.986903" lon="10.491391">
        <ele>155.4</ele>
      </trkpt>
      <trkpt lat="42.986839" lon="10.491413">
        <ele>155.5</ele>
      </trkpt>
      <trkpt lat="42.986771" lon="10.491436">
        <ele>155.6</ele>
      </trkpt>
      <trkpt lat="42.986708" lon="10.491459">
        <ele>155.7</ele>
      </trkpt>
      <trkpt lat="42.986644" lon="10.491485">
        <ele>155.6</ele>
      </trkpt>
      <trkpt lat="42.986588" lon="10.491519">
        <ele>155.4</ele>
      </trkpt>
      <trkpt lat="42.986531" lon="10.491547">
        <ele>155.2</ele>
      </trkpt>
      <trkpt lat="42.986478" lon="10.491584">
        <ele>154.9</ele>
      </trkpt>
      <trkpt lat="42.986435" lon="10.491629">
        <ele>154.2</ele>
      </trkpt>
      <trkpt lat="42.986396" lon="10.491679">
        <ele>153.3</ele>
      </trkpt>
      <trkpt lat="42.986358" lon="10.491726">
        <ele>152.6</ele>
      </trkpt>
      <trkpt lat="42.986324" lon="10.491772">
        <ele>151.8</ele>
      </trkpt>
      <trkpt lat="42.986293" lon="10.491798">
        <ele>151.4</ele>
      </trkpt>
      <trkpt lat="42.986252" lon="10.491819">
        <ele>150.8</ele>
      </trkpt>
      <trkpt lat="42.986205" lon="10.491834">
        <ele>150.3</ele>
      </trkpt>
      <trkpt lat="42.986152" lon="10.491833">
        <ele>150.3</ele>
      </trkpt>
      <trkpt lat="42.986097" lon="10.491821">
        <ele>150.5</ele>
      </trkpt>
      <trkpt lat="42.98603" lon="10.491804">
        <ele>150.8</ele>
      </trkpt>
      <trkpt lat="42.985951" lon="10.491788">
        <ele>151.0</ele>
      </trkpt>
      <trkpt lat="42.985869" lon="10.491785">
        <ele>151.0</ele>
      </trkpt>
      <trkpt lat="42.985791" lon="10.491801">
        <ele>150.5</ele>
      </trkpt>
      <trkpt lat="42.985712" lon="10.491831">
        <ele>149.6</ele>
      </trkpt>
      <trkpt lat="42.985634" lon="10.491873">
        <ele>148.6</ele>
      </trkpt>
      <trkpt lat="42.985559" lon="10.491903">
        <ele>147.8</ele>
      </trkpt>
      <trkpt lat="42.985481" lon="10.491918">
        <ele>147.4</ele>
      </trkpt>
      <trkpt lat="42.985399" lon="10.491917">
        <ele>146.3</ele>
      </trkpt>
      <trkpt lat="42.985305" lon="10.491915">
        <ele>145.0</ele>
      </trkpt>
      <trkpt lat="42.985214" lon="10.491909">
        <ele>143.8</ele>
      </trkpt>
      <trkpt lat="42.985117" lon="10.4919">
        <ele>142.5</ele>
      </trkpt>
      <trkpt lat="42.985019" lon="10.491871">
        <ele>141.6</ele>
      </trkpt>
      <trkpt lat="42.984929" lon="10.491831">
        <ele>140.9</ele>
      </trkpt>
      <trkpt lat="42.984851" lon="10.491793">
        <ele>140.3</ele>
      </trkpt>
      <trkpt lat="42.984784" lon="10.491768">
        <ele>139.7</ele>
      </trkpt>
      <trkpt lat="42.984712" lon="10.491759">
        <ele>138.7</ele>
      </trkpt>
      <trkpt lat="42.984641" lon="10.491777">
        <ele>137.3</ele>
      </trkpt>
      <trkpt lat="42.984585" lon="10.491831">
        <ele>136.0</ele>
      </trkpt>
      <trkpt lat="42.984521" lon="10.491913">
        <ele>134.5</ele>
      </trkpt>
      <trkpt lat="42.984465" lon="10.492003">
        <ele>133.4</ele>
      </trkpt>
      <trkpt lat="42.984408" lon="10.492102">
        <ele>132.5</ele>
      </trkpt>
      <trkpt lat="42.984335" lon="10.492204">
        <ele>132.0</ele>
      </trkpt>
      <trkpt lat="42.984264" lon="10.492296">
        <ele>131.9</ele>
      </trkpt>
      <trkpt lat="42.984186" lon="10.492378">
        <ele>132.2</ele>
      </trkpt>
      <trkpt lat="42.984115" lon="10.492467">
        <ele>132.8</ele>
      </trkpt>
      <trkpt lat="42.984065" lon="10.492539">
        <ele>133.5</ele>
      </trkpt>
      <trkpt lat="42.984015" lon="10.492579">
        <ele>134.3</ele>
      </trkpt>
      <trkpt lat="42.98398" lon="10.492602">
        <ele>134.9</ele>
      </trkpt>
      <trkpt lat="42.983943" lon="10.492599">
        <ele>135.3</ele>
      </trkpt>
      <trkpt lat="42.983914" lon="10.492587">
        <ele>135.6</ele>
      </trkpt>
      <trkpt lat="42.983891" lon="10.492573">
        <ele>135.8</ele>
      </trkpt>
      <trkpt lat="42.983877" lon="10.492563">
        <ele>135.9</ele>
      </trkpt>
      <trkpt lat="42.983857" lon="10.492553">
        <ele>136.0</ele>
      </trkpt>
      <trkpt lat="42.98383" lon="10.492549">
        <ele>136.3</ele>
      </trkpt>
      <trkpt lat="42.983798" lon="10.492536">
        <ele>136.6</ele>
      </trkpt>
      <trkpt lat="42.983766" lon="10.492526">
        <ele>137.0</ele>
      </trkpt>
      <trkpt lat="42.983735" lon="10.49251">
        <ele>137.4</ele>
      </trkpt>
      <trkpt lat="42.983705" lon="10.4925">
        <ele>137.8</ele>
      </trkpt>
      <trkpt lat="42.983676" lon="10.492492">
        <ele>138.2</ele>
      </trkpt>
      <trkpt lat="42.983649" lon="10.492481">
        <ele>138.5</ele>
      </trkpt>
      <trkpt lat="42.98362" lon="10.492466">
        <ele>138.7</ele>
      </trkpt>
      <trkpt lat="42.983592" lon="10.492454">
        <ele>139.0</ele>
      </trkpt>
      <trkpt lat="42.983563" lon="10.492446">
        <ele>139.3</ele>
      </trkpt>
      <trkpt lat="42.983537" lon="10.492436">
        <ele>139.6</ele>
      </trkpt>
      <trkpt lat="42.98351" lon="10.492428">
        <ele>139.9</ele>
      </trkpt>
      <trkpt lat="42.983482" lon="10.49242">
        <ele>140.2</ele>
      </trkpt>
      <trkpt lat="42.983453" lon="10.492411">
        <ele>140.5</ele>
      </trkpt>
      <trkpt lat="42.983428" lon="10.492396">
        <ele>140.7</ele>
      </trkpt>
      <trkpt lat="42.983402" lon="10.492381">
        <ele>140.8</ele>
      </trkpt>
      <trkpt lat="42.983376" lon="10.492373">
        <ele>141.0</ele>
      </trkpt>
      <trkpt lat="42.983352" lon="10.49236">
        <ele>141.1</ele>
      </trkpt>
      <trkpt lat="42.983328" lon="10.492348">
        <ele>141.2</ele>
      </trkpt>
      <trkpt lat="42.983301" lon="10.492334">
        <ele>141.4</ele>
      </trkpt>
      <trkpt lat="42.983275" lon="10.492318">
        <ele>141.4</ele>
      </trkpt>
      <trkpt lat="42.983252" lon="10.492296">
        <ele>141.3</ele>
      </trkpt>
      <trkpt lat="42.983227" lon="10.492283">
        <ele>141.3</ele>
      </trkpt>
      <trkpt lat="42.983201" lon="10.492274">
        <ele>141.5</ele>
      </trkpt>
      <trkpt lat="42.983175" lon="10.492263">
        <ele>141.6</ele>
      </trkpt>
      <trkpt lat="42.983147" lon="10.492248">
        <ele>141.6</ele>
      </trkpt>
      <trkpt lat="42.983116" lon="10.492233">
        <ele>141.6</ele>
      </trkpt>
      <trkpt lat="42.983086" lon="10.492214">
        <ele>141.6</ele>
      </trkpt>
      <trkpt lat="42.983059" lon="10.492203">
        <ele>141.6</ele>
      </trkpt>
      <trkpt lat="42.983028" lon="10.49219">
        <ele>141.7</ele>
      </trkpt>
      <trkpt lat="42.983001" lon="10.492186">
        <ele>141.9</ele>
      </trkpt>
      <trkpt lat="42.982974" lon="10.492181">
        <ele>142.1</ele>
      </trkpt>
      <trkpt lat="42.982947" lon="10.492181">
        <ele>142.2</ele>
      </trkpt>
      <trkpt lat="42.982917" lon="10.492179">
        <ele>142.4</ele>
      </trkpt>
      <trkpt lat="42.982889" lon="10.492173">
        <ele>142.4</ele>
      </trkpt>
      <trkpt lat="42.982858" lon="10.492172">
        <ele>142.6</ele>
      </trkpt>
      <trkpt lat="42.982829" lon="10.492174">
        <ele>142.8</ele>
      </trkpt>
      <trkpt lat="42.982801" lon="10.492176">
        <ele>143.1</ele>
      </trkpt>
      <trkpt lat="42.982772" lon="10.492176">
        <ele>143.2</ele>
      </trkpt>
      <trkpt lat="42.982744" lon="10.49217">
        <ele>143.3</ele>
      </trkpt>
      <trkpt lat="42.98272" lon="10.49217">
        <ele>143.4</ele>
      </trkpt>
      <trkpt lat="42.982686" lon="10.492173">
        <ele>143.7</ele>
      </trkpt>
      <trkpt lat="42.982661" lon="10.492176">
        <ele>144.0</ele>
      </trkpt>
      <trkpt lat="42.982636" lon="10.492176">
        <ele>144.1</ele>
      </trkpt>
      <trkpt lat="42.982613" lon="10.492179">
        <ele>144.4</ele>
      </trkpt>
      <trkpt lat="42.98259" lon="10.492187">
        <ele>144.7</ele>
      </trkpt>
      <trkpt lat="42.982568" lon="10.492192">
        <ele>145.0</ele>
      </trkpt>
      <trkpt lat="42.982546" lon="10.492207">
        <ele>145.5</ele>
      </trkpt>
      <trkpt lat="42.982526" lon="10.492216">
        <ele>145.8</ele>
      </trkpt>
      <trkpt lat="42.982504" lon="10.492217">
        <ele>146.0</ele>
      </trkpt>
      <trkpt lat="42.982483" lon="10.492218">
        <ele>146.1</ele>
      </trkpt>
      <trkpt lat="42.982458" lon="10.492222">
        <ele>146.4</ele>
      </trkpt>
      <trkpt lat="42.982438" lon="10.49223">
        <ele>146.7</ele>
      </trkpt>
      <trkpt lat="42.982414" lon="10.492233">
        <ele>146.9</ele>
      </trkpt>
      <trkpt lat="42.982389" lon="10.492239">
        <ele>147.2</ele>
      </trkpt>
      <trkpt lat="42.982369" lon="10.492239">
        <ele>147.4</ele>
      </trkpt>
      <trkpt lat="42.982344" lon="10.492249">
        <ele>147.7</ele>
      </trkpt>
      <trkpt lat="42.982325" lon="10.492251">
        <ele>147.9</ele>
      </trkpt>
      <trkpt lat="42.982303" lon="10.492252">
        <ele>148.1</ele>
      </trkpt>
      <trkpt lat="42.982283" lon="10.492252">
        <ele>148.2</ele>
      </trkpt>
      <trkpt lat="42.982262" lon="10.492262">
        <ele>148.6</ele>
      </trkpt>
      <trkpt lat="42.98224" lon="10.492272">
        <ele>148.9</ele>
      </trkpt>
      <trkpt lat="42.982217" lon="10.492279">
        <ele>149.2</ele>
      </trkpt>
      <trkpt lat="42.982196" lon="10.492285">
        <ele>149.5</ele>
      </trkpt>
      <trkpt lat="42.982174" lon="10.492286">
        <ele>149.6</ele>
      </trkpt>
      <trkpt lat="42.982156" lon="10.492288">
        <ele>149.8</ele>
      </trkpt>
      <trkpt lat="42.982142" lon="10.492292">
        <ele>150.0</ele>
      </trkpt>
      <trkpt lat="42.982136" lon="10.492295">
        <ele>150.0</ele>
      </trkpt>
      <trkpt lat="42.982122" lon="10.492299">
        <ele>150.0</ele>
      </trkpt>
      <trkpt lat="42.982106" lon="10.492305">
        <ele>150.0</ele>
      </trkpt>
      <trkpt lat="42.98209" lon="10.492313">
        <ele>150.0</ele>
      </trkpt>
      <trkpt lat="42.982072" lon="10.492315">
        <ele>150.0</ele>
      </trkpt>
      <trkpt lat="42.982056" lon="10.49231">
        <ele>149.7</ele>
      </trkpt>
      <trkpt lat="42.982042" lon="10.492311">
        <ele>149.7</ele>
      </trkpt>
      <trkpt lat="42.982027" lon="10.492317">
        <ele>149.6</ele>
      </trkpt>
      <trkpt lat="42.982012" lon="10.492324">
        <ele>149.7</ele>
      </trkpt>
      <trkpt lat="42.981999" lon="10.492333">
        <ele>149.8</ele>
      </trkpt>
      <trkpt lat="42.981984" lon="10.492338">
        <ele>149.8</ele>
      </trkpt>
      <trkpt lat="42.981977" lon="10.49235">
        <ele>150.0</ele>
      </trkpt>
      <trkpt lat="42.981965" lon="10.492354">
        <ele>150.0</ele>
      </trkpt>
      <trkpt lat="42.981952" lon="10.492361">
        <ele>150.0</ele>
      </trkpt>
      <trkpt lat="42.98194" lon="10.492369">
        <ele>150.2</ele>
      </trkpt>
      <trkpt lat="42.981926" lon="10.492381">
        <ele>150.3</ele>
      </trkpt>
      <trkpt lat="42.981912" lon="10.492389">
        <ele>150.4</ele>
      </trkpt>
      <trkpt lat="42.981895" lon="10.492397">
        <ele>150.4</ele>
      </trkpt>
      <trkpt lat="42.981877" lon="10.492407">
        <ele>150.5</ele>
      </trkpt>
      <trkpt lat="42.981862" lon="10.492421">
        <ele>150.7</ele>
      </trkpt>
      <trkpt lat="42.981852" lon="10.492436">
        <ele>151.0</ele>
      </trkpt>
      <trkpt lat="42.981841" lon="10.49245">
        <ele>151.2</ele>
      </trkpt>
      <trkpt lat="42.981828" lon="10.492462">
        <ele>151.3</ele>
      </trkpt>
      <trkpt lat="42.981812" lon="10.492472">
        <ele>151.5</ele>
      </trkpt>
      <trkpt lat="42.981798" lon="10.492488">
        <ele>151.7</ele>
      </trkpt>
      <trkpt lat="42.981785" lon="10.492506">
        <ele>152.0</ele>
      </trkpt>
      <trkpt lat="42.981775" lon="10.492525">
        <ele>152.3</ele>
      </trkpt>
      <trkpt lat="42.981761" lon="10.492543">
        <ele>152.6</ele>
      </trkpt>
      <trkpt lat="42.981748" lon="10.492565">
        <ele>153.0</ele>
      </trkpt>
      <trkpt lat="42.981745" lon="10.492589">
        <ele>153.5</ele>
      </trkpt>
      <trkpt lat="42.981714" lon="10.492598">
        <ele>153.5</ele>
      </trkpt>
      <trkpt lat="42.981716" lon="10.492622">
        <ele>154.0</ele>
      </trkpt>
      <trkpt lat="42.981709" lon="10.492645">
        <ele>154.5</ele>
      </trkpt>
      <trkpt lat="42.981702" lon="10.492673">
        <ele>155.0</ele>
      </trkpt>
      <trkpt lat="42.981693" lon="10.492702">
        <ele>155.6</ele>
      </trkpt>
      <trkpt lat="42.981681" lon="10.49273">
        <ele>156.1</ele>
      </trkpt>
      <trkpt lat="42.981665" lon="10.492757">
        <ele>156.6</ele>
      </trkpt>
      <trkpt lat="42.981647" lon="10.492778">
        <ele>156.8</ele>
      </trkpt>
      <trkpt lat="42.98163" lon="10.492797">
        <ele>157.0</ele>
      </trkpt>
      <trkpt lat="42.981615" lon="10.492822">
        <ele>157.2</ele>
      </trkpt>
      <trkpt lat="42.981601" lon="10.492847">
        <ele>157.4</ele>
      </trkpt>
      <trkpt lat="42.981579" lon="10.492866">
        <ele>157.5</ele>
      </trkpt>
      <trkpt lat="42.981559" lon="10.492884">
        <ele>157.5</ele>
      </trkpt>
      <trkpt lat="42.981539" lon="10.492906">
        <ele>157.6</ele>
      </trkpt>
      <trkpt lat="42.98152" lon="10.49293">
        <ele>157.7</ele>
      </trkpt>
      <trkpt lat="42.981496" lon="10.492953">
        <ele>157.8</ele>
      </trkpt>
      <trkpt lat="42.981471" lon="10.492968">
        <ele>157.7</ele>
      </trkpt>
      <trkpt lat="42.981448" lon="10.492987">
        <ele>157.7</ele>
      </trkpt>
      <trkpt lat="42.981424" lon="10.493007">
        <ele>157.7</ele>
      </trkpt>
      <trkpt lat="42.981398" lon="10.493024">
        <ele>157.6</ele>
      </trkpt>
      <trkpt lat="42.981377" lon="10.49304">
        <ele>157.6</ele>
      </trkpt>
      <trkpt lat="42.981353" lon="10.493062">
        <ele>157.6</ele>
      </trkpt>
      <trkpt lat="42.981328" lon="10.493084">
        <ele>157.5</ele>
      </trkpt>
      <trkpt lat="42.9813" lon="10.493106">
        <ele>157.3</ele>
      </trkpt>
      <trkpt lat="42.981274" lon="10.493125">
        <ele>157.0</ele>
      </trkpt>
      <trkpt lat="42.981252" lon="10.493153">
        <ele>156.9</ele>
      </trkpt>
      <trkpt lat="42.981225" lon="10.493176">
        <ele>156.6</ele>
      </trkpt>
      <trkpt lat="42.981198" lon="10.493187">
        <ele>156.1</ele>
      </trkpt>
      <trkpt lat="42.981167" lon="10.493205">
        <ele>155.7</ele>
      </trkpt>
      <trkpt lat="42.981142" lon="10.493225">
        <ele>155.3</ele>
      </trkpt>
      <trkpt lat="42.981116" lon="10.493248">
        <ele>155.0</ele>
      </trkpt>
      <trkpt lat="42.981087" lon="10.493274">
        <ele>154.6</ele>
      </trkpt>
      <trkpt lat="42.981054" lon="10.493302">
        <ele>154.2</ele>
      </trkpt>
      <trkpt lat="42.981022" lon="10.493327">
        <ele>153.7</ele>
      </trkpt>
      <trkpt lat="42.980994" lon="10.49336">
        <ele>153.4</ele>
      </trkpt>
      <trkpt lat="42.980972" lon="10.493392">
        <ele>153.1</ele>
      </trkpt>
      <trkpt lat="42.980952" lon="10.493431">
        <ele>153.0</ele>
      </trkpt>
      <trkpt lat="42.980931" lon="10.493469">
        <ele>152.8</ele>
      </trkpt>
      <trkpt lat="42.980914" lon="10.493507">
        <ele>152.7</ele>
      </trkpt>
      <trkpt lat="42.980902" lon="10.493548">
        <ele>152.7</ele>
      </trkpt>
      <trkpt lat="42.980892" lon="10.493597">
        <ele>152.8</ele>
      </trkpt>
      <trkpt lat="42.980899" lon="10.493643">
        <ele>153.1</ele>
      </trkpt>
      <trkpt lat="42.980916" lon="10.493697">
        <ele>153.6</ele>
      </trkpt>
      <trkpt lat="42.980939" lon="10.493756">
        <ele>154.2</ele>
      </trkpt>
      <trkpt lat="42.980957" lon="10.493829">
        <ele>154.8</ele>
      </trkpt>
      <trkpt lat="42.980958" lon="10.493908">
        <ele>155.0</ele>
      </trkpt>
      <trkpt lat="42.980947" lon="10.493986">
        <ele>154.9</ele>
      </trkpt>
      <trkpt lat="42.980929" lon="10.494054">
        <ele>154.4</ele>
      </trkpt>
      <trkpt lat="42.980923" lon="10.494129">
        <ele>154.4</ele>
      </trkpt>
      <trkpt lat="42.980929" lon="10.494203">
        <ele>154.7</ele>
      </trkpt>
      <trkpt lat="42.980941" lon="10.49428">
        <ele>155.1</ele>
      </trkpt>
      <trkpt lat="42.98099" lon="10.494356">
        <ele>156.8</ele>
      </trkpt>
      <trkpt lat="42.981024" lon="10.494421">
        <ele>158.0</ele>
      </trkpt>
      <trkpt lat="42.981042" lon="10.494505">
        <ele>158.9</ele>
      </trkpt>
      <trkpt lat="42.981067" lon="10.494582">
        <ele>160.1</ele>
      </trkpt>
      <trkpt lat="42.981084" lon="10.494658">
        <ele>160.9</ele>
      </trkpt>
      <trkpt lat="42.981087" lon="10.494729">
        <ele>161.4</ele>
      </trkpt>
      <trkpt lat="42.981071" lon="10.494787">
        <ele>161.3</ele>
      </trkpt>
      <trkpt lat="42.981046" lon="10.494795">
        <ele>160.7</ele>
      </trkpt>
      <trkpt lat="42.981009" lon="10.494821">
        <ele>159.8</ele>
      </trkpt>
      <trkpt lat="42.980974" lon="10.49483">
        <ele>158.9</ele>
      </trkpt>
      <trkpt lat="42.980937" lon="10.494841">
        <ele>158.0</ele>
      </trkpt>
      <trkpt lat="42.9809" lon="10.494854">
        <ele>157.1</ele>
      </trkpt>
      <trkpt lat="42.980865" lon="10.494874">
        <ele>156.3</ele>
      </trkpt>
      <trkpt lat="42.980837" lon="10.494892">
        <ele>155.7</ele>
      </trkpt>
      <trkpt lat="42.980813" lon="10.494913">
        <ele>155.3</ele>
      </trkpt>
      <trkpt lat="42.980789" lon="10.494933">
        <ele>154.8</ele>
      </trkpt>
      <trkpt lat="42.980767" lon="10.494949">
        <ele>154.4</ele>
      </trkpt>
      <trkpt lat="42.980744" lon="10.49497">
        <ele>154.0</ele>
      </trkpt>
      <trkpt lat="42.98072" lon="10.494983">
        <ele>153.5</ele>
      </trkpt>
      <trkpt lat="42.980701" lon="10.495">
        <ele>153.2</ele>
      </trkpt>
      <trkpt lat="42.980687" lon="10.495027">
        <ele>153.1</ele>
      </trkpt>
      <trkpt lat="42.980672" lon="10.495057">
        <ele>153.0</ele>
      </trkpt>
      <trkpt lat="42.980661" lon="10.495083">
        <ele>153.1</ele>
      </trkpt>
      <trkpt lat="42.980648" lon="10.495109">
        <ele>153.0</ele>
      </trkpt>
      <trkpt lat="42.980637" lon="10.495139">
        <ele>153.0</ele>
      </trkpt>
      <trkpt lat="42.980628" lon="10.495175">
        <ele>153.2</ele>
      </trkpt>
      <trkpt lat="42.980618" lon="10.495212">
        <ele>153.4</ele>
      </trkpt>
      <trkpt lat="42.980607" lon="10.495253">
        <ele>153.6</ele>
      </trkpt>
      <trkpt lat="42.980598" lon="10.495291">
        <ele>153.9</ele>
      </trkpt>
      <trkpt lat="42.980586" lon="10.49533">
        <ele>154.4</ele>
      </trkpt>
      <trkpt lat="42.980575" lon="10.495367">
        <ele>154.8</ele>
      </trkpt>
      <trkpt lat="42.980569" lon="10.49541">
        <ele>155.5</ele>
      </trkpt>
      <trkpt lat="42.980557" lon="10.495448">
        <ele>156.0</ele>
      </trkpt>
      <trkpt lat="42.980546" lon="10.495489">
        <ele>156.5</ele>
      </trkpt>
      <trkpt lat="42.980538" lon="10.495528">
        <ele>157.1</ele>
      </trkpt>
      <trkpt lat="42.980528" lon="10.49556">
        <ele>157.5</ele>
      </trkpt>
      <trkpt lat="42.980517" lon="10.495598">
        <ele>158.0</ele>
      </trkpt>
      <trkpt lat="42.980506" lon="10.495635">
        <ele>158.5</ele>
      </trkpt>
      <trkpt lat="42.980492" lon="10.495672">
        <ele>158.9</ele>
      </trkpt>
      <trkpt lat="42.980475" lon="10.495708">
        <ele>159.3</ele>
      </trkpt>
      <trkpt lat="42.980457" lon="10.495745">
        <ele>159.8</ele>
      </trkpt>
      <trkpt lat="42.98044" lon="10.495782">
        <ele>160.2</ele>
      </trkpt>
      <trkpt lat="42.980422" lon="10.495818">
        <ele>160.7</ele>
      </trkpt>
      <trkpt lat="42.980402" lon="10.495854">
        <ele>161.1</ele>
      </trkpt>
      <trkpt lat="42.980385" lon="10.495891">
        <ele>161.6</ele>
      </trkpt>
      <trkpt lat="42.980371" lon="10.495931">
        <ele>162.2</ele>
      </trkpt>
      <trkpt lat="42.980357" lon="10.49597">
        <ele>162.8</ele>
      </trkpt>
      <trkpt lat="42.980345" lon="10.496007">
        <ele>163.4</ele>
      </trkpt>
      <trkpt lat="42.980331" lon="10.496046">
        <ele>164.0</ele>
      </trkpt>
      <trkpt lat="42.980318" lon="10.496085">
        <ele>164.6</ele>
      </trkpt>
      <trkpt lat="42.98031" lon="10.496129">
        <ele>165.3</ele>
      </trkpt>
      <trkpt lat="42.980298" lon="10.496173">
        <ele>165.9</ele>
      </trkpt>
      <trkpt lat="42.980284" lon="10.496207">
        <ele>166.3</ele>
      </trkpt>
      <trkpt lat="42.980265" lon="10.496241">
        <ele>166.6</ele>
      </trkpt>
      <trkpt lat="42.980244" lon="10.496272">
        <ele>166.9</ele>
      </trkpt>
      <trkpt lat="42.980223" lon="10.496303">
        <ele>167.2</ele>
      </trkpt>
      <trkpt lat="42.980197" lon="10.496324">
        <ele>167.3</ele>
      </trkpt>
      <trkpt lat="42.980169" lon="10.496346">
        <ele>167.3</ele>
      </trkpt>
      <trkpt lat="42.980138" lon="10.496361">
        <ele>167.2</ele>
      </trkpt>
      <trkpt lat="42.980108" lon="10.496371">
        <ele>167.1</ele>
      </trkpt>
      <trkpt lat="42.98008" lon="10.496371">
        <ele>166.8</ele>
      </trkpt>
      <trkpt lat="42.980052" lon="10.496364">
        <ele>166.4</ele>
      </trkpt>
      <trkpt lat="42.98002" lon="10.496361">
        <ele>166.0</ele>
      </trkpt>
      <trkpt lat="42.979987" lon="10.496356">
        <ele>165.5</ele>
      </trkpt>
      <trkpt lat="42.979956" lon="10.496361">
        <ele>165.3</ele>
      </trkpt>
      <trkpt lat="42.979929" lon="10.49637">
        <ele>165.1</ele>
      </trkpt>
      <trkpt lat="42.979906" lon="10.496388">
        <ele>165.2</ele>
      </trkpt>
      <trkpt lat="42.979878" lon="10.496396">
        <ele>165.1</ele>
      </trkpt>
      <trkpt lat="42.979849" lon="10.496406">
        <ele>164.9</ele>
      </trkpt>
      <trkpt lat="42.979821" lon="10.496417">
        <ele>164.8</ele>
      </trkpt>
      <trkpt lat="42.979795" lon="10.496433">
        <ele>164.9</ele>
      </trkpt>
      <trkpt lat="42.979774" lon="10.496449">
        <ele>165.0</ele>
      </trkpt>
      <trkpt lat="42.979754" lon="10.496464">
        <ele>165.0</ele>
      </trkpt>
      <trkpt lat="42.979735" lon="10.49649">
        <ele>165.3</ele>
      </trkpt>
      <trkpt lat="42.979718" lon="10.496523">
        <ele>165.8</ele>
      </trkpt>
      <trkpt lat="42.979704" lon="10.496557">
        <ele>166.2</ele>
      </trkpt>
      <trkpt lat="42.979691" lon="10.496587">
        <ele>166.7</ele>
      </trkpt>
      <trkpt lat="42.97968" lon="10.49662">
        <ele>167.2</ele>
      </trkpt>
      <trkpt lat="42.979669" lon="10.49665">
        <ele>167.7</ele>
      </trkpt>
      <trkpt lat="42.979656" lon="10.496678">
        <ele>168.1</ele>
      </trkpt>
      <trkpt lat="42.979641" lon="10.496706">
        <ele>168.5</ele>
      </trkpt>
      <trkpt lat="42.979624" lon="10.496736">
        <ele>168.8</ele>
      </trkpt>
      <trkpt lat="42.97961" lon="10.496764">
        <ele>169.2</ele>
      </trkpt>
      <trkpt lat="42.979604" lon="10.496794">
        <ele>169.6</ele>
      </trkpt>
      <trkpt lat="42.979595" lon="10.496823">
        <ele>170.1</ele>
      </trkpt>
      <trkpt lat="42.979583" lon="10.49685">
        <ele>170.4</ele>
      </trkpt>
      <trkpt lat="42.979574" lon="10.496875">
        <ele>170.7</ele>
      </trkpt>
      <trkpt lat="42.979562" lon="10.496903">
        <ele>171.0</ele>
      </trkpt>
      <trkpt lat="42.979551" lon="10.496926">
        <ele>171.3</ele>
      </trkpt>
      <trkpt lat="42.979547" lon="10.496947">
        <ele>171.5</ele>
      </trkpt>
      <trkpt lat="42.979538" lon="10.496969">
        <ele>171.6</ele>
      </trkpt>
      <trkpt lat="42.979528" lon="10.496991">
        <ele>171.6</ele>
      </trkpt>
      <trkpt lat="42.97952" lon="10.497012">
        <ele>171.7</ele>
      </trkpt>
      <trkpt lat="42.97951" lon="10.497037">
        <ele>171.7</ele>
      </trkpt>
      <trkpt lat="42.979505" lon="10.497065">
        <ele>171.9</ele>
      </trkpt>
      <trkpt lat="42.979494" lon="10.497088">
        <ele>171.9</ele>
      </trkpt>
      <trkpt lat="42.979483" lon="10.497111">
        <ele>171.9</ele>
      </trkpt>
      <trkpt lat="42.979476" lon="10.497137">
        <ele>172.0</ele>
      </trkpt>
      <trkpt lat="42.979464" lon="10.497163">
        <ele>172.0</ele>
      </trkpt>
      <trkpt lat="42.979452" lon="10.497185">
        <ele>172.1</ele>
      </trkpt>
      <trkpt lat="42.97944" lon="10.497207">
        <ele>172.0</ele>
      </trkpt>
      <trkpt lat="42.97943" lon="10.497229">
        <ele>172.0</ele>
      </trkpt>
      <trkpt lat="42.979419" lon="10.497254">
        <ele>172.0</ele>
      </trkpt>
      <trkpt lat="42.979408" lon="10.497273">
        <ele>172.0</ele>
      </trkpt>
      <trkpt lat="42.979398" lon="10.497294">
        <ele>172.0</ele>
      </trkpt>
      <trkpt lat="42.979391" lon="10.497323">
        <ele>172.1</ele>
      </trkpt>
      <trkpt lat="42.979387" lon="10.497351">
        <ele>172.3</ele>
      </trkpt>
      <trkpt lat="42.979379" lon="10.49738">
        <ele>172.4</ele>
      </trkpt>
      <trkpt lat="42.979372" lon="10.497408">
        <ele>172.5</ele>
      </trkpt>
      <trkpt lat="42.979363" lon="10.497428">
        <ele>172.5</ele>
      </trkpt>
      <trkpt lat="42.979349" lon="10.497454">
        <ele>172.4</ele>
      </trkpt>
      <trkpt lat="42.979339" lon="10.497487">
        <ele>172.5</ele>
      </trkpt>
      <trkpt lat="42.979331" lon="10.497514">
        <ele>172.5</ele>
      </trkpt>
      <trkpt lat="42.97932" lon="10.497544">
        <ele>172.6</ele>
      </trkpt>
      <trkpt lat="42.979311" lon="10.497584">
        <ele>172.7</ele>
      </trkpt>
      <trkpt lat="42.979301" lon="10.497629">
        <ele>172.8</ele>
      </trkpt>
      <trkpt lat="42.979286" lon="10.497687">
        <ele>173.0</ele>
      </trkpt>
      <trkpt lat="42.979264" lon="10.497741">
        <ele>173.0</ele>
      </trkpt>
      <trkpt lat="42.979246" lon="10.497805">
        <ele>173.0</ele>
      </trkpt>
      <trkpt lat="42.97922" lon="10.497872">
        <ele>173.0</ele>
      </trkpt>
      <trkpt lat="42.979189" lon="10.497933">
        <ele>172.7</ele>
      </trkpt>
      <trkpt lat="42.979148" lon="10.497986">
        <ele>172.3</ele>
      </trkpt>
      <trkpt lat="42.979105" lon="10.498028">
        <ele>171.7</ele>
      </trkpt>
      <trkpt lat="42.979059" lon="10.498068">
        <ele>171.0</ele>
      </trkpt>
      <trkpt lat="42.979018" lon="10.498118">
        <ele>170.6</ele>
      </trkpt>
      <trkpt lat="42.978981" lon="10.498173">
        <ele>170.2</ele>
      </trkpt>
      <trkpt lat="42.97895" lon="10.498231">
        <ele>170.0</ele>
      </trkpt>
      <trkpt lat="42.978918" lon="10.498284">
        <ele>169.8</ele>
      </trkpt>
      <trkpt lat="42.978889" lon="10.498344">
        <ele>169.6</ele>
      </trkpt>
      <trkpt lat="42.978862" lon="10.498411">
        <ele>169.6</ele>
      </trkpt>
      <trkpt lat="42.978847" lon="10.498484">
        <ele>169.8</ele>
      </trkpt>
      <trkpt lat="42.978836" lon="10.498557">
        <ele>170.1</ele>
      </trkpt>
      <trkpt lat="42.978823" lon="10.498629">
        <ele>170.4</ele>
      </trkpt>
      <trkpt lat="42.978807" lon="10.498692">
        <ele>170.6</ele>
      </trkpt>
      <trkpt lat="42.978793" lon="10.498765">
        <ele>171.0</ele>
      </trkpt>
      <trkpt lat="42.978778" lon="10.49884">
        <ele>171.3</ele>
      </trkpt>
      <trkpt lat="42.978762" lon="10.498908">
        <ele>171.6</ele>
      </trkpt>
      <trkpt lat="42.978741" lon="10.49897">
        <ele>171.8</ele>
      </trkpt>
      <trkpt lat="42.978713" lon="10.499023">
        <ele>171.8</ele>
      </trkpt>
      <trkpt lat="42.978682" lon="10.499076">
        <ele>171.8</ele>
      </trkpt>
      <trkpt lat="42.978651" lon="10.499123">
        <ele>171.8</ele>
      </trkpt>
      <trkpt lat="42.97863" lon="10.499166">
        <ele>171.9</ele>
      </trkpt>
      <trkpt lat="42.978607" lon="10.49921">
        <ele>172.1</ele>
      </trkpt>
      <trkpt lat="42.978586" lon="10.499251">
        <ele>172.2</ele>
      </trkpt>
      <trkpt lat="42.978559" lon="10.499285">
        <ele>172.2</ele>
      </trkpt>
      <trkpt lat="42.978531" lon="10.499321">
        <ele>172.3</ele>
      </trkpt>
      <trkpt lat="42.978505" lon="10.499362">
        <ele>172.4</ele>
      </trkpt>
      <trkpt lat="42.978485" lon="10.499403">
        <ele>172.6</ele>
      </trkpt>
      <trkpt lat="42.978464" lon="10.499444">
        <ele>172.9</ele>
      </trkpt>
      <trkpt lat="42.978448" lon="10.499496">
        <ele>173.2</ele>
      </trkpt>
      <trkpt lat="42.978433" lon="10.499547">
        <ele>173.5</ele>
      </trkpt>
      <trkpt lat="42.97842" lon="10.4996">
        <ele>173.9</ele>
      </trkpt>
      <trkpt lat="42.978405" lon="10.499653">
        <ele>174.3</ele>
      </trkpt>
      <trkpt lat="42.978388" lon="10.499707">
        <ele>174.6</ele>
      </trkpt>
      <trkpt lat="42.978372" lon="10.499758">
        <ele>175.0</ele>
      </trkpt>
      <trkpt lat="42.978356" lon="10.499802">
        <ele>175.3</ele>
      </trkpt>
      <trkpt lat="42.978334" lon="10.499849">
        <ele>175.6</ele>
      </trkpt>
      <trkpt lat="42.978314" lon="10.499887">
        <ele>175.7</ele>
      </trkpt>
      <trkpt lat="42.978293" lon="10.499925">
        <ele>175.9</ele>
      </trkpt>
      <trkpt lat="42.978271" lon="10.49996">
        <ele>176.1</ele>
      </trkpt>
      <trkpt lat="42.978245" lon="10.499997">
        <ele>176.2</ele>
      </trkpt>
      <trkpt lat="42.978219" lon="10.500028">
        <ele>176.3</ele>
      </trkpt>
      <trkpt lat="42.978193" lon="10.500052">
        <ele>176.3</ele>
      </trkpt>
      <trkpt lat="42.978165" lon="10.500075">
        <ele>176.4</ele>
      </trkpt>
      <trkpt lat="42.978135" lon="10.5001">
        <ele>176.4</ele>
      </trkpt>
      <trkpt lat="42.978112" lon="10.500126">
        <ele>176.4</ele>
      </trkpt>
      <trkpt lat="42.978087" lon="10.500151">
        <ele>176.5</ele>
      </trkpt>
      <trkpt lat="42.978064" lon="10.500172">
        <ele>176.5</ele>
      </trkpt>
      <trkpt lat="42.978035" lon="10.500195">
        <ele>176.5</ele>
      </trkpt>
      <trkpt lat="42.97801" lon="10.500212">
        <ele>176.5</ele>
      </trkpt>
      <trkpt lat="42.977984" lon="10.500226">
        <ele>176.5</ele>
      </trkpt>
      <trkpt lat="42.97796" lon="10.500235">
        <ele>176.6</ele>
      </trkpt>
      <trkpt lat="42.977936" lon="10.50025">
        <ele>176.9</ele>
      </trkpt>
      <trkpt lat="42.977912" lon="10.500271">
        <ele>177.3</ele>
      </trkpt>
      <trkpt lat="42.977886" lon="10.500285">
        <ele>177.5</ele>
      </trkpt>
      <trkpt lat="42.977862" lon="10.500292">
        <ele>177.7</ele>
      </trkpt>
      <trkpt lat="42.977828" lon="10.500299">
        <ele>177.9</ele>
      </trkpt>
      <trkpt lat="42.977798" lon="10.500301">
        <ele>178.1</ele>
      </trkpt>
      <trkpt lat="42.977769" lon="10.5003">
        <ele>178.2</ele>
      </trkpt>
      <trkpt lat="42.97774" lon="10.5003">
        <ele>178.3</ele>
      </trkpt>
      <trkpt lat="42.97771" lon="10.500298">
        <ele>178.5</ele>
      </trkpt>
      <trkpt lat="42.977682" lon="10.50029">
        <ele>178.5</ele>
      </trkpt>
      <trkpt lat="42.977653" lon="10.500281">
        <ele>178.6</ele>
      </trkpt>
      <trkpt lat="42.977623" lon="10.500272">
        <ele>178.7</ele>
      </trkpt>
      <trkpt lat="42.977593" lon="10.500267">
        <ele>178.8</ele>
      </trkpt>
      <trkpt lat="42.977562" lon="10.500258">
        <ele>178.8</ele>
      </trkpt>
      <trkpt lat="42.977531" lon="10.500254">
        <ele>178.9</ele>
      </trkpt>
      <trkpt lat="42.977497" lon="10.500252">
        <ele>179.1</ele>
      </trkpt>
      <trkpt lat="42.977462" lon="10.50025">
        <ele>179.2</ele>
      </trkpt>
      <trkpt lat="42.977427" lon="10.500249">
        <ele>179.4</ele>
      </trkpt>
      <trkpt lat="42.977393" lon="10.50025">
        <ele>179.5</ele>
      </trkpt>
      <trkpt lat="42.977361" lon="10.500257">
        <ele>179.8</ele>
      </trkpt>
      <trkpt lat="42.977327" lon="10.500266">
        <ele>180.0</ele>
      </trkpt>
      <trkpt lat="42.977296" lon="10.500275">
        <ele>180.3</ele>
      </trkpt>
      <trkpt lat="42.977267" lon="10.500292">
        <ele>180.6</ele>
      </trkpt>
      <trkpt lat="42.977237" lon="10.500313">
        <ele>180.8</ele>
      </trkpt>
      <trkpt lat="42.977205" lon="10.500321">
        <ele>181.1</ele>
      </trkpt>
      <trkpt lat="42.977175" lon="10.500326">
        <ele>181.2</ele>
      </trkpt>
      <trkpt lat="42.977149" lon="10.50033">
        <ele>181.4</ele>
      </trkpt>
      <trkpt lat="42.977118" lon="10.500338">
        <ele>181.4</ele>
      </trkpt>
      <trkpt lat="42.977083" lon="10.500344">
        <ele>181.3</ele>
      </trkpt>
      <trkpt lat="42.977049" lon="10.500347">
        <ele>181.2</ele>
      </trkpt>
      <trkpt lat="42.977018" lon="10.500359">
        <ele>181.2</ele>
      </trkpt>
      <trkpt lat="42.97698" lon="10.500364">
        <ele>181.1</ele>
      </trkpt>
      <trkpt lat="42.976942" lon="10.500368">
        <ele>181.0</ele>
      </trkpt>
      <trkpt lat="42.976904" lon="10.500362">
        <ele>180.9</ele>
      </trkpt>
      <trkpt lat="42.976864" lon="10.500353">
        <ele>180.7</ele>
      </trkpt>
      <trkpt lat="42.976828" lon="10.50035">
        <ele>180.5</ele>
      </trkpt>
      <trkpt lat="42.976792" lon="10.500352">
        <ele>180.4</ele>
      </trkpt>
      <trkpt lat="42.976755" lon="10.500359">
        <ele>180.4</ele>
      </trkpt>
      <trkpt lat="42.976715" lon="10.50036">
        <ele>180.3</ele>
      </trkpt>
      <trkpt lat="42.976678" lon="10.500368">
        <ele>180.3</ele>
      </trkpt>
      <trkpt lat="42.976643" lon="10.500373">
        <ele>180.2</ele>
      </trkpt>
      <trkpt lat="42.976613" lon="10.500381">
        <ele>180.2</ele>
      </trkpt>
      <trkpt lat="42.976584" lon="10.500394">
        <ele>180.2</ele>
      </trkpt>
      <trkpt lat="42.976557" lon="10.500413">
        <ele>180.4</ele>
      </trkpt>
      <trkpt lat="42.97653" lon="10.500424">
        <ele>180.4</ele>
      </trkpt>
      <trkpt lat="42.976502" lon="10.500431">
        <ele>180.4</ele>
      </trkpt>
      <trkpt lat="42.976476" lon="10.500444">
        <ele>180.5</ele>
      </trkpt>
      <trkpt lat="42.97645" lon="10.500459">
        <ele>180.6</ele>
      </trkpt>
      <trkpt lat="42.97643" lon="10.500474">
        <ele>180.7</ele>
      </trkpt>
      <trkpt lat="42.976414" lon="10.500493">
        <ele>180.9</ele>
      </trkpt>
      <trkpt lat="42.976393" lon="10.500517">
        <ele>181.1</ele>
      </trkpt>
      <trkpt lat="42.976383" lon="10.500545">
        <ele>181.4</ele>
      </trkpt>
      <trkpt lat="42.976373" lon="10.500572">
        <ele>181.7</ele>
      </trkpt>
      <trkpt lat="42.976367" lon="10.500593">
        <ele>181.9</ele>
      </trkpt>
      <trkpt lat="42.976362" lon="10.500611">
        <ele>182.1</ele>
      </trkpt>
      <trkpt lat="42.976358" lon="10.500624">
        <ele>182.3</ele>
      </trkpt>
      <trkpt lat="42.976354" lon="10.500638">
        <ele>182.5</ele>
      </trkpt>
      <trkpt lat="42.976349" lon="10.500652">
        <ele>182.6</ele>
      </trkpt>
      <trkpt lat="42.976344" lon="10.500672">
        <ele>182.8</ele>
      </trkpt>
      <trkpt lat="42.976344" lon="10.500674">
        <ele>182.9</ele>
      </trkpt>
      <trkpt lat="42.976343" lon="10.500679">
        <ele>182.9</ele>
      </trkpt>
      <trkpt lat="42.97629" lon="10.500709">
        <ele>183.1</ele>
      </trkpt>
      <trkpt lat="42.976268" lon="10.500742">
        <ele>183.3</ele>
      </trkpt>
      <trkpt lat="42.976248" lon="10.500786">
        <ele>183.8</ele>
      </trkpt>
      <trkpt lat="42.976229" lon="10.500832">
        <ele>184.3</ele>
      </trkpt>
      <trkpt lat="42.976205" lon="10.500875">
        <ele>184.7</ele>
      </trkpt>
      <trkpt lat="42.976176" lon="10.500918">
        <ele>185.1</ele>
      </trkpt>
      <trkpt lat="42.976137" lon="10.50095">
        <ele>185.3</ele>
      </trkpt>
      <trkpt lat="42.976089" lon="10.500975">
        <ele>185.4</ele>
      </trkpt>
      <trkpt lat="42.976038" lon="10.500994">
        <ele>185.5</ele>
      </trkpt>
      <trkpt lat="42.975984" lon="10.501002">
        <ele>185.3</ele>
      </trkpt>
      <trkpt lat="42.975933" lon="10.500995">
        <ele>185.0</ele>
      </trkpt>
      <trkpt lat="42.975883" lon="10.500985">
        <ele>184.6</ele>
      </trkpt>
      <trkpt lat="42.975836" lon="10.500964">
        <ele>184.1</ele>
      </trkpt>
      <trkpt lat="42.975787" lon="10.500932">
        <ele>183.4</ele>
      </trkpt>
      <trkpt lat="42.975738" lon="10.500909">
        <ele>182.8</ele>
      </trkpt>
      <trkpt lat="42.975682" lon="10.50091">
        <ele>182.5</ele>
      </trkpt>
      <trkpt lat="42.975625" lon="10.500926">
        <ele>182.5</ele>
      </trkpt>
      <trkpt lat="42.975575" lon="10.500948">
        <ele>182.6</ele>
      </trkpt>
      <trkpt lat="42.975527" lon="10.500989">
        <ele>183.1</ele>
      </trkpt>
      <trkpt lat="42.97549" lon="10.501036">
        <ele>183.8</ele>
      </trkpt>
      <trkpt lat="42.975451" lon="10.501082">
        <ele>184.9</ele>
      </trkpt>
      <trkpt lat="42.97542" lon="10.501136">
        <ele>186.1</ele>
      </trkpt>
      <trkpt lat="42.975383" lon="10.501186">
        <ele>187.3</ele>
      </trkpt>
      <trkpt lat="42.975345" lon="10.501222">
        <ele>188.3</ele>
      </trkpt>
      <trkpt lat="42.975297" lon="10.501249">
        <ele>189.2</ele>
      </trkpt>
      <trkpt lat="42.975254" lon="10.50126">
        <ele>189.8</ele>
      </trkpt>
      <trkpt lat="42.975213" lon="10.50126">
        <ele>190.1</ele>
      </trkpt>
      <trkpt lat="42.975174" lon="10.501252">
        <ele>190.3</ele>
      </trkpt>
      <trkpt lat="42.975141" lon="10.501233">
        <ele>190.2</ele>
      </trkpt>
      <trkpt lat="42.975121" lon="10.501213">
        <ele>190.1</ele>
      </trkpt>
      <trkpt lat="42.975101" lon="10.501198">
        <ele>190.0</ele>
      </trkpt>
      <trkpt lat="42.975086" lon="10.501187">
        <ele>189.9</ele>
      </trkpt>
      <trkpt lat="42.975069" lon="10.501175">
        <ele>189.8</ele>
      </trkpt>
      <trkpt lat="42.975048" lon="10.501156">
        <ele>189.6</ele>
      </trkpt>
      <trkpt lat="42.975024" lon="10.501132">
        <ele>189.4</ele>
      </trkpt>
      <trkpt lat="42.975" lon="10.501113">
        <ele>189.2</ele>
      </trkpt>
      <trkpt lat="42.974976" lon="10.501093">
        <ele>189.1</ele>
      </trkpt>
      <trkpt lat="42.974955" lon="10.501074">
        <ele>188.9</ele>
      </trkpt>
      <trkpt lat="42.974938" lon="10.50105">
        <ele>188.6</ele>
      </trkpt>
      <trkpt lat="42.974919" lon="10.501031">
        <ele>188.4</ele>
      </trkpt>
      <trkpt lat="42.974895" lon="10.501017">
        <ele>188.4</ele>
      </trkpt>
      <trkpt lat="42.974872" lon="10.500996">
        <ele>188.2</ele>
      </trkpt>
      <trkpt lat="42.97485" lon="10.500976">
        <ele>188.0</ele>
      </trkpt>
      <trkpt lat="42.974828" lon="10.500957">
        <ele>187.8</ele>
      </trkpt>
      <trkpt lat="42.974807" lon="10.500934">
        <ele>187.6</ele>
      </trkpt>
      <trkpt lat="42.974789" lon="10.500911">
        <ele>187.4</ele>
      </trkpt>
      <trkpt lat="42.974767" lon="10.500892">
        <ele>187.2</ele>
      </trkpt>
      <trkpt lat="42.974747" lon="10.500874">
        <ele>187.0</ele>
      </trkpt>
      <trkpt lat="42.97472" lon="10.500857">
        <ele>186.9</ele>
      </trkpt>
      <trkpt lat="42.9747" lon="10.500838">
        <ele>186.8</ele>
      </trkpt>
      <trkpt lat="42.974676" lon="10.500818">
        <ele>186.6</ele>
      </trkpt>
      <trkpt lat="42.974655" lon="10.500801">
        <ele>186.5</ele>
      </trkpt>
      <trkpt lat="42.97463" lon="10.500791">
        <ele>186.8</ele>
      </trkpt>
      <trkpt lat="42.974609" lon="10.50078">
        <ele>187.0</ele>
      </trkpt>
      <trkpt lat="42.974585" lon="10.500776">
        <ele>187.4</ele>
      </trkpt>
      <trkpt lat="42.974559" lon="10.50077">
        <ele>187.8</ele>
      </trkpt>
      <trkpt lat="42.974538" lon="10.500772">
        <ele>188.2</ele>
      </trkpt>
      <trkpt lat="42.974517" lon="10.500776">
        <ele>188.7</ele>
      </trkpt>
      <trkpt lat="42.974495" lon="10.500785">
        <ele>189.3</ele>
      </trkpt>
      <trkpt lat="42.974474" lon="10.500789">
        <ele>189.8</ele>
      </trkpt>
      <trkpt lat="42.974453" lon="10.500798">
        <ele>190.4</ele>
      </trkpt>
      <trkpt lat="42.974431" lon="10.500813">
        <ele>191.1</ele>
      </trkpt>
      <trkpt lat="42.974414" lon="10.500831">
        <ele>191.8</ele>
      </trkpt>
      <trkpt lat="42.974396" lon="10.500844">
        <ele>192.4</ele>
      </trkpt>
      <trkpt lat="42.974377" lon="10.500861">
        <ele>193.0</ele>
      </trkpt>
      <trkpt lat="42.974357" lon="10.500876">
        <ele>193.7</ele>
      </trkpt>
      <trkpt lat="42.974338" lon="10.500888">
        <ele>194.3</ele>
      </trkpt>
      <trkpt lat="42.974317" lon="10.500899">
        <ele>194.8</ele>
      </trkpt>
      <trkpt lat="42.974301" lon="10.500914">
        <ele>195.4</ele>
      </trkpt>
      <trkpt lat="42.974287" lon="10.500936">
        <ele>196.1</ele>
      </trkpt>
      <trkpt lat="42.974278" lon="10.500961">
        <ele>196.7</ele>
      </trkpt>
      <trkpt lat="42.974263" lon="10.50098">
        <ele>197.3</ele>
      </trkpt>
      <trkpt lat="42.974246" lon="10.500987">
        <ele>197.7</ele>
      </trkpt>
      <trkpt lat="42.974234" lon="10.500992">
        <ele>198.1</ele>
      </trkpt>
      <trkpt lat="42.974224" lon="10.501006">
        <ele>198.5</ele>
      </trkpt>
      <trkpt lat="42.97421" lon="10.501014">
        <ele>198.9</ele>
      </trkpt>
      <trkpt lat="42.9742" lon="10.501031">
        <ele>199.4</ele>
      </trkpt>
      <trkpt lat="42.974186" lon="10.501048">
        <ele>200.0</ele>
      </trkpt>
      <trkpt lat="42.974172" lon="10.501064">
        <ele>200.5</ele>
      </trkpt>
      <trkpt lat="42.97416" lon="10.501081">
        <ele>201.0</ele>
      </trkpt>
      <trkpt lat="42.974143" lon="10.501091">
        <ele>201.5</ele>
      </trkpt>
      <trkpt lat="42.97413" lon="10.501092">
        <ele>201.8</ele>
      </trkpt>
      <trkpt lat="42.974117" lon="10.501103">
        <ele>202.2</ele>
      </trkpt>
      <trkpt lat="42.974104" lon="10.501116">
        <ele>202.7</ele>
      </trkpt>
      <trkpt lat="42.974097" lon="10.501134">
        <ele>203.2</ele>
      </trkpt>
      <trkpt lat="42.974087" lon="10.50115">
        <ele>203.6</ele>
      </trkpt>
      <trkpt lat="42.974075" lon="10.501158">
        <ele>204.0</ele>
      </trkpt>
      <trkpt lat="42.974065" lon="10.501169">
        <ele>204.4</ele>
      </trkpt>
      <trkpt lat="42.974057" lon="10.501186">
        <ele>204.9</ele>
      </trkpt>
      <trkpt lat="42.974045" lon="10.501203">
        <ele>205.4</ele>
      </trkpt>
      <trkpt lat="42.97403" lon="10.501213">
        <ele>205.9</ele>
      </trkpt>
      <trkpt lat="42.97402" lon="10.501222">
        <ele>206.2</ele>
      </trkpt>
      <trkpt lat="42.974012" lon="10.501234">
        <ele>206.6</ele>
      </trkpt>
      <trkpt lat="42.974003" lon="10.501246">
        <ele>207.0</ele>
      </trkpt>
      <trkpt lat="42.97399" lon="10.501258">
        <ele>207.5</ele>
      </trkpt>
      <trkpt lat="42.973976" lon="10.501267">
        <ele>207.9</ele>
      </trkpt>
      <trkpt lat="42.973961" lon="10.501273">
        <ele>208.3</ele>
      </trkpt>
      <trkpt lat="42.973946" lon="10.501281">
        <ele>208.7</ele>
      </trkpt>
      <trkpt lat="42.973933" lon="10.50129">
        <ele>209.1</ele>
      </trkpt>
      <trkpt lat="42.973924" lon="10.501298">
        <ele>209.5</ele>
      </trkpt>
      <trkpt lat="42.973907" lon="10.50131">
        <ele>210.0</ele>
      </trkpt>
      <trkpt lat="42.973888" lon="10.50132">
        <ele>210.5</ele>
      </trkpt>
      <trkpt lat="42.973876" lon="10.501325">
        <ele>210.9</ele>
      </trkpt>
      <trkpt lat="42.973864" lon="10.501333">
        <ele>211.2</ele>
      </trkpt>
      <trkpt lat="42.973849" lon="10.501333">
        <ele>211.5</ele>
      </trkpt>
      <trkpt lat="42.973831" lon="10.501327">
        <ele>211.7</ele>
      </trkpt>
      <trkpt lat="42.973812" lon="10.501323">
        <ele>212.0</ele>
      </trkpt>
      <trkpt lat="42.973792" lon="10.501322">
        <ele>212.5</ele>
      </trkpt>
      <trkpt lat="42.973769" lon="10.501318">
        <ele>213.0</ele>
      </trkpt>
      <trkpt lat="42.973754" lon="10.501307">
        <ele>213.2</ele>
      </trkpt>
      <trkpt lat="42.97374" lon="10.501295">
        <ele>213.3</ele>
      </trkpt>
      <trkpt lat="42.973728" lon="10.501281">
        <ele>213.4</ele>
      </trkpt>
      <trkpt lat="42.973712" lon="10.501262">
        <ele>213.5</ele>
      </trkpt>
      <trkpt lat="42.973699" lon="10.501238">
        <ele>213.4</ele>
      </trkpt>
      <trkpt lat="42.973686" lon="10.501217">
        <ele>213.3</ele>
      </trkpt>
      <trkpt lat="42.973673" lon="10.501193">
        <ele>213.3</ele>
      </trkpt>
      <trkpt lat="42.973663" lon="10.501168">
        <ele>213.1</ele>
      </trkpt>
      <trkpt lat="42.97365" lon="10.501146">
        <ele>213.1</ele>
      </trkpt>
      <trkpt lat="42.973638" lon="10.501121">
        <ele>213.0</ele>
      </trkpt>
      <trkpt lat="42.973628" lon="10.501096">
        <ele>212.8</ele>
      </trkpt>
      <trkpt lat="42.973625" lon="10.501068">
        <ele>212.5</ele>
      </trkpt>
      <trkpt lat="42.973616" lon="10.50104">
        <ele>212.3</ele>
      </trkpt>
      <trkpt lat="42.973608" lon="10.50101">
        <ele>212.1</ele>
      </trkpt>
      <trkpt lat="42.973597" lon="10.500985">
        <ele>212.0</ele>
      </trkpt>
      <trkpt lat="42.973583" lon="10.50096">
        <ele>212.0</ele>
      </trkpt>
      <trkpt lat="42.973566" lon="10.500937">
        <ele>212.1</ele>
      </trkpt>
      <trkpt lat="42.973553" lon="10.500916">
        <ele>212.1</ele>
      </trkpt>
      <trkpt lat="42.97354" lon="10.500896">
        <ele>212.2</ele>
      </trkpt>
      <trkpt lat="42.973523" lon="10.500879">
        <ele>212.4</ele>
      </trkpt>
      <trkpt lat="42.973506" lon="10.500862">
        <ele>212.6</ele>
      </trkpt>
      <trkpt lat="42.97349" lon="10.50085">
        <ele>212.9</ele>
      </trkpt>
      <trkpt lat="42.973471" lon="10.500833">
        <ele>213.1</ele>
      </trkpt>
      <trkpt lat="42.973454" lon="10.50082">
        <ele>213.4</ele>
      </trkpt>
      <trkpt lat="42.973437" lon="10.500806">
        <ele>213.7</ele>
      </trkpt>
      <trkpt lat="42.97342" lon="10.500793">
        <ele>214.0</ele>
      </trkpt>
      <trkpt lat="42.973398" lon="10.500779">
        <ele>214.3</ele>
      </trkpt>
      <trkpt lat="42.973379" lon="10.500764">
        <ele>214.7</ele>
      </trkpt>
      <trkpt lat="42.973364" lon="10.500748">
        <ele>214.9</ele>
      </trkpt>
      <trkpt lat="42.973343" lon="10.500732">
        <ele>215.2</ele>
      </trkpt>
      <trkpt lat="42.973325" lon="10.500718">
        <ele>215.5</ele>
      </trkpt>
      <trkpt lat="42.973309" lon="10.500701">
        <ele>215.6</ele>
      </trkpt>
      <trkpt lat="42.973293" lon="10.500679">
        <ele>215.8</ele>
      </trkpt>
      <trkpt lat="42.973274" lon="10.500661">
        <ele>216.1</ele>
      </trkpt>
      <trkpt lat="42.97326" lon="10.500638">
        <ele>216.2</ele>
      </trkpt>
      <trkpt lat="42.973247" lon="10.500614">
        <ele>216.2</ele>
      </trkpt>
      <trkpt lat="42.973237" lon="10.500588">
        <ele>216.1</ele>
      </trkpt>
      <trkpt lat="42.973225" lon="10.500557">
        <ele>216.0</ele>
      </trkpt>
      <trkpt lat="42.973222" lon="10.500528">
        <ele>215.7</ele>
      </trkpt>
      <trkpt lat="42.973219" lon="10.500503">
        <ele>215.4</ele>
      </trkpt>
      <trkpt lat="42.973214" lon="10.500478">
        <ele>215.2</ele>
      </trkpt>
      <trkpt lat="42.97321" lon="10.500456">
        <ele>215.0</ele>
      </trkpt>
      <trkpt lat="42.973207" lon="10.50043">
        <ele>214.8</ele>
      </trkpt>
      <trkpt lat="42.9732" lon="10.5004">
        <ele>214.5</ele>
      </trkpt>
      <trkpt lat="42.973199" lon="10.500376">
        <ele>214.2</ele>
      </trkpt>
      <trkpt lat="42.973198" lon="10.500355">
        <ele>213.9</ele>
      </trkpt>
      <trkpt lat="42.973196" lon="10.500332">
        <ele>213.7</ele>
      </trkpt>
      <trkpt lat="42.973191" lon="10.500303">
        <ele>213.5</ele>
      </trkpt>
      <trkpt lat="42.973191" lon="10.500277">
        <ele>213.1</ele>
      </trkpt>
      <trkpt lat="42.973188" lon="10.500258">
        <ele>212.9</ele>
      </trkpt>
      <trkpt lat="42.973181" lon="10.500235">
        <ele>212.8</ele>
      </trkpt>
      <trkpt lat="42.973177" lon="10.500214">
        <ele>212.6</ele>
      </trkpt>
      <trkpt lat="42.973169" lon="10.500192">
        <ele>212.6</ele>
      </trkpt>
      <trkpt lat="42.973162" lon="10.50017">
        <ele>212.5</ele>
      </trkpt>
      <trkpt lat="42.973153" lon="10.500148">
        <ele>212.4</ele>
      </trkpt>
      <trkpt lat="42.973148" lon="10.500127">
        <ele>212.3</ele>
      </trkpt>
      <trkpt lat="42.973141" lon="10.50011">
        <ele>212.3</ele>
      </trkpt>
      <trkpt lat="42.973137" lon="10.50009">
        <ele>212.1</ele>
      </trkpt>
      <trkpt lat="42.973133" lon="10.500074">
        <ele>212.1</ele>
      </trkpt>
      <trkpt lat="42.973122" lon="10.500059">
        <ele>212.2</ele>
      </trkpt>
      <trkpt lat="42.973112" lon="10.50004">
        <ele>212.2</ele>
      </trkpt>
      <trkpt lat="42.973102" lon="10.500019">
        <ele>212.2</ele>
      </trkpt>
      <trkpt lat="42.973089" lon="10.5">
        <ele>212.4</ele>
      </trkpt>
      <trkpt lat="42.973077" lon="10.499985">
        <ele>212.5</ele>
      </trkpt>
      <trkpt lat="42.973063" lon="10.49997">
        <ele>212.7</ele>
      </trkpt>
      <trkpt lat="42.973049" lon="10.499958">
        <ele>213.0</ele>
      </trkpt>
      <trkpt lat="42.973036" lon="10.499947">
        <ele>213.2</ele>
      </trkpt>
      <trkpt lat="42.973022" lon="10.499938">
        <ele>213.4</ele>
      </trkpt>
      <trkpt lat="42.973007" lon="10.499927">
        <ele>213.7</ele>
      </trkpt>
      <trkpt lat="42.972993" lon="10.499923">
        <ele>214.1</ele>
      </trkpt>
      <trkpt lat="42.972976" lon="10.499921">
        <ele>214.5</ele>
      </trkpt>
      <trkpt lat="42.972962" lon="10.499919">
        <ele>214.7</ele>
      </trkpt>
      <trkpt lat="42.972949" lon="10.499915">
        <ele>214.8</ele>
      </trkpt>
      <trkpt lat="42.972935" lon="10.499909">
        <ele>214.9</ele>
      </trkpt>
      <trkpt lat="42.972921" lon="10.499903">
        <ele>215.1</ele>
      </trkpt>
      <trkpt lat="42.972907" lon="10.499896">
        <ele>215.2</ele>
      </trkpt>
      <trkpt lat="42.972894" lon="10.499887">
        <ele>215.3</ele>
      </trkpt>
      <trkpt lat="42.972877" lon="10.499881">
        <ele>215.4</ele>
      </trkpt>
      <trkpt lat="42.972858" lon="10.499876">
        <ele>215.7</ele>
      </trkpt>
      <trkpt lat="42.972837" lon="10.499879">
        <ele>216.0</ele>
      </trkpt>
      <trkpt lat="42.97282" lon="10.499883">
        <ele>216.3</ele>
      </trkpt>
      <trkpt lat="42.972806" lon="10.499882">
        <ele>216.5</ele>
      </trkpt>
      <trkpt lat="42.972789" lon="10.499876">
        <ele>216.7</ele>
      </trkpt>
      <trkpt lat="42.972776" lon="10.499883">
        <ele>217.0</ele>
      </trkpt>
      <trkpt lat="42.972759" lon="10.499883">
        <ele>217.3</ele>
      </trkpt>
      <trkpt lat="42.972745" lon="10.49988">
        <ele>217.4</ele>
      </trkpt>
      <trkpt lat="42.972729" lon="10.499878">
        <ele>217.6</ele>
      </trkpt>
      <trkpt lat="42.972713" lon="10.499876">
        <ele>217.9</ele>
      </trkpt>
      <trkpt lat="42.972696" lon="10.499875">
        <ele>218.1</ele>
      </trkpt>
      <trkpt lat="42.972682" lon="10.499878">
        <ele>218.3</ele>
      </trkpt>
      <trkpt lat="42.972665" lon="10.499876">
        <ele>218.6</ele>
      </trkpt>
      <trkpt lat="42.97265" lon="10.499872">
        <ele>218.7</ele>
      </trkpt>
      <trkpt lat="42.972634" lon="10.499868">
        <ele>218.9</ele>
      </trkpt>
      <trkpt lat="42.972618" lon="10.499865">
        <ele>219.1</ele>
      </trkpt>
      <trkpt lat="42.972598" lon="10.499861">
        <ele>219.4</ele>
      </trkpt>
      <trkpt lat="42.97258" lon="10.499865">
        <ele>219.7</ele>
      </trkpt>
      <trkpt lat="42.972563" lon="10.499861">
        <ele>219.9</ele>
      </trkpt>
      <trkpt lat="42.972549" lon="10.49986">
        <ele>220.1</ele>
      </trkpt>
      <trkpt lat="42.972534" lon="10.499859">
        <ele>220.3</ele>
      </trkpt>
      <trkpt lat="42.97252" lon="10.499859">
        <ele>220.5</ele>
      </trkpt>
      <trkpt lat="42.972506" lon="10.499864">
        <ele>220.8</ele>
      </trkpt>
      <trkpt lat="42.972491" lon="10.499867">
        <ele>221.1</ele>
      </trkpt>
      <trkpt lat="42.972476" lon="10.499871">
        <ele>221.4</ele>
      </trkpt>
      <trkpt lat="42.972461" lon="10.499874">
        <ele>221.6</ele>
      </trkpt>
      <trkpt lat="42.972446" lon="10.499882">
        <ele>222.0</ele>
      </trkpt>
      <trkpt lat="42.972424" lon="10.499887">
        <ele>222.4</ele>
      </trkpt>
      <trkpt lat="42.972408" lon="10.499894">
        <ele>222.7</ele>
      </trkpt>
      <trkpt lat="42.972391" lon="10.499898">
        <ele>223.1</ele>
      </trkpt>
      <trkpt lat="42.972374" lon="10.499901">
        <ele>223.4</ele>
      </trkpt>
      <trkpt lat="42.97236" lon="10.499908">
        <ele>223.7</ele>
      </trkpt>
      <trkpt lat="42.972345" lon="10.499914">
        <ele>224.0</ele>
      </trkpt>
      <trkpt lat="42.972326" lon="10.499925">
        <ele>224.5</ele>
      </trkpt>
      <trkpt lat="42.972308" lon="10.499931">
        <ele>224.9</ele>
      </trkpt>
      <trkpt lat="42.972286" lon="10.49994">
        <ele>225.3</ele>
      </trkpt>
      <trkpt lat="42.972263" lon="10.499943">
        <ele>225.7</ele>
      </trkpt>
      <trkpt lat="42.972245" lon="10.499956">
        <ele>226.2</ele>
      </trkpt>
      <trkpt lat="42.972226" lon="10.499969">
        <ele>226.7</ele>
      </trkpt>
      <trkpt lat="42.972206" lon="10.499979">
        <ele>227.2</ele>
      </trkpt>
      <trkpt lat="42.972187" lon="10.499985">
        <ele>227.6</ele>
      </trkpt>
      <trkpt lat="42.97217" lon="10.49999">
        <ele>228.0</ele>
      </trkpt>
      <trkpt lat="42.97215" lon="10.499999">
        <ele>228.4</ele>
      </trkpt>
      <trkpt lat="42.97213" lon="10.500008">
        <ele>228.6</ele>
      </trkpt>
      <trkpt lat="42.972109" lon="10.500016">
        <ele>228.8</ele>
      </trkpt>
      <trkpt lat="42.972089" lon="10.500026">
        <ele>229.0</ele>
      </trkpt>
      <trkpt lat="42.972072" lon="10.500036">
        <ele>229.1</ele>
      </trkpt>
      <trkpt lat="42.972054" lon="10.500042">
        <ele>229.3</ele>
      </trkpt>
      <trkpt lat="42.972032" lon="10.500054">
        <ele>229.5</ele>
      </trkpt>
      <trkpt lat="42.972011" lon="10.50006">
        <ele>229.6</ele>
      </trkpt>
      <trkpt lat="42.971987" lon="10.500062">
        <ele>229.7</ele>
      </trkpt>
      <trkpt lat="42.971969" lon="10.500071">
        <ele>229.9</ele>
      </trkpt>
      <trkpt lat="42.971946" lon="10.500082">
        <ele>230.0</ele>
      </trkpt>
      <trkpt lat="42.971927" lon="10.500088">
        <ele>230.2</ele>
      </trkpt>
      <trkpt lat="42.971908" lon="10.500093">
        <ele>230.3</ele>
      </trkpt>
      <trkpt lat="42.971889" lon="10.500101">
        <ele>230.4</ele>
      </trkpt>
      <trkpt lat="42.971871" lon="10.500106">
        <ele>230.5</ele>
      </trkpt>
      <trkpt lat="42.971852" lon="10.500103">
        <ele>230.5</ele>
      </trkpt>
      <trkpt lat="42.971829" lon="10.500103">
        <ele>230.5</ele>
      </trkpt>
      <trkpt lat="42.971809" lon="10.500104">
        <ele>230.5</ele>
      </trkpt>
      <trkpt lat="42.971788" lon="10.500102">
        <ele>230.5</ele>
      </trkpt>
      <trkpt lat="42.97177" lon="10.500101">
        <ele>230.5</ele>
      </trkpt>
      <trkpt lat="42.97175" lon="10.500106">
        <ele>230.6</ele>
      </trkpt>
      <trkpt lat="42.971726" lon="10.500118">
        <ele>230.8</ele>
      </trkpt>
      <trkpt lat="42.971705" lon="10.500128">
        <ele>231.0</ele>
      </trkpt>
      <trkpt lat="42.971685" lon="10.500144">
        <ele>231.2</ele>
      </trkpt>
      <trkpt lat="42.971665" lon="10.500155">
        <ele>231.4</ele>
      </trkpt>
      <trkpt lat="42.971643" lon="10.500159">
        <ele>231.4</ele>
      </trkpt>
      <trkpt lat="42.971627" lon="10.50017">
        <ele>231.6</ele>
      </trkpt>
      <trkpt lat="42.971608" lon="10.50018">
        <ele>231.7</ele>
      </trkpt>
      <trkpt lat="42.971592" lon="10.500191">
        <ele>231.9</ele>
      </trkpt>
      <trkpt lat="42.971571" lon="10.500206">
        <ele>232.1</ele>
      </trkpt>
      <trkpt lat="42.971549" lon="10.50022">
        <ele>232.3</ele>
      </trkpt>
      <trkpt lat="42.971527" lon="10.500232">
        <ele>232.5</ele>
      </trkpt>
      <trkpt lat="42.971508" lon="10.500242">
        <ele>232.6</ele>
      </trkpt>
      <trkpt lat="42.971484" lon="10.500249">
        <ele>232.7</ele>
      </trkpt>
      <trkpt lat="42.971457" lon="10.50026">
        <ele>232.9</ele>
      </trkpt>
      <trkpt lat="42.97143" lon="10.50027">
        <ele>233.0</ele>
      </trkpt>
      <trkpt lat="42.971407" lon="10.500277">
        <ele>233.1</ele>
      </trkpt>
      <trkpt lat="42.971384" lon="10.500287">
        <ele>233.2</ele>
      </trkpt>
      <trkpt lat="42.971363" lon="10.500287">
        <ele>233.2</ele>
      </trkpt>
      <trkpt lat="42.971339" lon="10.500289">
        <ele>233.2</ele>
      </trkpt>
      <trkpt lat="42.971314" lon="10.500293">
        <ele>233.3</ele>
      </trkpt>
      <trkpt lat="42.971287" lon="10.500293">
        <ele>233.2</ele>
      </trkpt>
      <trkpt lat="42.971265" lon="10.500292">
        <ele>233.2</ele>
      </trkpt>
      <trkpt lat="42.971241" lon="10.500287">
        <ele>233.1</ele>
      </trkpt>
      <trkpt lat="42.971218" lon="10.500286">
        <ele>233.0</ele>
      </trkpt>
      <trkpt lat="42.971192" lon="10.500287">
        <ele>233.0</ele>
      </trkpt>
      <trkpt lat="42.971168" lon="10.50028">
        <ele>232.9</ele>
      </trkpt>
      <trkpt lat="42.971143" lon="10.500278">
        <ele>232.8</ele>
      </trkpt>
      <trkpt lat="42.971118" lon="10.500281">
        <ele>232.8</ele>
      </trkpt>
      <trkpt lat="42.971091" lon="10.500285">
        <ele>232.8</ele>
      </trkpt>
      <trkpt lat="42.971068" lon="10.500287">
        <ele>232.8</ele>
      </trkpt>
      <trkpt lat="42.97105" lon="10.500289">
        <ele>232.8</ele>
      </trkpt>
      <trkpt lat="42.971027" lon="10.500291">
        <ele>232.8</ele>
      </trkpt>
      <trkpt lat="42.971002" lon="10.500299">
        <ele>232.8</ele>
      </trkpt>
      <trkpt lat="42.970975" lon="10.500306">
        <ele>232.8</ele>
      </trkpt>
      <trkpt lat="42.970945" lon="10.500315">
        <ele>232.7</ele>
      </trkpt>
      <trkpt lat="42.970918" lon="10.500319">
        <ele>232.7</ele>
      </trkpt>
      <trkpt lat="42.970892" lon="10.500329">
        <ele>232.7</ele>
      </trkpt>
      <trkpt lat="42.970866" lon="10.50034">
        <ele>232.7</ele>
      </trkpt>
      <trkpt lat="42.970839" lon="10.500347">
        <ele>232.6</ele>
      </trkpt>
      <trkpt lat="42.970819" lon="10.500355">
        <ele>232.6</ele>
      </trkpt>
      <trkpt lat="42.970794" lon="10.500361">
        <ele>232.5</ele>
      </trkpt>
      <trkpt lat="42.970766" lon="10.500365">
        <ele>232.5</ele>
      </trkpt>
      <trkpt lat="42.970738" lon="10.500372">
        <ele>232.4</ele>
      </trkpt>
      <trkpt lat="42.970709" lon="10.500378">
        <ele>232.3</ele>
      </trkpt>
      <trkpt lat="42.97068" lon="10.500382">
        <ele>232.2</ele>
      </trkpt>
      <trkpt lat="42.970654" lon="10.500385">
        <ele>232.1</ele>
      </trkpt>
      <trkpt lat="42.970626" lon="10.500387">
        <ele>232.0</ele>
      </trkpt>
      <trkpt lat="42.9706" lon="10.500392">
        <ele>231.9</ele>
      </trkpt>
      <trkpt lat="42.970565" lon="10.5004">
        <ele>231.8</ele>
      </trkpt>
      <trkpt lat="42.970534" lon="10.500405">
        <ele>231.6</ele>
      </trkpt>
      <trkpt lat="42.970505" lon="10.500413">
        <ele>231.5</ele>
      </trkpt>
      <trkpt lat="42.970479" lon="10.500419">
        <ele>231.3</ele>
      </trkpt>
      <trkpt lat="42.970447" lon="10.500428">
        <ele>230.9</ele>
      </trkpt>
      <trkpt lat="42.970419" lon="10.50043">
        <ele>230.6</ele>
      </trkpt>
      <trkpt lat="42.970389" lon="10.500429">
        <ele>230.2</ele>
      </trkpt>
      <trkpt lat="42.970357" lon="10.500426">
        <ele>229.8</ele>
      </trkpt>
      <trkpt lat="42.97033" lon="10.500418">
        <ele>229.5</ele>
      </trkpt>
      <trkpt lat="42.970301" lon="10.500405">
        <ele>229.2</ele>
      </trkpt>
      <trkpt lat="42.970275" lon="10.500385">
        <ele>229.0</ele>
      </trkpt>
      <trkpt lat="42.970254" lon="10.500359">
        <ele>229.0</ele>
      </trkpt>
      <trkpt lat="42.970229" lon="10.500333">
        <ele>228.8</ele>
      </trkpt>
      <trkpt lat="42.970209" lon="10.500311">
        <ele>228.7</ele>
      </trkpt>
      <trkpt lat="42.970192" lon="10.500285">
        <ele>228.7</ele>
      </trkpt>
      <trkpt lat="42.970174" lon="10.500252">
        <ele>228.7</ele>
      </trkpt>
      <trkpt lat="42.970159" lon="10.500223">
        <ele>228.7</ele>
      </trkpt>
      <trkpt lat="42.970144" lon="10.500189">
        <ele>228.8</ele>
      </trkpt>
      <trkpt lat="42.970128" lon="10.500157">
        <ele>228.8</ele>
      </trkpt>
      <trkpt lat="42.970116" lon="10.500123">
        <ele>228.9</ele>
      </trkpt>
      <trkpt lat="42.970107" lon="10.500087">
        <ele>229.1</ele>
      </trkpt>
      <trkpt lat="42.970102" lon="10.500056">
        <ele>229.3</ele>
      </trkpt>
      <trkpt lat="42.970097" lon="10.500024">
        <ele>229.4</ele>
      </trkpt>
      <trkpt lat="42.970092" lon="10.499994">
        <ele>229.6</ele>
      </trkpt>
      <trkpt lat="42.97009" lon="10.499969">
        <ele>229.8</ele>
      </trkpt>
      <trkpt lat="42.970087" lon="10.499939">
        <ele>230.0</ele>
      </trkpt>
      <trkpt lat="42.97008" lon="10.499903">
        <ele>230.2</ele>
      </trkpt>
      <trkpt lat="42.970076" lon="10.499867">
        <ele>230.4</ele>
      </trkpt>
      <trkpt lat="42.970073" lon="10.499828">
        <ele>230.6</ele>
      </trkpt>
      <trkpt lat="42.970069" lon="10.499788">
        <ele>230.9</ele>
      </trkpt>
      <trkpt lat="42.970061" lon="10.49975">
        <ele>231.2</ele>
      </trkpt>
      <trkpt lat="42.970059" lon="10.499711">
        <ele>231.4</ele>
      </trkpt>
      <trkpt lat="42.970056" lon="10.499672">
        <ele>231.7</ele>
      </trkpt>
      <trkpt lat="42.970047" lon="10.499635">
        <ele>231.9</ele>
      </trkpt>
      <trkpt lat="42.970039" lon="10.499596">
        <ele>232.2</ele>
      </trkpt>
      <trkpt lat="42.970031" lon="10.499564">
        <ele>232.4</ele>
      </trkpt>
      <trkpt lat="42.970018" lon="10.499528">
        <ele>232.7</ele>
      </trkpt>
      <trkpt lat="42.970006" lon="10.499494">
        <ele>232.9</ele>
      </trkpt>
      <trkpt lat="42.969995" lon="10.499464">
        <ele>233.1</ele>
      </trkpt>
      <trkpt lat="42.969984" lon="10.499432">
        <ele>233.4</ele>
      </trkpt>
      <trkpt lat="42.969976" lon="10.499403">
        <ele>233.8</ele>
      </trkpt>
      <trkpt lat="42.969968" lon="10.49938">
        <ele>234.0</ele>
      </trkpt>
      <trkpt lat="42.969958" lon="10.499355">
        <ele>234.4</ele>
      </trkpt>
      <trkpt lat="42.969946" lon="10.499327">
        <ele>234.7</ele>
      </trkpt>
      <trkpt lat="42.969938" lon="10.499296">
        <ele>235.1</ele>
      </trkpt>
      <trkpt lat="42.969924" lon="10.499266">
        <ele>235.5</ele>
      </trkpt>
      <trkpt lat="42.969912" lon="10.499234">
        <ele>236.0</ele>
      </trkpt>
      <trkpt lat="42.969901" lon="10.499208">
        <ele>236.3</ele>
      </trkpt>
      <trkpt lat="42.969893" lon="10.499179">
        <ele>236.7</ele>
      </trkpt>
      <trkpt lat="42.969886" lon="10.499154">
        <ele>237.0</ele>
      </trkpt>
      <trkpt lat="42.96988" lon="10.49913">
        <ele>237.4</ele>
      </trkpt>
      <trkpt lat="42.969869" lon="10.499105">
        <ele>237.8</ele>
      </trkpt>
      <trkpt lat="42.969861" lon="10.499079">
        <ele>238.1</ele>
      </trkpt>
      <trkpt lat="42.969854" lon="10.499053">
        <ele>238.5</ele>
      </trkpt>
      <trkpt lat="42.969845" lon="10.499025">
        <ele>238.9</ele>
      </trkpt>
      <trkpt lat="42.969833" lon="10.498997">
        <ele>239.3</ele>
      </trkpt>
      <trkpt lat="42.969818" lon="10.498965">
        <ele>239.8</ele>
      </trkpt>
      <trkpt lat="42.969809" lon="10.49894">
        <ele>240.2</ele>
      </trkpt>
      <trkpt lat="42.969801" lon="10.498915">
        <ele>240.6</ele>
      </trkpt>
      <trkpt lat="42.969799" lon="10.498896">
        <ele>240.8</ele>
      </trkpt>
      <trkpt lat="42.969791" lon="10.498878">
        <ele>241.1</ele>
      </trkpt>
      <trkpt lat="42.969784" lon="10.498857">
        <ele>241.5</ele>
      </trkpt>
      <trkpt lat="42.969774" lon="10.498839">
        <ele>241.8</ele>
      </trkpt>
      <trkpt lat="42.969766" lon="10.498824">
        <ele>242.0</ele>
      </trkpt>
      <trkpt lat="42.969758" lon="10.498805">
        <ele>242.3</ele>
      </trkpt>
      <trkpt lat="42.969751" lon="10.49879">
        <ele>242.6</ele>
      </trkpt>
      <trkpt lat="42.969743" lon="10.498772">
        <ele>242.9</ele>
      </trkpt>
      <trkpt lat="42.969739" lon="10.498758">
        <ele>243.1</ele>
      </trkpt>
      <trkpt lat="42.969732" lon="10.498747">
        <ele>243.3</ele>
      </trkpt>
      <trkpt lat="42.96973" lon="10.498735">
        <ele>243.5</ele>
      </trkpt>
      <trkpt lat="42.969728" lon="10.498721">
        <ele>243.7</ele>
      </trkpt>
      <trkpt lat="42.969723" lon="10.498703">
        <ele>244.0</ele>
      </trkpt>
      <trkpt lat="42.969718" lon="10.49869">
        <ele>244.2</ele>
      </trkpt>
      <trkpt lat="42.969712" lon="10.498676">
        <ele>244.5</ele>
      </trkpt>
      <trkpt lat="42.969708" lon="10.498662">
        <ele>244.7</ele>
      </trkpt>
      <trkpt lat="42.9697" lon="10.498647">
        <ele>245.0</ele>
      </trkpt>
      <trkpt lat="42.969695" lon="10.498634">
        <ele>245.2</ele>
      </trkpt>
      <trkpt lat="42.969693" lon="10.498622">
        <ele>245.4</ele>
      </trkpt>
      <trkpt lat="42.969687" lon="10.49861">
        <ele>245.6</ele>
      </trkpt>
      <trkpt lat="42.96968" lon="10.498593">
        <ele>245.9</ele>
      </trkpt>
      <trkpt lat="42.969669" lon="10.498579">
        <ele>246.3</ele>
      </trkpt>
      <trkpt lat="42.969662" lon="10.498564">
        <ele>246.6</ele>
      </trkpt>
      <trkpt lat="42.969656" lon="10.498552">
        <ele>246.9</ele>
      </trkpt>
      <trkpt lat="42.969646" lon="10.498538">
        <ele>247.2</ele>
      </trkpt>
      <trkpt lat="42.969641" lon="10.498527">
        <ele>247.4</ele>
      </trkpt>
      <trkpt lat="42.969637" lon="10.498516">
        <ele>247.6</ele>
      </trkpt>
      <trkpt lat="42.969632" lon="10.498501">
        <ele>247.8</ele>
      </trkpt>
      <trkpt lat="42.969628" lon="10.498489">
        <ele>248.0</ele>
      </trkpt>
      <trkpt lat="42.969624" lon="10.498471">
        <ele>248.4</ele>
      </trkpt>
      <trkpt lat="42.969615" lon="10.498454">
        <ele>248.7</ele>
      </trkpt>
      <trkpt lat="42.969609" lon="10.49844">
        <ele>248.9</ele>
      </trkpt>
      <trkpt lat="42.969599" lon="10.498425">
        <ele>249.2</ele>
      </trkpt>
      <trkpt lat="42.969589" lon="10.498411">
        <ele>249.4</ele>
      </trkpt>
      <trkpt lat="42.969582" lon="10.498395">
        <ele>249.7</ele>
      </trkpt>
      <trkpt lat="42.969571" lon="10.498379">
        <ele>249.9</ele>
      </trkpt>
      <trkpt lat="42.969565" lon="10.498361">
        <ele>250.3</ele>
      </trkpt>
      <trkpt lat="42.969555" lon="10.49834">
        <ele>250.7</ele>
      </trkpt>
      <trkpt lat="42.969546" lon="10.498319">
        <ele>251.0</ele>
      </trkpt>
      <trkpt lat="42.969538" lon="10.498299">
        <ele>251.4</ele>
      </trkpt>
      <trkpt lat="42.969527" lon="10.498284">
        <ele>251.6</ele>
      </trkpt>
      <trkpt lat="42.969517" lon="10.498271">
        <ele>251.8</ele>
      </trkpt>
      <trkpt lat="42.969507" lon="10.498255">
        <ele>252.1</ele>
      </trkpt>
      <trkpt lat="42.969497" lon="10.49824">
        <ele>252.4</ele>
      </trkpt>
      <trkpt lat="42.969484" lon="10.498225">
        <ele>252.6</ele>
      </trkpt>
      <trkpt lat="42.969469" lon="10.498211">
        <ele>252.8</ele>
      </trkpt>
      <trkpt lat="42.969455" lon="10.498191">
        <ele>253.1</ele>
      </trkpt>
      <trkpt lat="42.969442" lon="10.498173">
        <ele>253.4</ele>
      </trkpt>
      <trkpt lat="42.969432" lon="10.498159">
        <ele>253.7</ele>
      </trkpt>
      <trkpt lat="42.969423" lon="10.498141">
        <ele>254.0</ele>
      </trkpt>
      <trkpt lat="42.96941" lon="10.498121">
        <ele>254.3</ele>
      </trkpt>
      <trkpt lat="42.969397" lon="10.498106">
        <ele>254.6</ele>
      </trkpt>
      <trkpt lat="42.969384" lon="10.498098">
        <ele>254.7</ele>
      </trkpt>
      <trkpt lat="42.969373" lon="10.498083">
        <ele>254.9</ele>
      </trkpt>
      <trkpt lat="42.969366" lon="10.498063">
        <ele>255.3</ele>
      </trkpt>
      <trkpt lat="42.969355" lon="10.498048">
        <ele>255.5</ele>
      </trkpt>
      <trkpt lat="42.969342" lon="10.498033">
        <ele>255.8</ele>
      </trkpt>
      <trkpt lat="42.96933" lon="10.498014">
        <ele>256.1</ele>
      </trkpt>
      <trkpt lat="42.969321" lon="10.49799">
        <ele>256.5</ele>
      </trkpt>
      <trkpt lat="42.96931" lon="10.497967">
        <ele>256.9</ele>
      </trkpt>
      <trkpt lat="42.9693" lon="10.497943">
        <ele>257.3</ele>
      </trkpt>
      <trkpt lat="42.969289" lon="10.497926">
        <ele>257.7</ele>
      </trkpt>
      <trkpt lat="42.969279" lon="10.497911">
        <ele>257.9</ele>
      </trkpt>
      <trkpt lat="42.969268" lon="10.497897">
        <ele>258.1</ele>
      </trkpt>
      <trkpt lat="42.969258" lon="10.497881">
        <ele>258.4</ele>
      </trkpt>
      <trkpt lat="42.969249" lon="10.497868">
        <ele>258.6</ele>
      </trkpt>
      <trkpt lat="42.96924" lon="10.497854">
        <ele>258.9</ele>
      </trkpt>
      <trkpt lat="42.969233" lon="10.497834">
        <ele>259.2</ele>
      </trkpt>
      <trkpt lat="42.969222" lon="10.497813">
        <ele>259.5</ele>
      </trkpt>
      <trkpt lat="42.96921" lon="10.497795">
        <ele>259.9</ele>
      </trkpt>
      <trkpt lat="42.969201" lon="10.497773">
        <ele>260.2</ele>
      </trkpt>
      <trkpt lat="42.96919" lon="10.497756">
        <ele>260.5</ele>
      </trkpt>
      <trkpt lat="42.969178" lon="10.497738">
        <ele>260.6</ele>
      </trkpt>
      <trkpt lat="42.969164" lon="10.497721">
        <ele>260.8</ele>
      </trkpt>
      <trkpt lat="42.969148" lon="10.497702">
        <ele>260.9</ele>
      </trkpt>
      <trkpt lat="42.969129" lon="10.49769">
        <ele>261.0</ele>
      </trkpt>
      <trkpt lat="42.96911" lon="10.497674">
        <ele>261.2</ele>
      </trkpt>
      <trkpt lat="42.969092" lon="10.497665">
        <ele>261.2</ele>
      </trkpt>
      <trkpt lat="42.969069" lon="10.497655">
        <ele>261.3</ele>
      </trkpt>
      <trkpt lat="42.969051" lon="10.497641">
        <ele>261.4</ele>
      </trkpt>
      <trkpt lat="42.969032" lon="10.497631">
        <ele>261.5</ele>
      </trkpt>
      <trkpt lat="42.969009" lon="10.497625">
        <ele>261.5</ele>
      </trkpt>
      <trkpt lat="42.968985" lon="10.497614">
        <ele>261.6</ele>
      </trkpt>
      <trkpt lat="42.968964" lon="10.49761">
        <ele>261.6</ele>
      </trkpt>
      <trkpt lat="42.968945" lon="10.497602">
        <ele>261.7</ele>
      </trkpt>
      <trkpt lat="42.968927" lon="10.497597">
        <ele>261.7</ele>
      </trkpt>
      <trkpt lat="42.968908" lon="10.497593">
        <ele>261.7</ele>
      </trkpt>
      <trkpt lat="42.968894" lon="10.497584">
        <ele>261.8</ele>
      </trkpt>
      <trkpt lat="42.968879" lon="10.497581">
        <ele>261.8</ele>
      </trkpt>
      <trkpt lat="42.968861" lon="10.497581">
        <ele>261.8</ele>
      </trkpt>
      <trkpt lat="42.968838" lon="10.497569">
        <ele>261.9</ele>
      </trkpt>
      <trkpt lat="42.96882" lon="10.497554">
        <ele>262.1</ele>
      </trkpt>
      <trkpt lat="42.968802" lon="10.497541">
        <ele>262.3</ele>
      </trkpt>
      <trkpt lat="42.968784" lon="10.497537">
        <ele>262.4</ele>
      </trkpt>
      <trkpt lat="42.968763" lon="10.497531">
        <ele>262.6</ele>
      </trkpt>
      <trkpt lat="42.96874" lon="10.497522">
        <ele>262.8</ele>
      </trkpt>
      <trkpt lat="42.96872" lon="10.497509">
        <ele>263.1</ele>
      </trkpt>
      <trkpt lat="42.968701" lon="10.497495">
        <ele>263.3</ele>
      </trkpt>
      <trkpt lat="42.968684" lon="10.49748">
        <ele>263.6</ele>
      </trkpt>
      <trkpt lat="42.968664" lon="10.497465">
        <ele>263.9</ele>
      </trkpt>
      <trkpt lat="42.96865" lon="10.497445">
        <ele>264.2</ele>
      </trkpt>
      <trkpt lat="42.968637" lon="10.497419">
        <ele>264.5</ele>
      </trkpt>
      <trkpt lat="42.968617" lon="10.497396">
        <ele>264.9</ele>
      </trkpt>
      <trkpt lat="42.968597" lon="10.497376">
        <ele>265.2</ele>
      </trkpt>
      <trkpt lat="42.968579" lon="10.497352">
        <ele>265.5</ele>
      </trkpt>
      <trkpt lat="42.968562" lon="10.497325">
        <ele>265.9</ele>
      </trkpt>
      <trkpt lat="42.968537" lon="10.4973">
        <ele>266.3</ele>
      </trkpt>
      <trkpt lat="42.968517" lon="10.497279">
        <ele>266.5</ele>
      </trkpt>
      <trkpt lat="42.968497" lon="10.497262">
        <ele>266.8</ele>
      </trkpt>
      <trkpt lat="42.968478" lon="10.497241">
        <ele>267.0</ele>
      </trkpt>
      <trkpt lat="42.968461" lon="10.497223">
        <ele>267.3</ele>
      </trkpt>
      <trkpt lat="42.968442" lon="10.497203">
        <ele>267.5</ele>
      </trkpt>
      <trkpt lat="42.968424" lon="10.497186">
        <ele>267.7</ele>
      </trkpt>
      <trkpt lat="42.968405" lon="10.497174">
        <ele>267.9</ele>
      </trkpt>
      <trkpt lat="42.968387" lon="10.497152">
        <ele>268.1</ele>
      </trkpt>
      <trkpt lat="42.968371" lon="10.497134">
        <ele>268.3</ele>
      </trkpt>
      <trkpt lat="42.968357" lon="10.497111">
        <ele>268.6</ele>
      </trkpt>
      <trkpt lat="42.968344" lon="10.497094">
        <ele>268.8</ele>
      </trkpt>
      <trkpt lat="42.968334" lon="10.497081">
        <ele>268.9</ele>
      </trkpt>
      <trkpt lat="42.968327" lon="10.49706">
        <ele>269.1</ele>
      </trkpt>
      <trkpt lat="42.968311" lon="10.497039">
        <ele>269.3</ele>
      </trkpt>
      <trkpt lat="42.96829" lon="10.497022">
        <ele>269.5</ele>
      </trkpt>
      <trkpt lat="42.968276" lon="10.497007">
        <ele>269.6</ele>
      </trkpt>
      <trkpt lat="42.968259" lon="10.496991">
        <ele>269.8</ele>
      </trkpt>
      <trkpt lat="42.968243" lon="10.496974">
        <ele>269.9</ele>
      </trkpt>
      <trkpt lat="42.968227" lon="10.496962">
        <ele>270.0</ele>
      </trkpt>
      <trkpt lat="42.968216" lon="10.496952">
        <ele>270.1</ele>
      </trkpt>
      <trkpt lat="42.968203" lon="10.496944">
        <ele>270.2</ele>
      </trkpt>
      <trkpt lat="42.96819" lon="10.496934">
        <ele>270.2</ele>
      </trkpt>
      <trkpt lat="42.968176" lon="10.496924">
        <ele>270.2</ele>
      </trkpt>
      <trkpt lat="42.96816" lon="10.496915">
        <ele>270.2</ele>
      </trkpt>
      <trkpt lat="42.968142" lon="10.496905">
        <ele>270.2</ele>
      </trkpt>
      <trkpt lat="42.968122" lon="10.496893">
        <ele>270.1</ele>
      </trkpt>
      <trkpt lat="42.968104" lon="10.496888">
        <ele>270.1</ele>
      </trkpt>
      <trkpt lat="42.968086" lon="10.496879">
        <ele>270.1</ele>
      </trkpt>
      <trkpt lat="42.968066" lon="10.496875">
        <ele>270.1</ele>
      </trkpt>
      <trkpt lat="42.968047" lon="10.496877">
        <ele>270.0</ele>
      </trkpt>
      <trkpt lat="42.968026" lon="10.496886">
        <ele>270.0</ele>
      </trkpt>
      <trkpt lat="42.968006" lon="10.496894">
        <ele>270.0</ele>
      </trkpt>
      <trkpt lat="42.967988" lon="10.496904">
        <ele>270.0</ele>
      </trkpt>
      <trkpt lat="42.967973" lon="10.496911">
        <ele>270.0</ele>
      </trkpt>
      <trkpt lat="42.967954" lon="10.496915">
        <ele>270.1</ele>
      </trkpt>
      <trkpt lat="42.967937" lon="10.496926">
        <ele>270.2</ele>
      </trkpt>
      <trkpt lat="42.967918" lon="10.496935">
        <ele>270.3</ele>
      </trkpt>
      <trkpt lat="42.967899" lon="10.496946">
        <ele>270.3</ele>
      </trkpt>
      <trkpt lat="42.967879" lon="10.496955">
        <ele>270.3</ele>
      </trkpt>
      <trkpt lat="42.96786" lon="10.496967">
        <ele>270.3</ele>
      </trkpt>
      <trkpt lat="42.967843" lon="10.49698">
        <ele>270.3</ele>
      </trkpt>
      <trkpt lat="42.967824" lon="10.496992">
        <ele>270.4</ele>
      </trkpt>
      <trkpt lat="42.967801" lon="10.497003">
        <ele>270.4</ele>
      </trkpt>
      <trkpt lat="42.967777" lon="10.497014">
        <ele>270.5</ele>
      </trkpt>
      <trkpt lat="42.967757" lon="10.497024">
        <ele>270.5</ele>
      </trkpt>
      <trkpt lat="42.967734" lon="10.497035">
        <ele>270.6</ele>
      </trkpt>
      <trkpt lat="42.967714" lon="10.497043">
        <ele>270.6</ele>
      </trkpt>
      <trkpt lat="42.967696" lon="10.497055">
        <ele>270.6</ele>
      </trkpt>
      <trkpt lat="42.967676" lon="10.497068">
        <ele>270.7</ele>
      </trkpt>
      <trkpt lat="42.967658" lon="10.49708">
        <ele>270.7</ele>
      </trkpt>
      <trkpt lat="42.967641" lon="10.497091">
        <ele>270.7</ele>
      </trkpt>
      <trkpt lat="42.967622" lon="10.497099">
        <ele>270.8</ele>
      </trkpt>
      <trkpt lat="42.967606" lon="10.497114">
        <ele>270.8</ele>
      </trkpt>
      <trkpt lat="42.96759" lon="10.497128">
        <ele>270.8</ele>
      </trkpt>
      <trkpt lat="42.967575" lon="10.497146">
        <ele>270.8</ele>
      </trkpt>
      <trkpt lat="42.967555" lon="10.49716">
        <ele>270.8</ele>
      </trkpt>
      <trkpt lat="42.967536" lon="10.497169">
        <ele>270.9</ele>
      </trkpt>
      <trkpt lat="42.967522" lon="10.497183">
        <ele>270.9</ele>
      </trkpt>
      <trkpt lat="42.967508" lon="10.497196">
        <ele>270.9</ele>
      </trkpt>
      <trkpt lat="42.967495" lon="10.497209">
        <ele>270.9</ele>
      </trkpt>
      <trkpt lat="42.967477" lon="10.497217">
        <ele>271.0</ele>
      </trkpt>
      <trkpt lat="42.967466" lon="10.497229">
        <ele>271.0</ele>
      </trkpt>
      <trkpt lat="42.967452" lon="10.497241">
        <ele>271.0</ele>
      </trkpt>
      <trkpt lat="42.967438" lon="10.497249">
        <ele>271.1</ele>
      </trkpt>
      <trkpt lat="42.967417" lon="10.497252">
        <ele>271.2</ele>
      </trkpt>
      <trkpt lat="42.967397" lon="10.497249">
        <ele>271.3</ele>
      </trkpt>
      <trkpt lat="42.967378" lon="10.497251">
        <ele>271.4</ele>
      </trkpt>
      <trkpt lat="42.967355" lon="10.497252">
        <ele>271.6</ele>
      </trkpt>
      <trkpt lat="42.96733" lon="10.497251">
        <ele>271.7</ele>
      </trkpt>
      <trkpt lat="42.967306" lon="10.497247">
        <ele>271.9</ele>
      </trkpt>
      <trkpt lat="42.96728" lon="10.497243">
        <ele>272.1</ele>
      </trkpt>
      <trkpt lat="42.967258" lon="10.497242">
        <ele>272.2</ele>
      </trkpt>
      <trkpt lat="42.967236" lon="10.497238">
        <ele>272.4</ele>
      </trkpt>
      <trkpt lat="42.967208" lon="10.497238">
        <ele>272.5</ele>
      </trkpt>
      <trkpt lat="42.967179" lon="10.497238">
        <ele>272.7</ele>
      </trkpt>
      <trkpt lat="42.967148" lon="10.497235">
        <ele>272.9</ele>
      </trkpt>
      <trkpt lat="42.967117" lon="10.497238">
        <ele>272.8</ele>
      </trkpt>
      <trkpt lat="42.967087" lon="10.49724">
        <ele>272.7</ele>
      </trkpt>
      <trkpt lat="42.967057" lon="10.497247">
        <ele>272.7</ele>
      </trkpt>
      <trkpt lat="42.967025" lon="10.497263">
        <ele>272.6</ele>
      </trkpt>
      <trkpt lat="42.966991" lon="10.497279">
        <ele>272.5</ele>
      </trkpt>
      <trkpt lat="42.966956" lon="10.497289">
        <ele>272.4</ele>
      </trkpt>
      <trkpt lat="42.966923" lon="10.497304">
        <ele>272.3</ele>
      </trkpt>
      <trkpt lat="42.96689" lon="10.497324">
        <ele>272.2</ele>
      </trkpt>
      <trkpt lat="42.966857" lon="10.497352">
        <ele>272.1</ele>
      </trkpt>
      <trkpt lat="42.966821" lon="10.497359">
        <ele>272.0</ele>
      </trkpt>
      <trkpt lat="42.966791" lon="10.497394">
        <ele>272.0</ele>
      </trkpt>
      <trkpt lat="42.966767" lon="10.497423">
        <ele>271.9</ele>
      </trkpt>
      <trkpt lat="42.966745" lon="10.497462">
        <ele>271.8</ele>
      </trkpt>
      <trkpt lat="42.966723" lon="10.497501">
        <ele>271.8</ele>
      </trkpt>
      <trkpt lat="42.966702" lon="10.497542">
        <ele>271.7</ele>
      </trkpt>
      <trkpt lat="42.966679" lon="10.497579">
        <ele>271.7</ele>
      </trkpt>
      <trkpt lat="42.966655" lon="10.497608">
        <ele>271.7</ele>
      </trkpt>
      <trkpt lat="42.966632" lon="10.497635">
        <ele>271.7</ele>
      </trkpt>
      <trkpt lat="42.96661" lon="10.497658">
        <ele>271.7</ele>
      </trkpt>
      <trkpt lat="42.966591" lon="10.497682">
        <ele>271.7</ele>
      </trkpt>
      <trkpt lat="42.966577" lon="10.497709">
        <ele>271.7</ele>
      </trkpt>
      <trkpt lat="42.966562" lon="10.497725">
        <ele>271.7</ele>
      </trkpt>
      <trkpt lat="42.966553" lon="10.49773">
        <ele>271.7</ele>
      </trkpt>
      <trkpt lat="42.966554" lon="10.497735">
        <ele>271.7</ele>
      </trkpt>
      <trkpt lat="42.966553" lon="10.497736">
        <ele>271.7</ele>
      </trkpt>
      <trkpt lat="42.966491" lon="10.497776">
        <ele>271.7</ele>
      </trkpt>
      <trkpt lat="42.966478" lon="10.497797">
        <ele>271.5</ele>
      </trkpt>
      <trkpt lat="42.966464" lon="10.497816">
        <ele>271.3</ele>
      </trkpt>
      <trkpt lat="42.966446" lon="10.497827">
        <ele>271.2</ele>
      </trkpt>
      <trkpt lat="42.966426" lon="10.497831">
        <ele>271.1</ele>
      </trkpt>
      <trkpt lat="42.966408" lon="10.497846">
        <ele>271.0</ele>
      </trkpt>
      <trkpt lat="42.966389" lon="10.497865">
        <ele>270.8</ele>
      </trkpt>
      <trkpt lat="42.966363" lon="10.497885">
        <ele>270.6</ele>
      </trkpt>
      <trkpt lat="42.966328" lon="10.497905">
        <ele>270.5</ele>
      </trkpt>
      <trkpt lat="42.966293" lon="10.497927">
        <ele>270.1</ele>
      </trkpt>
      <trkpt lat="42.966256" lon="10.497945">
        <ele>269.6</ele>
      </trkpt>
      <trkpt lat="42.966215" lon="10.497954">
        <ele>269.2</ele>
      </trkpt>
      <trkpt lat="42.966173" lon="10.497949">
        <ele>268.9</ele>
      </trkpt>
      <trkpt lat="42.96613" lon="10.497947">
        <ele>268.6</ele>
      </trkpt>
      <trkpt lat="42.966086" lon="10.497942">
        <ele>268.4</ele>
      </trkpt>
      <trkpt lat="42.966035" lon="10.497915">
        <ele>268.3</ele>
      </trkpt>
      <trkpt lat="42.96598" lon="10.497896">
        <ele>268.1</ele>
      </trkpt>
      <trkpt lat="42.965925" lon="10.497871">
        <ele>268.0</ele>
      </trkpt>
      <trkpt lat="42.965873" lon="10.497839">
        <ele>268.0</ele>
      </trkpt>
      <trkpt lat="42.96582" lon="10.497798">
        <ele>268.0</ele>
      </trkpt>
      <trkpt lat="42.965768" lon="10.497757">
        <ele>267.9</ele>
      </trkpt>
      <trkpt lat="42.965716" lon="10.497716">
        <ele>267.4</ele>
      </trkpt>
      <trkpt lat="42.965661" lon="10.497687">
        <ele>267.0</ele>
      </trkpt>
      <trkpt lat="42.965606" lon="10.497669">
        <ele>266.5</ele>
      </trkpt>
      <trkpt lat="42.965549" lon="10.497655">
        <ele>266.0</ele>
      </trkpt>
      <trkpt lat="42.965501" lon="10.497628">
        <ele>265.6</ele>
      </trkpt>
      <trkpt lat="42.965451" lon="10.497616">
        <ele>265.4</ele>
      </trkpt>
      <trkpt lat="42.965393" lon="10.497612">
        <ele>265.4</ele>
      </trkpt>
      <trkpt lat="42.965339" lon="10.497611">
        <ele>265.4</ele>
      </trkpt>
      <trkpt lat="42.965283" lon="10.497624">
        <ele>265.5</ele>
      </trkpt>
      <trkpt lat="42.965225" lon="10.49764">
        <ele>265.6</ele>
      </trkpt>
      <trkpt lat="42.965172" lon="10.497665">
        <ele>265.8</ele>
      </trkpt>
      <trkpt lat="42.965117" lon="10.497683">
        <ele>265.9</ele>
      </trkpt>
      <trkpt lat="42.965065" lon="10.497704">
        <ele>266.1</ele>
      </trkpt>
      <trkpt lat="42.965015" lon="10.497732">
        <ele>266.3</ele>
      </trkpt>
      <trkpt lat="42.964972" lon="10.497755">
        <ele>266.5</ele>
      </trkpt>
      <trkpt lat="42.964924" lon="10.497774">
        <ele>266.6</ele>
      </trkpt>
      <trkpt lat="42.964879" lon="10.497793">
        <ele>266.5</ele>
      </trkpt>
      <trkpt lat="42.964838" lon="10.497815">
        <ele>266.4</ele>
      </trkpt>
      <trkpt lat="42.964798" lon="10.497851">
        <ele>266.2</ele>
      </trkpt>
      <trkpt lat="42.96477" lon="10.497899">
        <ele>265.9</ele>
      </trkpt>
      <trkpt lat="42.964746" lon="10.497945">
        <ele>265.7</ele>
      </trkpt>
      <trkpt lat="42.964718" lon="10.497995">
        <ele>265.4</ele>
      </trkpt>
      <trkpt lat="42.964701" lon="10.498047">
        <ele>265.1</ele>
      </trkpt>
      <trkpt lat="42.964682" lon="10.498097">
        <ele>264.9</ele>
      </trkpt>
      <trkpt lat="42.964668" lon="10.498152">
        <ele>264.6</ele>
      </trkpt>
      <trkpt lat="42.964658" lon="10.498197">
        <ele>264.4</ele>
      </trkpt>
      <trkpt lat="42.964646" lon="10.498233">
        <ele>264.3</ele>
      </trkpt>
      <trkpt lat="42.964626" lon="10.498267">
        <ele>264.4</ele>
      </trkpt>
      <trkpt lat="42.964606" lon="10.498298">
        <ele>264.5</ele>
      </trkpt>
      <trkpt lat="42.964586" lon="10.498337">
        <ele>264.5</ele>
      </trkpt>
      <trkpt lat="42.964566" lon="10.498369">
        <ele>264.6</ele>
      </trkpt>
      <trkpt lat="42.964546" lon="10.498399">
        <ele>264.7</ele>
      </trkpt>
      <trkpt lat="42.964528" lon="10.498426">
        <ele>264.8</ele>
      </trkpt>
      <trkpt lat="42.96451" lon="10.498454">
        <ele>264.9</ele>
      </trkpt>
      <trkpt lat="42.964489" lon="10.498477">
        <ele>265.1</ele>
      </trkpt>
      <trkpt lat="42.964468" lon="10.498499">
        <ele>265.2</ele>
      </trkpt>
      <trkpt lat="42.964446" lon="10.498523">
        <ele>265.4</ele>
      </trkpt>
      <trkpt lat="42.964423" lon="10.498551">
        <ele>265.6</ele>
      </trkpt>
      <trkpt lat="42.964399" lon="10.498578">
        <ele>265.8</ele>
      </trkpt>
      <trkpt lat="42.964377" lon="10.498604">
        <ele>265.9</ele>
      </trkpt>
      <trkpt lat="42.964353" lon="10.49863">
        <ele>265.8</ele>
      </trkpt>
      <trkpt lat="42.964334" lon="10.498656">
        <ele>265.7</ele>
      </trkpt>
      <trkpt lat="42.964309" lon="10.498681">
        <ele>265.6</ele>
      </trkpt>
      <trkpt lat="42.964288" lon="10.498708">
        <ele>265.5</ele>
      </trkpt>
      <trkpt lat="42.964263" lon="10.498737">
        <ele>265.3</ele>
      </trkpt>
      <trkpt lat="42.964237" lon="10.498763">
        <ele>265.2</ele>
      </trkpt>
      <trkpt lat="42.964212" lon="10.498788">
        <ele>265.2</ele>
      </trkpt>
      <trkpt lat="42.964186" lon="10.4988">
        <ele>265.4</ele>
      </trkpt>
      <trkpt lat="42.964161" lon="10.498806">
        <ele>265.6</ele>
      </trkpt>
      <trkpt lat="42.964134" lon="10.49881">
        <ele>265.9</ele>
      </trkpt>
      <trkpt lat="42.964105" lon="10.498816">
        <ele>266.2</ele>
      </trkpt>
      <trkpt lat="42.964078" lon="10.498817">
        <ele>266.5</ele>
      </trkpt>
      <trkpt lat="42.964051" lon="10.498816">
        <ele>266.9</ele>
      </trkpt>
      <trkpt lat="42.964021" lon="10.498807">
        <ele>267.5</ele>
      </trkpt>
      <trkpt lat="42.96399" lon="10.498806">
        <ele>267.9</ele>
      </trkpt>
      <trkpt lat="42.963953" lon="10.498811">
        <ele>268.4</ele>
      </trkpt>
      <trkpt lat="42.963918" lon="10.49882">
        <ele>268.7</ele>
      </trkpt>
      <trkpt lat="42.963875" lon="10.498832">
        <ele>269.1</ele>
      </trkpt>
      <trkpt lat="42.963833" lon="10.498836">
        <ele>269.6</ele>
      </trkpt>
      <trkpt lat="42.963789" lon="10.498847">
        <ele>269.7</ele>
      </trkpt>
      <trkpt lat="42.963746" lon="10.498865">
        <ele>269.5</ele>
      </trkpt>
      <trkpt lat="42.963704" lon="10.498881">
        <ele>269.3</ele>
      </trkpt>
      <trkpt lat="42.963658" lon="10.498903">
        <ele>269.2</ele>
      </trkpt>
      <trkpt lat="42.963611" lon="10.498917">
        <ele>269.1</ele>
      </trkpt>
      <trkpt lat="42.963563" lon="10.498931">
        <ele>269.1</ele>
      </trkpt>
      <trkpt lat="42.963517" lon="10.498937">
        <ele>269.1</ele>
      </trkpt>
      <trkpt lat="42.963472" lon="10.498938">
        <ele>269.3</ele>
      </trkpt>
      <trkpt lat="42.96342" lon="10.498931">
        <ele>269.7</ele>
      </trkpt>
      <trkpt lat="42.963372" lon="10.498921">
        <ele>270.0</ele>
      </trkpt>
      <trkpt lat="42.963323" lon="10.498924">
        <ele>270.1</ele>
      </trkpt>
      <trkpt lat="42.96327" lon="10.498945">
        <ele>270.1</ele>
      </trkpt>
      <trkpt lat="42.96322" lon="10.498968">
        <ele>270.0</ele>
      </trkpt>
      <trkpt lat="42.963172" lon="10.49901">
        <ele>269.7</ele>
      </trkpt>
      <trkpt lat="42.96314" lon="10.499056">
        <ele>269.3</ele>
      </trkpt>
      <trkpt lat="42.96311" lon="10.49911">
        <ele>268.8</ele>
      </trkpt>
      <trkpt lat="42.963083" lon="10.499177">
        <ele>268.2</ele>
      </trkpt>
      <trkpt lat="42.963055" lon="10.499232">
        <ele>267.7</ele>
      </trkpt>
      <trkpt lat="42.963027" lon="10.499298">
        <ele>267.1</ele>
      </trkpt>
      <trkpt lat="42.962998" lon="10.499363">
        <ele>266.7</ele>
      </trkpt>
      <trkpt lat="42.962981" lon="10.499423">
        <ele>266.0</ele>
      </trkpt>
      <trkpt lat="42.962969" lon="10.499486">
        <ele>265.2</ele>
      </trkpt>
      <trkpt lat="42.962959" lon="10.499552">
        <ele>264.4</ele>
      </trkpt>
      <trkpt lat="42.962948" lon="10.499617">
        <ele>263.6</ele>
      </trkpt>
      <trkpt lat="42.962936" lon="10.499682">
        <ele>262.8</ele>
      </trkpt>
      <trkpt lat="42.962922" lon="10.499741">
        <ele>262.1</ele>
      </trkpt>
      <trkpt lat="42.962911" lon="10.499801">
        <ele>261.4</ele>
      </trkpt>
      <trkpt lat="42.962896" lon="10.499856">
        <ele>260.7</ele>
      </trkpt>
      <trkpt lat="42.962878" lon="10.499904">
        <ele>260.2</ele>
      </trkpt>
      <trkpt lat="42.962857" lon="10.49995">
        <ele>259.6</ele>
      </trkpt>
      <trkpt lat="42.96284" lon="10.499999">
        <ele>259.1</ele>
      </trkpt>
      <trkpt lat="42.962816" lon="10.500052">
        <ele>258.5</ele>
      </trkpt>
      <trkpt lat="42.962788" lon="10.500105">
        <ele>257.9</ele>
      </trkpt>
      <trkpt lat="42.962751" lon="10.500157">
        <ele>257.4</ele>
      </trkpt>
      <trkpt lat="42.96271" lon="10.500207">
        <ele>256.9</ele>
      </trkpt>
      <trkpt lat="42.962666" lon="10.500252">
        <ele>256.5</ele>
      </trkpt>
      <trkpt lat="42.962616" lon="10.500292">
        <ele>256.1</ele>
      </trkpt>
      <trkpt lat="42.962564" lon="10.500329">
        <ele>255.8</ele>
      </trkpt>
      <trkpt lat="42.962532" lon="10.500386">
        <ele>255.3</ele>
      </trkpt>
      <trkpt lat="42.962482" lon="10.500419">
        <ele>255.1</ele>
      </trkpt>
      <trkpt lat="42.962435" lon="10.500473">
        <ele>254.6</ele>
      </trkpt>
      <trkpt lat="42.962386" lon="10.500534">
        <ele>254.2</ele>
      </trkpt>
      <trkpt lat="42.962345" lon="10.500588">
        <ele>253.8</ele>
      </trkpt>
      <trkpt lat="42.962292" lon="10.500661">
        <ele>253.2</ele>
      </trkpt>
      <trkpt lat="42.962244" lon="10.500723">
        <ele>252.8</ele>
      </trkpt>
      <trkpt lat="42.962191" lon="10.50079">
        <ele>252.4</ele>
      </trkpt>
      <trkpt lat="42.962141" lon="10.500858">
        <ele>251.9</ele>
      </trkpt>
      <trkpt lat="42.962102" lon="10.500917">
        <ele>251.0</ele>
      </trkpt>
      <trkpt lat="42.962076" lon="10.500991">
        <ele>250.2</ele>
      </trkpt>
      <trkpt lat="42.962057" lon="10.50108">
        <ele>249.4</ele>
      </trkpt>
      <trkpt lat="42.962049" lon="10.501169">
        <ele>248.8</ele>
      </trkpt>
      <trkpt lat="42.962015" lon="10.501256">
        <ele>248.1</ele>
      </trkpt>
      <trkpt lat="42.962011" lon="10.501345">
        <ele>247.6</ele>
      </trkpt>
      <trkpt lat="42.962" lon="10.501425">
        <ele>247.2</ele>
      </trkpt>
      <trkpt lat="42.96199" lon="10.501496">
        <ele>246.8</ele>
      </trkpt>
      <trkpt lat="42.961981" lon="10.501555">
        <ele>246.4</ele>
      </trkpt>
      <trkpt lat="42.961972" lon="10.501597">
        <ele>246.2</ele>
      </trkpt>
      <trkpt lat="42.961949" lon="10.501624">
        <ele>245.9</ele>
      </trkpt>
      <trkpt lat="42.961927" lon="10.501625">
        <ele>245.8</ele>
      </trkpt>
      <trkpt lat="42.961903" lon="10.501638">
        <ele>245.7</ele>
      </trkpt>
      <trkpt lat="42.961889" lon="10.501657">
        <ele>245.5</ele>
      </trkpt>
      <trkpt lat="42.961886" lon="10.501682">
        <ele>245.4</ele>
      </trkpt>
      <trkpt lat="42.961889" lon="10.501682">
        <ele>245.4</ele>
      </trkpt>
      <trkpt lat="42.961886" lon="10.501683">
        <ele>245.4</ele>
      </trkpt>
      <trkpt lat="42.961884" lon="10.501691">
        <ele>245.4</ele>
      </trkpt>
      <trkpt lat="42.961879" lon="10.501686">
        <ele>245.4</ele>
      </trkpt>
      <trkpt lat="42.961948" lon="10.501719">
        <ele>245.5</ele>
      </trkpt>
      <trkpt lat="42.961956" lon="10.501745">
        <ele>245.4</ele>
      </trkpt>
      <trkpt lat="42.961956" lon="10.501782">
        <ele>245.2</ele>
      </trkpt>
      <trkpt lat="42.961949" lon="10.501824">
        <ele>245.0</ele>
      </trkpt>
      <trkpt lat="42.96194" lon="10.501871">
        <ele>244.7</ele>
      </trkpt>
      <trkpt lat="42.961925" lon="10.501921">
        <ele>244.5</ele>
      </trkpt>
      <trkpt lat="42.961915" lon="10.501996">
        <ele>243.9</ele>
      </trkpt>
      <trkpt lat="42.96189" lon="10.502079">
        <ele>243.1</ele>
      </trkpt>
      <trkpt lat="42.961856" lon="10.502153">
        <ele>242.5</ele>
      </trkpt>
      <trkpt lat="42.961808" lon="10.502199">
        <ele>242.1</ele>
      </trkpt>
      <trkpt lat="42.961746" lon="10.502232">
        <ele>241.8</ele>
      </trkpt>
      <trkpt lat="42.961681" lon="10.502258">
        <ele>241.6</ele>
      </trkpt>
      <trkpt lat="42.961631" lon="10.502288">
        <ele>241.4</ele>
      </trkpt>
      <trkpt lat="42.96158" lon="10.502313">
        <ele>241.2</ele>
      </trkpt>
      <trkpt lat="42.961529" lon="10.502334">
        <ele>241.0</ele>
      </trkpt>
      <trkpt lat="42.961471" lon="10.50237">
        <ele>240.8</ele>
      </trkpt>
      <trkpt lat="42.961408" lon="10.502403">
        <ele>240.7</ele>
      </trkpt>
      <trkpt lat="42.961346" lon="10.502436">
        <ele>240.5</ele>
      </trkpt>
      <trkpt lat="42.961286" lon="10.502474">
        <ele>240.1</ele>
      </trkpt>
      <trkpt lat="42.961219" lon="10.50251">
        <ele>239.6</ele>
      </trkpt>
      <trkpt lat="42.961152" lon="10.502545">
        <ele>239.1</ele>
      </trkpt>
      <trkpt lat="42.961085" lon="10.502576">
        <ele>238.6</ele>
      </trkpt>
      <trkpt lat="42.961019" lon="10.5026">
        <ele>238.2</ele>
      </trkpt>
      <trkpt lat="42.960945" lon="10.502622">
        <ele>237.8</ele>
      </trkpt>
      <trkpt lat="42.960895" lon="10.50263">
        <ele>237.6</ele>
      </trkpt>
      <trkpt lat="42.96083" lon="10.502648">
        <ele>237.2</ele>
      </trkpt>
      <trkpt lat="42.960765" lon="10.502671">
        <ele>236.9</ele>
      </trkpt>
      <trkpt lat="42.960712" lon="10.502707">
        <ele>236.7</ele>
      </trkpt>
      <trkpt lat="42.960651" lon="10.502738">
        <ele>236.5</ele>
      </trkpt>
      <trkpt lat="42.960595" lon="10.502774">
        <ele>236.3</ele>
      </trkpt>
      <trkpt lat="42.960538" lon="10.502789">
        <ele>236.0</ele>
      </trkpt>
      <trkpt lat="42.960476" lon="10.502794">
        <ele>235.9</ele>
      </trkpt>
      <trkpt lat="42.960417" lon="10.502815">
        <ele>235.9</ele>
      </trkpt>
      <trkpt lat="42.960358" lon="10.502838">
        <ele>236.0</ele>
      </trkpt>
      <trkpt lat="42.960302" lon="10.502856">
        <ele>236.2</ele>
      </trkpt>
      <trkpt lat="42.960247" lon="10.502885">
        <ele>236.3</ele>
      </trkpt>
      <trkpt lat="42.960198" lon="10.502917">
        <ele>236.4</ele>
      </trkpt>
      <trkpt lat="42.960155" lon="10.502949">
        <ele>236.6</ele>
      </trkpt>
      <trkpt lat="42.960106" lon="10.502987">
        <ele>236.8</ele>
      </trkpt>
      <trkpt lat="42.960054" lon="10.503018">
        <ele>237.1</ele>
      </trkpt>
      <trkpt lat="42.960007" lon="10.503037">
        <ele>237.3</ele>
      </trkpt>
      <trkpt lat="42.959962" lon="10.503057">
        <ele>237.6</ele>
      </trkpt>
      <trkpt lat="42.959917" lon="10.503057">
        <ele>237.9</ele>
      </trkpt>
      <trkpt lat="42.959874" lon="10.503048">
        <ele>238.1</ele>
      </trkpt>
      <trkpt lat="42.959829" lon="10.503021">
        <ele>238.3</ele>
      </trkpt>
      <trkpt lat="42.959793" lon="10.502982">
        <ele>238.3</ele>
      </trkpt>
      <trkpt lat="42.959756" lon="10.502939">
        <ele>238.4</ele>
      </trkpt>
      <trkpt lat="42.959721" lon="10.502902">
        <ele>238.3</ele>
      </trkpt>
      <trkpt lat="42.959687" lon="10.502861">
        <ele>238.3</ele>
      </trkpt>
      <trkpt lat="42.959647" lon="10.502827">
        <ele>238.3</ele>
      </trkpt>
      <trkpt lat="42.959604" lon="10.502792">
        <ele>238.4</ele>
      </trkpt>
      <trkpt lat="42.959557" lon="10.502772">
        <ele>238.6</ele>
      </trkpt>
      <trkpt lat="42.959508" lon="10.50275">
        <ele>238.6</ele>
      </trkpt>
      <trkpt lat="42.959465" lon="10.502734">
        <ele>238.7</ele>
      </trkpt>
      <trkpt lat="42.959419" lon="10.502717">
        <ele>238.7</ele>
      </trkpt>
      <trkpt lat="42.959376" lon="10.502694">
        <ele>238.7</ele>
      </trkpt>
      <trkpt lat="42.959334" lon="10.502673">
        <ele>238.6</ele>
      </trkpt>
      <trkpt lat="42.959287" lon="10.502646">
        <ele>238.5</ele>
      </trkpt>
      <trkpt lat="42.959236" lon="10.502621">
        <ele>238.5</ele>
      </trkpt>
      <trkpt lat="42.959188" lon="10.502616">
        <ele>238.6</ele>
      </trkpt>
      <trkpt lat="42.959139" lon="10.502607">
        <ele>238.8</ele>
      </trkpt>
      <trkpt lat="42.959078" lon="10.502606">
        <ele>239.1</ele>
      </trkpt>
      <trkpt lat="42.959017" lon="10.502616">
        <ele>239.6</ele>
      </trkpt>
      <trkpt lat="42.958971" lon="10.502607">
        <ele>239.7</ele>
      </trkpt>
      <trkpt lat="42.958914" lon="10.502616">
        <ele>240.1</ele>
      </trkpt>
      <trkpt lat="42.958855" lon="10.502616">
        <ele>240.4</ele>
      </trkpt>
      <trkpt lat="42.958788" lon="10.502601">
        <ele>240.5</ele>
      </trkpt>
      <trkpt lat="42.958731" lon="10.502575">
        <ele>240.4</ele>
      </trkpt>
      <trkpt lat="42.958683" lon="10.50254">
        <ele>240.1</ele>
      </trkpt>
      <trkpt lat="42.958636" lon="10.502487">
        <ele>239.5</ele>
      </trkpt>
      <trkpt lat="42.958603" lon="10.50243">
        <ele>238.8</ele>
      </trkpt>
      <trkpt lat="42.958571" lon="10.502368">
        <ele>237.9</ele>
      </trkpt>
      <trkpt lat="42.958541" lon="10.502305">
        <ele>237.1</ele>
      </trkpt>
      <trkpt lat="42.958507" lon="10.502242">
        <ele>236.3</ele>
      </trkpt>
      <trkpt lat="42.958478" lon="10.502181">
        <ele>235.5</ele>
      </trkpt>
      <trkpt lat="42.958452" lon="10.502113">
        <ele>234.6</ele>
      </trkpt>
      <trkpt lat="42.958425" lon="10.502046">
        <ele>233.6</ele>
      </trkpt>
      <trkpt lat="42.958395" lon="10.501984">
        <ele>232.8</ele>
      </trkpt>
      <trkpt lat="42.958359" lon="10.501926">
        <ele>232.0</ele>
      </trkpt>
      <trkpt lat="42.958318" lon="10.50187">
        <ele>231.2</ele>
      </trkpt>
      <trkpt lat="42.95828" lon="10.501822">
        <ele>230.5</ele>
      </trkpt>
      <trkpt lat="42.958233" lon="10.501778">
        <ele>229.9</ele>
      </trkpt>
      <trkpt lat="42.958182" lon="10.501741">
        <ele>229.4</ele>
      </trkpt>
      <trkpt lat="42.958134" lon="10.501719">
        <ele>229.2</ele>
      </trkpt>
      <trkpt lat="42.958092" lon="10.501699">
        <ele>229.0</ele>
      </trkpt>
      <trkpt lat="42.958056" lon="10.501681">
        <ele>228.8</ele>
      </trkpt>
      <trkpt lat="42.958026" lon="10.501668">
        <ele>228.7</ele>
      </trkpt>
      <trkpt lat="42.957998" lon="10.501668">
        <ele>228.8</ele>
      </trkpt>
      <trkpt lat="42.957965" lon="10.501655">
        <ele>228.6</ele>
      </trkpt>
      <trkpt lat="42.957924" lon="10.501632">
        <ele>228.0</ele>
      </trkpt>
      <trkpt lat="42.957876" lon="10.501609">
        <ele>227.4</ele>
      </trkpt>
      <trkpt lat="42.957823" lon="10.501585">
        <ele>226.9</ele>
      </trkpt>
      <trkpt lat="42.957772" lon="10.50155">
        <ele>226.0</ele>
      </trkpt>
      <trkpt lat="42.957723" lon="10.5015">
        <ele>225.0</ele>
      </trkpt>
      <trkpt lat="42.957677" lon="10.501438">
        <ele>223.7</ele>
      </trkpt>
      <trkpt lat="42.957621" lon="10.501374">
        <ele>222.3</ele>
      </trkpt>
      <trkpt lat="42.957572" lon="10.501319">
        <ele>221.1</ele>
      </trkpt>
      <trkpt lat="42.95752" lon="10.501273">
        <ele>220.1</ele>
      </trkpt>
      <trkpt lat="42.957464" lon="10.501239">
        <ele>219.3</ele>
      </trkpt>
      <trkpt lat="42.957403" lon="10.50122">
        <ele>218.8</ele>
      </trkpt>
      <trkpt lat="42.95734" lon="10.501207">
        <ele>218.4</ele>
      </trkpt>
      <trkpt lat="42.957277" lon="10.501203">
        <ele>218.2</ele>
      </trkpt>
      <trkpt lat="42.957216" lon="10.501204">
        <ele>218.1</ele>
      </trkpt>
      <trkpt lat="42.957151" lon="10.501206">
        <ele>218.0</ele>
      </trkpt>
      <trkpt lat="42.957092" lon="10.501225">
        <ele>218.3</ele>
      </trkpt>
      <trkpt lat="42.95704" lon="10.501263">
        <ele>218.9</ele>
      </trkpt>
      <trkpt lat="42.956998" lon="10.501314">
        <ele>219.9</ele>
      </trkpt>
      <trkpt lat="42.956964" lon="10.501373">
        <ele>221.0</ele>
      </trkpt>
      <trkpt lat="42.956939" lon="10.501446">
        <ele>222.4</ele>
      </trkpt>
      <trkpt lat="42.956919" lon="10.501527">
        <ele>224.0</ele>
      </trkpt>
      <trkpt lat="42.956897" lon="10.501607">
        <ele>225.5</ele>
      </trkpt>
      <trkpt lat="42.956862" lon="10.501657">
        <ele>226.5</ele>
      </trkpt>
      <trkpt lat="42.956822" lon="10.501664">
        <ele>226.6</ele>
      </trkpt>
      <trkpt lat="42.956773" lon="10.501664">
        <ele>226.6</ele>
      </trkpt>
      <trkpt lat="42.956745" lon="10.501626">
        <ele>225.9</ele>
      </trkpt>
      <trkpt lat="42.95671" lon="10.501579">
        <ele>224.9</ele>
      </trkpt>
      <trkpt lat="42.95667" lon="10.501529">
        <ele>223.9</ele>
      </trkpt>
      <trkpt lat="42.956623" lon="10.50148">
        <ele>222.9</ele>
      </trkpt>
      <trkpt lat="42.956575" lon="10.501438">
        <ele>222.0</ele>
      </trkpt>
      <trkpt lat="42.956531" lon="10.501398">
        <ele>221.2</ele>
      </trkpt>
      <trkpt lat="42.956486" lon="10.501341">
        <ele>220.0</ele>
      </trkpt>
      <trkpt lat="42.956443" lon="10.501273">
        <ele>218.6</ele>
      </trkpt>
      <trkpt lat="42.956397" lon="10.501199">
        <ele>217.0</ele>
      </trkpt>
      <trkpt lat="42.95635" lon="10.501126">
        <ele>215.5</ele>
      </trkpt>
      <trkpt lat="42.956293" lon="10.501057">
        <ele>214.1</ele>
      </trkpt>
      <trkpt lat="42.956238" lon="10.50099">
        <ele>212.9</ele>
      </trkpt>
      <trkpt lat="42.956194" lon="10.500919">
        <ele>211.4</ele>
      </trkpt>
      <trkpt lat="42.956136" lon="10.500871">
        <ele>210.7</ele>
      </trkpt>
      <trkpt lat="42.956079" lon="10.500827">
        <ele>210.1</ele>
      </trkpt>
      <trkpt lat="42.956023" lon="10.500781">
        <ele>209.4</ele>
      </trkpt>
      <trkpt lat="42.955969" lon="10.500747">
        <ele>209.0</ele>
      </trkpt>
      <trkpt lat="42.955919" lon="10.500712">
        <ele>208.6</ele>
      </trkpt>
      <trkpt lat="42.955875" lon="10.500676">
        <ele>208.1</ele>
      </trkpt>
      <trkpt lat="42.955834" lon="10.500651">
        <ele>207.8</ele>
      </trkpt>
      <trkpt lat="42.955795" lon="10.500634">
        <ele>207.7</ele>
      </trkpt>
      <trkpt lat="42.95576" lon="10.500618">
        <ele>207.7</ele>
      </trkpt>
      <trkpt lat="42.955726" lon="10.500611">
        <ele>207.7</ele>
      </trkpt>
      <trkpt lat="42.955693" lon="10.500599">
        <ele>207.8</ele>
      </trkpt>
      <trkpt lat="42.955662" lon="10.500593">
        <ele>207.9</ele>
      </trkpt>
      <trkpt lat="42.955626" lon="10.500578">
        <ele>207.9</ele>
      </trkpt>
      <trkpt lat="42.955582" lon="10.500571">
        <ele>208.1</ele>
      </trkpt>
      <trkpt lat="42.955538" lon="10.500559">
        <ele>208.2</ele>
      </trkpt>
      <trkpt lat="42.955489" lon="10.500551">
        <ele>208.5</ele>
      </trkpt>
      <trkpt lat="42.955433" lon="10.500545">
        <ele>208.7</ele>
      </trkpt>
      <trkpt lat="42.955377" lon="10.500534">
        <ele>208.8</ele>
      </trkpt>
      <trkpt lat="42.955321" lon="10.500517">
        <ele>208.7</ele>
      </trkpt>
      <trkpt lat="42.955272" lon="10.500487">
        <ele>208.4</ele>
      </trkpt>
      <trkpt lat="42.955222" lon="10.500436">
        <ele>207.5</ele>
      </trkpt>
      <trkpt lat="42.955183" lon="10.500373">
        <ele>206.4</ele>
      </trkpt>
      <trkpt lat="42.955151" lon="10.50031">
        <ele>205.2</ele>
      </trkpt>
      <trkpt lat="42.955127" lon="10.500244">
        <ele>203.9</ele>
      </trkpt>
      <trkpt lat="42.955103" lon="10.50018">
        <ele>202.6</ele>
      </trkpt>
      <trkpt lat="42.955073" lon="10.500128">
        <ele>201.6</ele>
      </trkpt>
      <trkpt lat="42.955036" lon="10.500094">
        <ele>201.2</ele>
      </trkpt>
      <trkpt lat="42.954996" lon="10.500063">
        <ele>200.9</ele>
      </trkpt>
      <trkpt lat="42.954949" lon="10.500037">
        <ele>200.7</ele>
      </trkpt>
      <trkpt lat="42.954902" lon="10.500009">
        <ele>200.5</ele>
      </trkpt>
      <trkpt lat="42.954855" lon="10.499983">
        <ele>200.4</ele>
      </trkpt>
      <trkpt lat="42.9548" lon="10.499968">
        <ele>200.6</ele>
      </trkpt>
      <trkpt lat="42.954743" lon="10.499958">
        <ele>201.0</ele>
      </trkpt>
      <trkpt lat="42.954684" lon="10.49996">
        <ele>201.7</ele>
      </trkpt>
      <trkpt lat="42.954628" lon="10.499975">
        <ele>202.2</ele>
      </trkpt>
      <trkpt lat="42.954565" lon="10.499987">
        <ele>202.4</ele>
      </trkpt>
      <trkpt lat="42.9545" lon="10.500011">
        <ele>202.8</ele>
      </trkpt>
      <trkpt lat="42.954441" lon="10.500046">
        <ele>203.5</ele>
      </trkpt>
      <trkpt lat="42.954383" lon="10.500085">
        <ele>204.1</ele>
      </trkpt>
      <trkpt lat="42.95433" lon="10.500124">
        <ele>204.8</ele>
      </trkpt>
      <trkpt lat="42.95428" lon="10.500144">
        <ele>205.1</ele>
      </trkpt>
      <trkpt lat="42.954238" lon="10.500138">
        <ele>204.8</ele>
      </trkpt>
      <trkpt lat="42.954198" lon="10.500117">
        <ele>204.4</ele>
      </trkpt>
      <trkpt lat="42.954155" lon="10.5001">
        <ele>203.9</ele>
      </trkpt>
      <trkpt lat="42.954115" lon="10.500069">
        <ele>203.2</ele>
      </trkpt>
      <trkpt lat="42.954079" lon="10.500032">
        <ele>202.5</ele>
      </trkpt>
      <trkpt lat="42.954048" lon="10.499989">
        <ele>201.6</ele>
      </trkpt>
      <trkpt lat="42.95401" lon="10.499936">
        <ele>200.6</ele>
      </trkpt>
      <trkpt lat="42.953964" lon="10.499888">
        <ele>199.7</ele>
      </trkpt>
      <trkpt lat="42.953911" lon="10.499851">
        <ele>199.0</ele>
      </trkpt>
      <trkpt lat="42.953855" lon="10.49982">
        <ele>198.4</ele>
      </trkpt>
      <trkpt lat="42.953794" lon="10.499798">
        <ele>198.0</ele>
      </trkpt>
      <trkpt lat="42.953726" lon="10.499781">
        <ele>197.8</ele>
      </trkpt>
      <trkpt lat="42.953662" lon="10.499763">
        <ele>197.5</ele>
      </trkpt>
      <trkpt lat="42.953617" lon="10.499745">
        <ele>197.3</ele>
      </trkpt>
      <trkpt lat="42.953586" lon="10.499708">
        <ele>196.8</ele>
      </trkpt>
      <trkpt lat="42.953565" lon="10.499666">
        <ele>196.4</ele>
      </trkpt>
      <trkpt lat="42.953541" lon="10.499615">
        <ele>195.8</ele>
      </trkpt>
      <trkpt lat="42.953514" lon="10.49957">
        <ele>195.4</ele>
      </trkpt>
      <trkpt lat="42.953486" lon="10.499521">
        <ele>194.9</ele>
      </trkpt>
      <trkpt lat="42.953451" lon="10.499485">
        <ele>194.7</ele>
      </trkpt>
      <trkpt lat="42.953424" lon="10.499449">
        <ele>194.5</ele>
      </trkpt>
      <trkpt lat="42.953397" lon="10.499423">
        <ele>194.3</ele>
      </trkpt>
      <trkpt lat="42.953371" lon="10.499401">
        <ele>194.1</ele>
      </trkpt>
      <trkpt lat="42.95334" lon="10.499381">
        <ele>193.9</ele>
      </trkpt>
      <trkpt lat="42.953305" lon="10.499361">
        <ele>193.7</ele>
      </trkpt>
      <trkpt lat="42.953268" lon="10.499338">
        <ele>193.6</ele>
      </trkpt>
      <trkpt lat="42.953231" lon="10.499312">
        <ele>193.4</ele>
      </trkpt>
      <trkpt lat="42.953187" lon="10.499285">
        <ele>193.3</ele>
      </trkpt>
      <trkpt lat="42.953139" lon="10.499264">
        <ele>193.2</ele>
      </trkpt>
      <trkpt lat="42.953093" lon="10.499245">
        <ele>193.2</ele>
      </trkpt>
      <trkpt lat="42.953038" lon="10.499237">
        <ele>193.5</ele>
      </trkpt>
      <trkpt lat="42.952984" lon="10.499237">
        <ele>193.8</ele>
      </trkpt>
      <trkpt lat="42.952929" lon="10.499243">
        <ele>193.8</ele>
      </trkpt>
      <trkpt lat="42.952873" lon="10.499255">
        <ele>193.9</ele>
      </trkpt>
      <trkpt lat="42.952825" lon="10.499274">
        <ele>194.0</ele>
      </trkpt>
      <trkpt lat="42.952772" lon="10.499294">
        <ele>194.2</ele>
      </trkpt>
      <trkpt lat="42.95272" lon="10.499326">
        <ele>194.5</ele>
      </trkpt>
      <trkpt lat="42.952673" lon="10.499371">
        <ele>195.0</ele>
      </trkpt>
      <trkpt lat="42.952631" lon="10.49942">
        <ele>195.4</ele>
      </trkpt>
      <trkpt lat="42.952591" lon="10.49947">
        <ele>195.4</ele>
      </trkpt>
      <trkpt lat="42.952545" lon="10.499523">
        <ele>195.1</ele>
      </trkpt>
      <trkpt lat="42.952495" lon="10.499559">
        <ele>194.7</ele>
      </trkpt>
      <trkpt lat="42.95245" lon="10.499591">
        <ele>194.4</ele>
      </trkpt>
      <trkpt lat="42.952399" lon="10.499619">
        <ele>194.0</ele>
      </trkpt>
      <trkpt lat="42.952352" lon="10.499628">
        <ele>193.7</ele>
      </trkpt>
      <trkpt lat="42.952299" lon="10.49963">
        <ele>193.3</ele>
      </trkpt>
      <trkpt lat="42.95225" lon="10.499622">
        <ele>193.1</ele>
      </trkpt>
      <trkpt lat="42.952195" lon="10.499615">
        <ele>192.8</ele>
      </trkpt>
      <trkpt lat="42.952139" lon="10.49962">
        <ele>192.3</ele>
      </trkpt>
      <trkpt lat="42.952086" lon="10.499639">
        <ele>191.4</ele>
      </trkpt>
      <trkpt lat="42.952042" lon="10.499648">
        <ele>190.8</ele>
      </trkpt>
      <trkpt lat="42.951998" lon="10.499639">
        <ele>190.2</ele>
      </trkpt>
      <trkpt lat="42.951957" lon="10.499628">
        <ele>189.7</ele>
      </trkpt>
      <trkpt lat="42.951921" lon="10.499603">
        <ele>189.4</ele>
      </trkpt>
      <trkpt lat="42.951875" lon="10.499583">
        <ele>189.0</ele>
      </trkpt>
      <trkpt lat="42.951818" lon="10.499568">
        <ele>188.3</ele>
      </trkpt>
      <trkpt lat="42.95176" lon="10.499539">
        <ele>187.8</ele>
      </trkpt>
      <trkpt lat="42.951705" lon="10.499512">
        <ele>187.2</ele>
      </trkpt>
      <trkpt lat="42.951652" lon="10.499513">
        <ele>186.5</ele>
      </trkpt>
      <trkpt lat="42.951609" lon="10.499519">
        <ele>185.9</ele>
      </trkpt>
      <trkpt lat="42.951571" lon="10.499524">
        <ele>185.4</ele>
      </trkpt>
      <trkpt lat="42.95154" lon="10.499524">
        <ele>184.9</ele>
      </trkpt>
      <trkpt lat="42.951517" lon="10.499522">
        <ele>184.6</ele>
      </trkpt>
      <trkpt lat="42.951498" lon="10.499525">
        <ele>184.4</ele>
      </trkpt>
      <trkpt lat="42.95149" lon="10.499531">
        <ele>184.2</ele>
      </trkpt>
      <trkpt lat="42.951487" lon="10.499536">
        <ele>184.1</ele>
      </trkpt>
      <trkpt lat="42.951489" lon="10.499537">
        <ele>184.1</ele>
      </trkpt>
      <trkpt lat="42.951291" lon="10.499448">
        <ele>181.9</ele>
      </trkpt>
      <trkpt lat="42.951274" lon="10.499439">
        <ele>181.6</ele>
      </trkpt>
      <trkpt lat="42.951259" lon="10.499432">
        <ele>181.2</ele>
      </trkpt>
      <trkpt lat="42.951246" lon="10.499424">
        <ele>180.9</ele>
      </trkpt>
      <trkpt lat="42.951235" lon="10.499418">
        <ele>180.7</ele>
      </trkpt>
      <trkpt lat="42.951226" lon="10.499411">
        <ele>180.5</ele>
      </trkpt>
      <trkpt lat="42.951222" lon="10.499401">
        <ele>180.4</ele>
      </trkpt>
      <trkpt lat="42.951216" lon="10.499386">
        <ele>180.2</ele>
      </trkpt>
      <trkpt lat="42.951204" lon="10.499376">
        <ele>179.9</ele>
      </trkpt>
      <trkpt lat="42.951191" lon="10.499362">
        <ele>179.6</ele>
      </trkpt>
      <trkpt lat="42.951176" lon="10.49935">
        <ele>179.3</ele>
      </trkpt>
      <trkpt lat="42.951163" lon="10.499344">
        <ele>179.0</ele>
      </trkpt>
      <trkpt lat="42.951154" lon="10.499351">
        <ele>178.8</ele>
      </trkpt>
      <trkpt lat="42.951153" lon="10.499351">
        <ele>178.8</ele>
      </trkpt>
      <trkpt lat="42.951153" lon="10.499351">
        <ele>178.8</ele>
      </trkpt>
      <trkpt lat="42.951152" lon="10.499308">
        <ele>178.8</ele>
      </trkpt>
      <trkpt lat="42.951133" lon="10.499281">
        <ele>178.3</ele>
      </trkpt>
      <trkpt lat="42.951106" lon="10.49925">
        <ele>177.8</ele>
      </trkpt>
      <trkpt lat="42.951074" lon="10.499213">
        <ele>177.2</ele>
      </trkpt>
      <trkpt lat="42.951042" lon="10.499171">
        <ele>176.6</ele>
      </trkpt>
      <trkpt lat="42.951006" lon="10.499121">
        <ele>176.1</ele>
      </trkpt>
      <trkpt lat="42.950965" lon="10.499077">
        <ele>175.4</ele>
      </trkpt>
      <trkpt lat="42.950923" lon="10.499033">
        <ele>174.8</ele>
      </trkpt>
      <trkpt lat="42.950878" lon="10.498979">
        <ele>174.3</ele>
      </trkpt>
      <trkpt lat="42.950836" lon="10.498919">
        <ele>173.9</ele>
      </trkpt>
      <trkpt lat="42.950792" lon="10.498847">
        <ele>173.7</ele>
      </trkpt>
      <trkpt lat="42.950736" lon="10.498785">
        <ele>173.3</ele>
      </trkpt>
      <trkpt lat="42.950682" lon="10.498724">
        <ele>173.0</ele>
      </trkpt>
      <trkpt lat="42.95063" lon="10.498672">
        <ele>172.8</ele>
      </trkpt>
      <trkpt lat="42.950579" lon="10.498642">
        <ele>172.5</ele>
      </trkpt>
      <trkpt lat="42.950536" lon="10.498617">
        <ele>172.2</ele>
      </trkpt>
      <trkpt lat="42.950494" lon="10.498604">
        <ele>171.9</ele>
      </trkpt>
      <trkpt lat="42.950457" lon="10.498596">
        <ele>171.6</ele>
      </trkpt>
      <trkpt lat="42.950423" lon="10.498584">
        <ele>171.2</ele>
      </trkpt>
      <trkpt lat="42.950403" lon="10.498546">
        <ele>170.8</ele>
      </trkpt>
      <trkpt lat="42.950411" lon="10.49851">
        <ele>170.7</ele>
      </trkpt>
      <trkpt lat="42.950417" lon="10.498463">
        <ele>170.4</ele>
      </trkpt>
      <trkpt lat="42.950435" lon="10.498418">
        <ele>170.3</ele>
      </trkpt>
      <trkpt lat="42.950396" lon="10.498356">
        <ele>169.6</ele>
      </trkpt>
      <trkpt lat="42.950391" lon="10.498321">
        <ele>169.3</ele>
      </trkpt>
      <trkpt lat="42.95037" lon="10.498277">
        <ele>168.8</ele>
      </trkpt>
      <trkpt lat="42.950346" lon="10.498225">
        <ele>168.3</ele>
      </trkpt>
      <trkpt lat="42.950342" lon="10.498162">
        <ele>167.8</ele>
      </trkpt>
      <trkpt lat="42.950313" lon="10.49809">
        <ele>167.1</ele>
      </trkpt>
      <trkpt lat="42.950314" lon="10.498012">
        <ele>166.6</ele>
      </trkpt>
      <trkpt lat="42.950303" lon="10.497943">
        <ele>166.0</ele>
      </trkpt>
      <trkpt lat="42.950288" lon="10.497879">
        <ele>165.4</ele>
      </trkpt>
      <trkpt lat="42.950273" lon="10.497815">
        <ele>164.9</ele>
      </trkpt>
      <trkpt lat="42.950242" lon="10.49777">
        <ele>164.2</ele>
      </trkpt>
      <trkpt lat="42.950196" lon="10.497765">
        <ele>163.6</ele>
      </trkpt>
      <trkpt lat="42.950146" lon="10.497767">
        <ele>163.1</ele>
      </trkpt>
      <trkpt lat="42.950089" lon="10.497766">
        <ele>162.5</ele>
      </trkpt>
      <trkpt lat="42.950028" lon="10.497762">
        <ele>161.7</ele>
      </trkpt>
      <trkpt lat="42.949968" lon="10.497756">
        <ele>161.0</ele>
      </trkpt>
      <trkpt lat="42.949913" lon="10.497744">
        <ele>160.1</ele>
      </trkpt>
      <trkpt lat="42.949877" lon="10.497732">
        <ele>159.5</ele>
      </trkpt>
      <trkpt lat="42.949816" lon="10.497687">
        <ele>157.9</ele>
      </trkpt>
      <trkpt lat="42.949753" lon="10.49766">
        <ele>156.7</ele>
      </trkpt>
      <trkpt lat="42.94971" lon="10.497658">
        <ele>156.2</ele>
      </trkpt>
      <trkpt lat="42.94966" lon="10.497669">
        <ele>155.9</ele>
      </trkpt>
      <trkpt lat="42.949606" lon="10.497679">
        <ele>155.3</ele>
      </trkpt>
      <trkpt lat="42.949548" lon="10.497687">
        <ele>154.8</ele>
      </trkpt>
      <trkpt lat="42.949483" lon="10.497698">
        <ele>154.2</ele>
      </trkpt>
      <trkpt lat="42.949424" lon="10.497711">
        <ele>153.6</ele>
      </trkpt>
      <trkpt lat="42.949377" lon="10.497727">
        <ele>153.3</ele>
      </trkpt>
      <trkpt lat="42.949335" lon="10.497756">
        <ele>153.3</ele>
      </trkpt>
      <trkpt lat="42.949296" lon="10.497784">
        <ele>153.2</ele>
      </trkpt>
      <trkpt lat="42.94927" lon="10.497789">
        <ele>152.9</ele>
      </trkpt>
      <trkpt lat="42.949254" lon="10.497799">
        <ele>152.8</ele>
      </trkpt>
      <trkpt lat="42.949226" lon="10.497801">
        <ele>152.5</ele>
      </trkpt>
      <trkpt lat="42.949192" lon="10.497799">
        <ele>152.0</ele>
      </trkpt>
      <trkpt lat="42.949158" lon="10.497811">
        <ele>151.6</ele>
      </trkpt>
      <trkpt lat="42.949116" lon="10.497832">
        <ele>151.3</ele>
      </trkpt>
      <trkpt lat="42.949069" lon="10.497847">
        <ele>150.8</ele>
      </trkpt>
      <trkpt lat="42.94902" lon="10.497854">
        <ele>150.2</ele>
      </trkpt>
      <trkpt lat="42.948974" lon="10.497838">
        <ele>149.5</ele>
      </trkpt>
      <trkpt lat="42.948923" lon="10.497818">
        <ele>148.7</ele>
      </trkpt>
      <trkpt lat="42.948873" lon="10.497816">
        <ele>148.0</ele>
      </trkpt>
      <trkpt lat="42.948819" lon="10.497816">
        <ele>147.3</ele>
      </trkpt>
      <trkpt lat="42.948769" lon="10.497834">
        <ele>146.9</ele>
      </trkpt>
      <trkpt lat="42.948717" lon="10.497857">
        <ele>146.5</ele>
      </trkpt>
      <trkpt lat="42.948672" lon="10.49787">
        <ele>146.2</ele>
      </trkpt>
      <trkpt lat="42.948629" lon="10.49788">
        <ele>145.8</ele>
      </trkpt>
      <trkpt lat="42.94859" lon="10.497885">
        <ele>145.4</ele>
      </trkpt>
      <trkpt lat="42.948556" lon="10.49789">
        <ele>145.1</ele>
      </trkpt>
      <trkpt lat="42.94852" lon="10.497895">
        <ele>144.7</ele>
      </trkpt>
      <trkpt lat="42.948491" lon="10.4979">
        <ele>144.5</ele>
      </trkpt>
      <trkpt lat="42.948463" lon="10.497911">
        <ele>144.3</ele>
      </trkpt>
      <trkpt lat="42.948432" lon="10.49792">
        <ele>144.0</ele>
      </trkpt>
      <trkpt lat="42.948398" lon="10.497929">
        <ele>143.7</ele>
      </trkpt>
      <trkpt lat="42.94836" lon="10.497948">
        <ele>143.5</ele>
      </trkpt>
      <trkpt lat="42.94832" lon="10.497959">
        <ele>143.1</ele>
      </trkpt>
      <trkpt lat="42.94828" lon="10.497951">
        <ele>142.6</ele>
      </trkpt>
      <trkpt lat="42.948237" lon="10.497947">
        <ele>142.1</ele>
      </trkpt>
      <trkpt lat="42.948195" lon="10.497949">
        <ele>141.6</ele>
      </trkpt>
      <trkpt lat="42.948152" lon="10.497952">
        <ele>141.2</ele>
      </trkpt>
      <trkpt lat="42.9481" lon="10.497959">
        <ele>140.7</ele>
      </trkpt>
      <trkpt lat="42.948043" lon="10.497966">
        <ele>140.1</ele>
      </trkpt>
      <trkpt lat="42.947983" lon="10.497977">
        <ele>139.5</ele>
      </trkpt>
      <trkpt lat="42.947921" lon="10.497985">
        <ele>138.9</ele>
      </trkpt>
      <trkpt lat="42.947863" lon="10.497981">
        <ele>138.2</ele>
      </trkpt>
      <trkpt lat="42.947805" lon="10.497994">
        <ele>137.6</ele>
      </trkpt>
      <trkpt lat="42.947763" lon="10.498011">
        <ele>137.3</ele>
      </trkpt>
      <trkpt lat="42.947726" lon="10.498004">
        <ele>136.8</ele>
      </trkpt>
      <trkpt lat="42.947692" lon="10.49798">
        <ele>136.2</ele>
      </trkpt>
      <trkpt lat="42.947661" lon="10.49796">
        <ele>135.7</ele>
      </trkpt>
      <trkpt lat="42.947624" lon="10.497951">
        <ele>135.2</ele>
      </trkpt>
      <trkpt lat="42.947583" lon="10.497932">
        <ele>134.5</ele>
      </trkpt>
      <trkpt lat="42.947548" lon="10.497914">
        <ele>133.9</ele>
      </trkpt>
      <trkpt lat="42.947511" lon="10.497902">
        <ele>133.4</ele>
      </trkpt>
      <trkpt lat="42.947481" lon="10.497895">
        <ele>133.0</ele>
      </trkpt>
      <trkpt lat="42.94745" lon="10.497882">
        <ele>132.5</ele>
      </trkpt>
      <trkpt lat="42.947408" lon="10.497871">
        <ele>131.9</ele>
      </trkpt>
      <trkpt lat="42.94736" lon="10.497872">
        <ele>131.3</ele>
      </trkpt>
      <trkpt lat="42.947308" lon="10.497856">
        <ele>130.6</ele>
      </trkpt>
      <trkpt lat="42.947254" lon="10.497834">
        <ele>129.7</ele>
      </trkpt>
      <trkpt lat="42.94721" lon="10.497813">
        <ele>129.0</ele>
      </trkpt>
      <trkpt lat="42.947165" lon="10.497801">
        <ele>128.3</ele>
      </trkpt>
      <trkpt lat="42.947119" lon="10.497796">
        <ele>127.5</ele>
      </trkpt>
      <trkpt lat="42.947072" lon="10.497787">
        <ele>126.7</ele>
      </trkpt>
      <trkpt lat="42.947024" lon="10.497772">
        <ele>125.8</ele>
      </trkpt>
      <trkpt lat="42.946973" lon="10.497746">
        <ele>124.5</ele>
      </trkpt>
      <trkpt lat="42.946929" lon="10.497725">
        <ele>123.3</ele>
      </trkpt>
      <trkpt lat="42.946901" lon="10.497703">
        <ele>122.5</ele>
      </trkpt>
      <trkpt lat="42.946893" lon="10.497695">
        <ele>122.2</ele>
      </trkpt>
      <trkpt lat="42.94689" lon="10.497689">
        <ele>122.0</ele>
      </trkpt>
      <trkpt lat="42.946877" lon="10.497695">
        <ele>122.0</ele>
      </trkpt>
      <trkpt lat="42.946859" lon="10.497699">
        <ele>121.8</ele>
      </trkpt>
      <trkpt lat="42.946827" lon="10.497709">
        <ele>121.5</ele>
      </trkpt>
      <trkpt lat="42.94679" lon="10.497728">
        <ele>121.3</ele>
      </trkpt>
      <trkpt lat="42.946746" lon="10.497745">
        <ele>121.0</ele>
      </trkpt>
      <trkpt lat="42.946692" lon="10.497768">
        <ele>120.5</ele>
      </trkpt>
      <trkpt lat="42.946645" lon="10.497776">
        <ele>119.9</ele>
      </trkpt>
      <trkpt lat="42.946601" lon="10.497805">
        <ele>119.5</ele>
      </trkpt>
      <trkpt lat="42.946568" lon="10.497834">
        <ele>119.3</ele>
      </trkpt>
      <trkpt lat="42.946545" lon="10.49788">
        <ele>119.4</ele>
      </trkpt>
      <trkpt lat="42.946534" lon="10.497936">
        <ele>119.8</ele>
      </trkpt>
      <trkpt lat="42.946517" lon="10.497991">
        <ele>120.0</ele>
      </trkpt>
      <trkpt lat="42.946493" lon="10.498044">
        <ele>120.2</ele>
      </trkpt>
      <trkpt lat="42.946461" lon="10.498098">
        <ele>120.2</ele>
      </trkpt>
      <trkpt lat="42.946427" lon="10.498143">
        <ele>120.1</ele>
      </trkpt>
      <trkpt lat="42.946397" lon="10.498169">
        <ele>119.8</ele>
      </trkpt>
      <trkpt lat="42.946375" lon="10.498187">
        <ele>119.7</ele>
      </trkpt>
      <trkpt lat="42.946354" lon="10.498187">
        <ele>119.3</ele>
      </trkpt>
      <trkpt lat="42.94633" lon="10.49819">
        <ele>119.0</ele>
      </trkpt>
      <trkpt lat="42.946302" lon="10.49821">
        <ele>118.7</ele>
      </trkpt>
      <trkpt lat="42.94627" lon="10.49823">
        <ele>118.3</ele>
      </trkpt>
      <trkpt lat="42.946231" lon="10.498246">
        <ele>117.8</ele>
      </trkpt>
      <trkpt lat="42.946186" lon="10.498259">
        <ele>117.2</ele>
      </trkpt>
      <trkpt lat="42.946145" lon="10.498275">
        <ele>116.7</ele>
      </trkpt>
      <trkpt lat="42.946101" lon="10.498311">
        <ele>116.3</ele>
      </trkpt>
      <trkpt lat="42.946054" lon="10.498345">
        <ele>115.8</ele>
      </trkpt>
      <trkpt lat="42.946016" lon="10.498376">
        <ele>115.5</ele>
      </trkpt>
      <trkpt lat="42.945982" lon="10.498403">
        <ele>115.1</ele>
      </trkpt>
      <trkpt lat="42.945947" lon="10.498428">
        <ele>114.8</ele>
      </trkpt>
      <trkpt lat="42.945919" lon="10.498457">
        <ele>114.6</ele>
      </trkpt>
      <trkpt lat="42.945886" lon="10.498473">
        <ele>114.2</ele>
      </trkpt>
      <trkpt lat="42.945855" lon="10.49848">
        <ele>113.7</ele>
      </trkpt>
      <trkpt lat="42.945822" lon="10.498494">
        <ele>113.3</ele>
      </trkpt>
      <trkpt lat="42.945792" lon="10.498512">
        <ele>113.0</ele>
      </trkpt>
      <trkpt lat="42.945765" lon="10.498526">
        <ele>112.7</ele>
      </trkpt>
      <trkpt lat="42.94574" lon="10.49854">
        <ele>112.4</ele>
      </trkpt>
      <trkpt lat="42.945709" lon="10.498555">
        <ele>112.0</ele>
      </trkpt>
      <trkpt lat="42.945666" lon="10.498574">
        <ele>111.5</ele>
      </trkpt>
      <trkpt lat="42.945625" lon="10.498594">
        <ele>111.0</ele>
      </trkpt>
      <trkpt lat="42.945588" lon="10.49861">
        <ele>110.5</ele>
      </trkpt>
      <trkpt lat="42.945556" lon="10.498615">
        <ele>109.9</ele>
      </trkpt>
      <trkpt lat="42.945533" lon="10.498621">
        <ele>109.5</ele>
      </trkpt>
      <trkpt lat="42.94551" lon="10.498625">
        <ele>109.1</ele>
      </trkpt>
      <trkpt lat="42.945487" lon="10.498629">
        <ele>108.8</ele>
      </trkpt>
      <trkpt lat="42.945472" lon="10.498621">
        <ele>108.7</ele>
      </trkpt>
      <trkpt lat="42.945469" lon="10.498604">
        <ele>108.6</ele>
      </trkpt>
      <trkpt lat="42.94551" lon="10.498672">
        <ele>102.6</ele>
      </trkpt>
      <trkpt lat="42.945311" lon="10.498805">
        <ele>101.2</ele>
      </trkpt>
      <trkpt lat="42.945297" lon="10.498817">
        <ele>101.1</ele>
      </trkpt>
      <trkpt lat="42.94519" lon="10.49892">
        <ele>100.3</ele>
      </trkpt>
      <trkpt lat="42.945118" lon="10.499252">
        <ele>98.9</ele>
      </trkpt>
      <trkpt lat="42.945091" lon="10.499427">
        <ele>98.3</ele>
      </trkpt>
      <trkpt lat="42.945208" lon="10.499624">
        <ele>97.4</ele>
      </trkpt>
      <trkpt lat="42.945601" lon="10.500188">
        <ele>94.5</ele>
      </trkpt>
      <trkpt lat="42.945697" lon="10.500439">
        <ele>93.5</ele>
      </trkpt>
      <trkpt lat="42.94577" lon="10.500637">
        <ele>92.7</ele>
      </trkpt>
      <trkpt lat="42.945857" lon="10.50081">
        <ele>91.9</ele>
      </trkpt>
      <trkpt lat="42.946036" lon="10.501353">
        <ele>89.7</ele>
      </trkpt>
      <trkpt lat="42.946312" lon="10.501965">
        <ele>86.9</ele>
      </trkpt>
      <trkpt lat="42.946389" lon="10.502219">
        <ele>85.9</ele>
      </trkpt>
      <trkpt lat="42.946546" lon="10.503063">
        <ele>82.5</ele>
      </trkpt>
      <trkpt lat="42.946589" lon="10.503422">
        <ele>81.2</ele>
      </trkpt>
      <trkpt lat="42.946549" lon="10.503736">
        <ele>80.2</ele>
      </trkpt>
      <trkpt lat="42.946616" lon="10.503981">
        <ele>79.4</ele>
      </trkpt>
      <trkpt lat="42.946605" lon="10.504175">
        <ele>78.7</ele>
      </trkpt>
      <trkpt lat="42.946485" lon="10.504194">
        <ele>78.2</ele>
      </trkpt>
      <trkpt lat="42.946355" lon="10.50416">
        <ele>77.6</ele>
      </trkpt>
      <trkpt lat="42.946172" lon="10.504027">
        <ele>76.8</ele>
      </trkpt>
      <trkpt lat="42.945737" lon="10.503401">
        <ele>74.0</ele>
      </trkpt>
      <trkpt lat="42.945475" lon="10.502976">
        <ele>72.6</ele>
      </trkpt>
      <trkpt lat="42.945212" lon="10.502626">
        <ele>71.3</ele>
      </trkpt>
      <trkpt lat="42.944782" lon="10.50215">
        <ele>69.3</ele>
      </trkpt>
      <trkpt lat="42.944552" lon="10.501938">
        <ele>68.4</ele>
      </trkpt>
      <trkpt lat="42.944363" lon="10.501763">
        <ele>67.6</ele>
      </trkpt>
      <trkpt lat="42.944096" lon="10.501568">
        <ele>66.0</ele>
      </trkpt>
      <trkpt lat="42.943096" lon="10.501006">
        <ele>60.1</ele>
      </trkpt>
      <trkpt lat="42.942904" lon="10.500896">
        <ele>59.0</ele>
      </trkpt>
      <trkpt lat="42.94262" lon="10.500738">
        <ele>57.3</ele>
      </trkpt>
      <trkpt lat="42.941829" lon="10.500303">
        <ele>52.3</ele>
      </trkpt>
      <trkpt lat="42.941647" lon="10.500287">
        <ele>51.2</ele>
      </trkpt>
      <trkpt lat="42.941571" lon="10.500312">
        <ele>50.8</ele>
      </trkpt>
      <trkpt lat="42.941469" lon="10.500425">
        <ele>50.0</ele>
      </trkpt>
      <trkpt lat="42.941328" lon="10.500846">
        <ele>48.0</ele>
      </trkpt>
      <trkpt lat="42.94119" lon="10.501353">
        <ele>46.3</ele>
      </trkpt>
      <trkpt lat="42.940719" lon="10.503048">
        <ele>42.0</ele>
      </trkpt>
      <trkpt lat="42.940644" lon="10.503583">
        <ele>40.7</ele>
      </trkpt>
      <trkpt lat="42.940577" lon="10.504198">
        <ele>39.3</ele>
      </trkpt>
      <trkpt lat="42.940532" lon="10.504354">
        <ele>39.0</ele>
      </trkpt>
      <trkpt lat="42.940463" lon="10.504491">
        <ele>38.6</ele>
      </trkpt>
      <trkpt lat="42.94029" lon="10.504714">
        <ele>37.9</ele>
      </trkpt>
      <trkpt lat="42.940219" lon="10.504769">
        <ele>37.6</ele>
      </trkpt>
      <trkpt lat="42.939859" lon="10.504914">
        <ele>36.5</ele>
      </trkpt>
      <trkpt lat="42.93972" lon="10.504932">
        <ele>36.1</ele>
      </trkpt>
      <trkpt lat="42.93937" lon="10.504993">
        <ele>35.3</ele>
      </trkpt>
      <trkpt lat="42.939186" lon="10.505043">
        <ele>34.9</ele>
      </trkpt>
      <trkpt lat="42.938977" lon="10.505207">
        <ele>34.4</ele>
      </trkpt>
      <trkpt lat="42.938625" lon="10.505523">
        <ele>33.6</ele>
      </trkpt>
      <trkpt lat="42.938591" lon="10.505553">
        <ele>33.5</ele>
      </trkpt>
      <trkpt lat="42.938334" lon="10.505646">
        <ele>33.0</ele>
      </trkpt>
      <trkpt lat="42.938277" lon="10.505622">
        <ele>32.8</ele>
      </trkpt>
      <trkpt lat="42.938089" lon="10.505633">
        <ele>32.0</ele>
      </trkpt>
      <trkpt lat="42.938046" lon="10.50559">
        <ele>31.7</ele>
      </trkpt>
      <trkpt lat="42.937981" lon="10.505418">
        <ele>30.6</ele>
      </trkpt>
      <trkpt lat="42.93796" lon="10.505247">
        <ele>29.8</ele>
      </trkpt>
      <trkpt lat="42.93796" lon="10.505138">
        <ele>29.6</ele>
      </trkpt>
      <trkpt lat="42.937917" lon="10.504967">
        <ele>29.3</ele>
      </trkpt>
      <trkpt lat="42.937767" lon="10.504624">
        <ele>28.3</ele>
      </trkpt>
      <trkpt lat="42.937702" lon="10.504539">
        <ele>28.0</ele>
      </trkpt>
      <trkpt lat="42.937595" lon="10.504367">
        <ele>27.6</ele>
      </trkpt>
      <trkpt lat="42.937467" lon="10.50413">
        <ele>27.5</ele>
      </trkpt>
      <trkpt lat="42.937444" lon="10.504087">
        <ele>27.5</ele>
      </trkpt>
      <trkpt lat="42.937101" lon="10.503529">
        <ele>26.9</ele>
      </trkpt>
      <trkpt lat="42.93708" lon="10.503422">
        <ele>27.0</ele>
      </trkpt>
      <trkpt lat="42.93708" lon="10.503273">
        <ele>27.3</ele>
      </trkpt>
      <trkpt lat="42.93708" lon="10.503187">
        <ele>27.5</ele>
      </trkpt>
      <trkpt lat="42.937058" lon="10.503144">
        <ele>27.5</ele>
      </trkpt>
      <trkpt lat="42.936929" lon="10.503015">
        <ele>27.1</ele>
      </trkpt>
      <trkpt lat="42.936909" lon="10.502972">
        <ele>27.0</ele>
      </trkpt>
      <trkpt lat="42.936866" lon="10.502843">
        <ele>27.0</ele>
      </trkpt>
      <trkpt lat="42.936843" lon="10.5028">
        <ele>26.9</ele>
      </trkpt>
      <trkpt lat="42.9368" lon="10.502778">
        <ele>26.7</ele>
      </trkpt>
      <trkpt lat="42.936694" lon="10.502758">
        <ele>26.1</ele>
      </trkpt>
      <trkpt lat="42.936565" lon="10.502649">
        <ele>25.3</ele>
      </trkpt>
      <trkpt lat="42.93635" lon="10.502306">
        <ele>24.0</ele>
      </trkpt>
      <trkpt lat="42.936092" lon="10.501878">
        <ele>25.2</ele>
      </trkpt>
      <trkpt lat="42.935921" lon="10.501577">
        <ele>26.8</ele>
      </trkpt>
      <trkpt lat="42.935814" lon="10.501363">
        <ele>28.0</ele>
      </trkpt>
      <trkpt lat="42.935814" lon="10.501297">
        <ele>28.2</ele>
      </trkpt>
      <trkpt lat="42.935792" lon="10.501212">
        <ele>28.6</ele>
      </trkpt>
      <trkpt lat="42.935749" lon="10.500891">
        <ele>28.5</ele>
      </trkpt>
      <trkpt lat="42.935749" lon="10.500655">
        <ele>27.8</ele>
      </trkpt>
      <trkpt lat="42.935771" lon="10.500503">
        <ele>27.3</ele>
      </trkpt>
      <trkpt lat="42.935993" lon="10.499982">
        <ele>27.1</ele>
      </trkpt>
      <trkpt lat="42.936335" lon="10.499547">
        <ele>21.0</ele>
      </trkpt>
      <trkpt lat="42.936288" lon="10.499588">
        <ele>20.9</ele>
      </trkpt>
      <trkpt lat="42.936228" lon="10.499651">
        <ele>20.9</ele>
      </trkpt>
      <trkpt lat="42.936153" lon="10.499706">
        <ele>20.7</ele>
      </trkpt>
      <trkpt lat="42.936188" lon="10.499723">
        <ele>22.0</ele>
      </trkpt>
      <trkpt lat="42.936158" lon="10.499753">
        <ele>22.0</ele>
      </trkpt>
      <trkpt lat="42.936072" lon="10.499882">
        <ele>22.7</ele>
      </trkpt>
      <trkpt lat="42.935964" lon="10.500031">
        <ele>23.9</ele>
      </trkpt>
      <trkpt lat="42.935878" lon="10.500183">
        <ele>24.4</ele>
      </trkpt>
      <trkpt lat="42.935835" lon="10.500289">
        <ele>25.0</ele>
      </trkpt>
      <trkpt lat="42.935814" lon="10.500397">
        <ele>25.7</ele>
      </trkpt>
      <trkpt lat="42.935792" lon="10.500461">
        <ele>26.2</ele>
      </trkpt>
      <trkpt lat="42.935749" lon="10.500655">
        <ele>27.4</ele>
      </trkpt>
      <trkpt lat="42.935686" lon="10.501169">
        <ele>28.9</ele>
      </trkpt>
      <trkpt lat="42.935686" lon="10.501297">
        <ele>28.5</ele>
      </trkpt>
      <trkpt lat="42.935663" lon="10.50134">
        <ele>28.6</ele>
      </trkpt>
      <trkpt lat="42.93562" lon="10.501706">
        <ele>28.4</ele>
      </trkpt>
      <trkpt lat="42.93562" lon="10.501812">
        <ele>28.3</ele>
      </trkpt>
      <trkpt lat="42.935557" lon="10.502199">
        <ele>27.7</ele>
      </trkpt>
      <trkpt lat="42.935471" lon="10.502586">
        <ele>27.2</ele>
      </trkpt>
      <trkpt lat="42.935406" lon="10.5028">
        <ele>27.1</ele>
      </trkpt>
      <trkpt lat="42.935385" lon="10.502907">
        <ele>27.0</ele>
      </trkpt>
      <trkpt lat="42.934912" lon="10.504324">
        <ele>25.8</ele>
      </trkpt>
      <trkpt lat="42.934826" lon="10.504581">
        <ele>25.0</ele>
      </trkpt>
      <trkpt lat="42.934763" lon="10.504796">
        <ele>24.2</ele>
      </trkpt>
      <trkpt lat="42.934612" lon="10.505095">
        <ele>23.2</ele>
      </trkpt>
      <trkpt lat="42.934205" lon="10.505676">
        <ele>21.2</ele>
      </trkpt>
      <trkpt lat="42.933882" lon="10.506148">
        <ele>17.8</ele>
      </trkpt>
      <trkpt lat="42.933689" lon="10.506447">
        <ele>15.3</ele>
      </trkpt>
      <trkpt lat="42.93356" lon="10.506641">
        <ele>13.4</ele>
      </trkpt>
      <trkpt lat="42.933454" lon="10.506813">
        <ele>11.4</ele>
      </trkpt>
      <trkpt lat="42.933131" lon="10.5075">
        <ele>6.2</ele>
      </trkpt>
      <trkpt lat="42.933111" lon="10.507564">
        <ele>6.0</ele>
      </trkpt>
      <trkpt lat="42.933111" lon="10.50767">
        <ele>6.0</ele>
      </trkpt>
      <trkpt lat="42.933111" lon="10.507756">
        <ele>6.0</ele>
      </trkpt>
      <trkpt lat="42.933111" lon="10.507928">
        <ele>6.0</ele>
      </trkpt>
      <trkpt lat="42.933131" lon="10.508208">
        <ele>6.8</ele>
      </trkpt>
      <trkpt lat="42.933131" lon="10.508337">
        <ele>7.1</ele>
      </trkpt>
      <trkpt lat="42.933197" lon="10.509517">
        <ele>10.5</ele>
      </trkpt>
      <trkpt lat="42.933197" lon="10.509817">
        <ele>11.2</ele>
      </trkpt>
      <trkpt lat="42.933154" lon="10.51016">
        <ele>11.5</ele>
      </trkpt>
      <trkpt lat="42.933088" lon="10.510482">
        <ele>11.7</ele>
      </trkpt>
      <trkpt lat="42.932959" lon="10.510869">
        <ele>11.5</ele>
      </trkpt>
      <trkpt lat="42.932939" lon="10.510975">
        <ele>11.6</ele>
      </trkpt>
      <trkpt lat="42.932939" lon="10.511404">
        <ele>13.8</ele>
      </trkpt>
      <trkpt lat="42.932959" lon="10.511469">
        <ele>14.5</ele>
      </trkpt>
      <trkpt lat="42.932659" lon="10.512284">
        <ele>15.7</ele>
      </trkpt>
      <trkpt lat="42.932467" lon="10.512842">
        <ele>18.1</ele>
      </trkpt>
      <trkpt lat="42.932337" lon="10.513014">
        <ele>18.2</ele>
      </trkpt>
      <trkpt lat="42.932166" lon="10.513186">
        <ele>18.2</ele>
      </trkpt>
      <trkpt lat="42.932102" lon="10.513229">
        <ele>18.1</ele>
      </trkpt>
      <trkpt lat="42.932037" lon="10.513249">
        <ele>17.9</ele>
      </trkpt>
      <trkpt lat="42.93163" lon="10.513292">
        <ele>15.5</ele>
      </trkpt>
      <trkpt lat="42.931501" lon="10.513335">
        <ele>15.0</ele>
      </trkpt>
      <trkpt lat="42.93133" lon="10.513464">
        <ele>15.2</ele>
      </trkpt>
      <trkpt lat="42.93118" lon="10.513658">
        <ele>16.8</ele>
      </trkpt>
      <trkpt lat="42.930407" lon="10.514624">
        <ele>18.0</ele>
      </trkpt>
      <trkpt lat="42.930107" lon="10.515224">
        <ele>18.5</ele>
      </trkpt>
      <trkpt lat="42.930064" lon="10.515182">
        <ele>17.1</ele>
      </trkpt>
      <trkpt lat="42.930107" lon="10.515224">
        <ele>18.5</ele>
      </trkpt>
      <trkpt lat="42.929935" lon="10.515568">
        <ele>17.5</ele>
      </trkpt>
      <trkpt lat="42.929849" lon="10.515738">
        <ele>17.1</ele>
      </trkpt>
      <trkpt lat="42.929656" lon="10.516039">
        <ele>17.5</ele>
      </trkpt>
      <trkpt lat="42.929227" lon="10.516511">
        <ele>18.5</ele>
      </trkpt>
      <trkpt lat="42.929141" lon="10.516619">
        <ele>18.9</ele>
      </trkpt>
      <trkpt lat="42.929076" lon="10.516725">
        <ele>19.6</ele>
      </trkpt>
      <trkpt lat="42.929033" lon="10.516854">
        <ele>20.2</ele>
      </trkpt>
      <trkpt lat="42.92899" lon="10.517026">
        <ele>21.1</ele>
      </trkpt>
      <trkpt lat="42.928969" lon="10.517219">
        <ele>22.5</ele>
      </trkpt>
      <trkpt lat="42.928969" lon="10.517456">
        <ele>24.6</ele>
      </trkpt>
      <trkpt lat="42.928947" lon="10.517562">
        <ele>25.2</ele>
      </trkpt>
      <trkpt lat="42.928904" lon="10.517585">
        <ele>25.0</ele>
      </trkpt>
      <trkpt lat="42.927981" lon="10.517971">
        <ele>22.8</ele>
      </trkpt>
      <trkpt lat="42.927895" lon="10.518014">
        <ele>23.1</ele>
      </trkpt>
      <trkpt lat="42.92781" lon="10.518057">
        <ele>23.5</ele>
      </trkpt>
      <trkpt lat="42.927767" lon="10.5181">
        <ele>24.0</ele>
      </trkpt>
      <trkpt lat="42.927509" lon="10.518292">
        <ele>25.4</ele>
      </trkpt>
      <trkpt lat="42.927145" lon="10.518593">
        <ele>26.4</ele>
      </trkpt>
      <trkpt lat="42.927102" lon="10.518657">
        <ele>26.6</ele>
      </trkpt>
      <trkpt lat="42.926587" lon="10.519086">
        <ele>26.9</ele>
      </trkpt>
      <trkpt lat="42.926523" lon="10.519151">
        <ele>26.8</ele>
      </trkpt>
      <trkpt lat="42.925986" lon="10.519623">
        <ele>27.6</ele>
      </trkpt>
      <trkpt lat="42.925771" lon="10.519816">
        <ele>28.3</ele>
      </trkpt>
      <trkpt lat="42.925728" lon="10.51988">
        <ele>28.8</ele>
      </trkpt>
      <trkpt lat="42.925707" lon="10.519945">
        <ele>29.6</ele>
      </trkpt>
      <trkpt lat="42.925728" lon="10.520008">
        <ele>30.2</ele>
      </trkpt>
      <trkpt lat="42.926114" lon="10.520781">
        <ele>32.9</ele>
      </trkpt>
      <trkpt lat="42.926029" lon="10.520867">
        <ele>32.9</ele>
      </trkpt>
      <trkpt lat="42.925707" lon="10.521146">
        <ele>31.9</ele>
      </trkpt>
      <trkpt lat="42.925685" lon="10.521189">
        <ele>31.7</ele>
      </trkpt>
      <trkpt lat="42.925664" lon="10.521254">
        <ele>31.4</ele>
      </trkpt>
      <trkpt lat="42.925578" lon="10.521941">
        <ele>29.9</ele>
      </trkpt>
      <trkpt lat="42.925558" lon="10.522069">
        <ele>29.8</ele>
      </trkpt>
      <trkpt lat="42.925449" lon="10.522863">
        <ele>28.4</ele>
      </trkpt>
      <trkpt lat="42.925429" lon="10.522906">
        <ele>28.4</ele>
      </trkpt>
      <trkpt lat="42.925368" lon="10.522944">
        <ele>28.2</ele>
      </trkpt>
      <trkpt lat="42.925016" lon="10.522869">
        <ele>27.8</ele>
      </trkpt>
      <trkpt lat="42.924763" lon="10.52282">
        <ele>27.0</ele>
      </trkpt>
      <trkpt lat="42.924699" lon="10.522798">
        <ele>27.1</ele>
      </trkpt>
      <trkpt lat="42.924571" lon="10.522755">
        <ele>27.4</ele>
      </trkpt>
      <trkpt lat="42.923648" lon="10.52254">
        <ele>27.2</ele>
      </trkpt>
      <trkpt lat="42.923582" lon="10.522563">
        <ele>27.0</ele>
      </trkpt>
      <trkpt lat="42.923519" lon="10.522563">
        <ele>27.0</ele>
      </trkpt>
      <trkpt lat="42.923305" lon="10.52252">
        <ele>25.4</ele>
      </trkpt>
      <trkpt lat="42.923153" lon="10.522477">
        <ele>22.7</ele>
      </trkpt>
      <trkpt lat="42.923004" lon="10.522434">
        <ele>20.0</ele>
      </trkpt>
      <trkpt lat="42.923069" lon="10.522439">
        <ele>21.2</ele>
      </trkpt>
      <trkpt lat="42.923019" lon="10.522449">
        <ele>20.2</ele>
      </trkpt>
      <trkpt lat="42.922983" lon="10.52252">
        <ele>19.2</ele>
      </trkpt>
      <trkpt lat="42.922848" lon="10.523227">
        <ele>14.7</ele>
      </trkpt>
      <trkpt lat="42.922768" lon="10.523598">
        <ele>14.1</ele>
      </trkpt>
      <trkpt lat="42.922708" lon="10.523887">
        <ele>13.7</ele>
      </trkpt>
      <trkpt lat="42.922648" lon="10.524139">
        <ele>13.2</ele>
      </trkpt>
      <trkpt lat="42.922639" lon="10.524177">
        <ele>13.1</ele>
      </trkpt>
      <trkpt lat="42.922617" lon="10.524328">
        <ele>13.0</ele>
      </trkpt>
      <trkpt lat="42.922617" lon="10.524441">
        <ele>13.1</ele>
      </trkpt>
      <trkpt lat="42.92266" lon="10.524751">
        <ele>14.2</ele>
      </trkpt>
      <trkpt lat="42.92259" lon="10.524778">
        <ele>13.2</ele>
      </trkpt>
      <trkpt lat="42.922558" lon="10.524789">
        <ele>12.8</ele>
      </trkpt>
      <trkpt lat="42.9225" lon="10.524842">
        <ele>12.0</ele>
      </trkpt>
      <trkpt lat="42.922398" lon="10.52495">
        <ele>10.8</ele>
      </trkpt>
      <trkpt lat="42.92235" lon="10.525063">
        <ele>10.3</ele>
      </trkpt>
      <trkpt lat="42.92229" lon="10.525218">
        <ele>10.3</ele>
      </trkpt>
      <trkpt lat="42.922247" lon="10.52533">
        <ele>10.4</ele>
      </trkpt>
      <trkpt lat="42.922198" lon="10.525368">
        <ele>10.1</ele>
      </trkpt>
      <trkpt lat="42.921989" lon="10.525368">
        <ele>7.5</ele>
      </trkpt>
      <trkpt lat="42.921957" lon="10.525459">
        <ele>8.0</ele>
      </trkpt>
      <trkpt lat="42.921749" lon="10.5257">
        <ele>7.9</ele>
      </trkpt>
      <trkpt lat="42.921621" lon="10.525774">
        <ele>7.3</ele>
      </trkpt>
      <trkpt lat="42.921588" lon="10.525759">
        <ele>6.9</ele>
      </trkpt>
      <trkpt lat="42.921571" lon="10.525641">
        <ele>6.0</ele>
      </trkpt>
      <trkpt lat="42.92155" lon="10.52561">
        <ele>5.6</ele>
      </trkpt>
      <trkpt lat="42.92127" lon="10.525551">
        <ele>3.9</ele>
      </trkpt>
      <trkpt lat="42.921247" lon="10.525529">
        <ele>2.1</ele>
      </trkpt>
      <trkpt lat="42.921217" lon="10.525495">
        <ele>1.8</ele>
      </trkpt>
      <trkpt lat="42.921129" lon="10.525483">
        <ele>1.6</ele>
      </trkpt>
      <trkpt lat="42.921036" lon="10.525478">
        <ele>1.5</ele>
      </trkpt>
      <trkpt lat="42.920977" lon="10.525478">
        <ele>1.4</ele>
      </trkpt>
      <trkpt lat="42.920937" lon="10.525703">
        <ele>2.4</ele>
      </trkpt>
      <trkpt lat="42.920515" lon="10.525685">
        <ele>1.0</ele>
      </trkpt>
      <trkpt lat="42.920007" lon="10.525571">
        <ele>11.8</ele>
      </trkpt>
      <trkpt lat="42.920202" lon="10.525733">
        <ele>11.6</ele>
      </trkpt>
      <trkpt lat="42.920265" lon="10.525782">
        <ele>11.1</ele>
      </trkpt>
      <trkpt lat="42.920261" lon="10.525781">
        <ele>11.0</ele>
      </trkpt>
      <trkpt lat="42.920758" lon="10.525871">
        <ele>11.6</ele>
      </trkpt>
      <trkpt lat="42.92167" lon="10.526532">
        <ele>12.0</ele>
      </trkpt>
      <trkpt lat="42.921868" lon="10.526602">
        <ele>13.6</ele>
      </trkpt>
      <trkpt lat="42.921901" lon="10.526625">
        <ele>14.1</ele>
      </trkpt>
      <trkpt lat="42.921948" lon="10.526653">
        <ele>15.0</ele>
      </trkpt>
      <trkpt lat="42.921971" lon="10.526667">
        <ele>15.1</ele>
      </trkpt>
      <trkpt lat="42.921997" lon="10.526693">
        <ele>15.8</ele>
      </trkpt>
      <trkpt lat="42.922006" lon="10.526706">
        <ele>16.2</ele>
      </trkpt>
      <trkpt lat="42.922146" lon="10.526845">
        <ele>16.7</ele>
      </trkpt>
      <trkpt lat="42.922192" lon="10.526844">
        <ele>17.3</ele>
      </trkpt>
      <trkpt lat="42.922951" lon="10.527108">
        <ele>18.2</ele>
      </trkpt>
      <trkpt lat="42.923236" lon="10.527286">
        <ele>19.6</ele>
      </trkpt>
      <trkpt lat="42.923545" lon="10.527613">
        <ele>19.6</ele>
      </trkpt>
      <trkpt lat="42.923771" lon="10.527713">
        <ele>21.7</ele>
      </trkpt>
      <trkpt lat="42.92396" lon="10.527638">
        <ele>24.7</ele>
      </trkpt>
      <trkpt lat="42.924054" lon="10.527554">
        <ele>25.3</ele>
      </trkpt>
      <trkpt lat="42.924419" lon="10.527336">
        <ele>25.7</ele>
      </trkpt>
      <trkpt lat="42.924853" lon="10.526993">
        <ele>25.7</ele>
      </trkpt>
      <trkpt lat="42.925249" lon="10.526263">
        <ele>25.7</ele>
      </trkpt>
      <trkpt lat="42.925318" lon="10.525467">
        <ele>25.7</ele>
      </trkpt>
      <trkpt lat="42.925381" lon="10.524545">
        <ele>26.2</ele>
      </trkpt>
      <trkpt lat="42.925437" lon="10.523766">
        <ele>26.3</ele>
      </trkpt>
      <trkpt lat="42.925469" lon="10.523372">
        <ele>28.6</ele>
      </trkpt>
      <trkpt lat="42.925475" lon="10.523078">
        <ele>28.3</ele>
      </trkpt>
      <trkpt lat="42.925971" lon="10.523041">
        <ele>26.3</ele>
      </trkpt>
      <trkpt lat="42.92619" lon="10.522989">
        <ele>26.3</ele>
      </trkpt>
      <trkpt lat="42.926248" lon="10.522982">
        <ele>26.3</ele>
      </trkpt>
      <trkpt lat="42.926284" lon="10.52297">
        <ele>26.6</ele>
      </trkpt>
      <trkpt lat="42.92633" lon="10.522951">
        <ele>26.6</ele>
      </trkpt>
      <trkpt lat="42.926378" lon="10.522933">
        <ele>26.6</ele>
      </trkpt>
      <trkpt lat="42.92639" lon="10.522927">
        <ele>26.3</ele>
      </trkpt>
      <trkpt lat="42.927968" lon="10.522641">
        <ele>29.7</ele>
      </trkpt>
      <trkpt lat="42.928141" lon="10.522659">
        <ele>29.7</ele>
      </trkpt>
      <trkpt lat="42.928224" lon="10.523515">
        <ele>30.6</ele>
      </trkpt>
      <trkpt lat="42.928261" lon="10.523977">
        <ele>29.7</ele>
      </trkpt>
      <trkpt lat="42.928727" lon="10.523921">
        <ele>30.7</ele>
      </trkpt>
      <trkpt lat="42.931429" lon="10.523397">
        <ele>40.0</ele>
      </trkpt>
      <trkpt lat="42.931843" lon="10.522922">
        <ele>42.7</ele>
      </trkpt>
      <trkpt lat="42.932018" lon="10.522792">
        <ele>43.4</ele>
      </trkpt>
      <trkpt lat="42.932281" lon="10.52278">
        <ele>45.0</ele>
      </trkpt>
      <trkpt lat="42.932465" lon="10.522822">
        <ele>45.2</ele>
      </trkpt>
      <trkpt lat="42.93249" lon="10.52293">
        <ele>45.0</ele>
      </trkpt>
      <trkpt lat="42.932514" lon="10.522976">
        <ele>44.9</ele>
      </trkpt>
      <trkpt lat="42.932581" lon="10.52298">
        <ele>45.0</ele>
      </trkpt>
      <trkpt lat="42.932632" lon="10.522951">
        <ele>45.2</ele>
      </trkpt>
      <trkpt lat="42.932754" lon="10.522973">
        <ele>45.3</ele>
      </trkpt>
      <trkpt lat="42.93288" lon="10.523009">
        <ele>45.4</ele>
      </trkpt>
      <trkpt lat="42.932988" lon="10.523048">
        <ele>45.6</ele>
      </trkpt>
      <trkpt lat="42.933015" lon="10.523041">
        <ele>45.6</ele>
      </trkpt>
      <trkpt lat="42.933128" lon="10.523041">
        <ele>46.1</ele>
      </trkpt>
      <trkpt lat="42.93326" lon="10.522994">
        <ele>46.7</ele>
      </trkpt>
      <trkpt lat="42.933371" lon="10.522973">
        <ele>47.1</ele>
      </trkpt>
      <trkpt lat="42.933476" lon="10.522937">
        <ele>47.5</ele>
      </trkpt>
      <trkpt lat="42.93371" lon="10.522852">
        <ele>48.5</ele>
      </trkpt>
      <trkpt lat="42.933777" lon="10.522852">
        <ele>48.7</ele>
      </trkpt>
      <trkpt lat="42.933826" lon="10.522906">
        <ele>48.9</ele>
      </trkpt>
      <trkpt lat="42.933889" lon="10.522906">
        <ele>49.0</ele>
      </trkpt>
      <trkpt lat="42.933907" lon="10.522882">
        <ele>49.0</ele>
      </trkpt>
      <trkpt lat="42.933948" lon="10.522828">
        <ele>49.0</ele>
      </trkpt>
      <trkpt lat="42.934096" lon="10.522822">
        <ele>49.0</ele>
      </trkpt>
      <trkpt lat="42.934226" lon="10.522744">
        <ele>48.9</ele>
      </trkpt>
      <trkpt lat="42.934374" lon="10.522708">
        <ele>48.9</ele>
      </trkpt>
      <trkpt lat="42.934576" lon="10.522654">
        <ele>48.9</ele>
      </trkpt>
      <trkpt lat="42.934725" lon="10.522642">
        <ele>49.1</ele>
      </trkpt>
      <trkpt lat="42.934985" lon="10.522636">
        <ele>49.8</ele>
      </trkpt>
      <trkpt lat="42.935048" lon="10.522624">
        <ele>49.9</ele>
      </trkpt>
      <trkpt lat="42.935193" lon="10.522634">
        <ele>55.0</ele>
      </trkpt>
      <trkpt lat="42.935346" lon="10.522639">
        <ele>55.4</ele>
      </trkpt>
      <trkpt lat="42.935724" lon="10.522713">
        <ele>52.3</ele>
      </trkpt>
      <trkpt lat="42.9359" lon="10.522788">
        <ele>53.4</ele>
      </trkpt>
      <trkpt lat="42.936346" lon="10.522872">
        <ele>56.1</ele>
      </trkpt>
      <trkpt lat="42.936686" lon="10.52283">
        <ele>57.7</ele>
      </trkpt>
      <trkpt lat="42.937032" lon="10.522847">
        <ele>59.3</ele>
      </trkpt>
      <trkpt lat="42.937334" lon="10.522897">
        <ele>60.2</ele>
      </trkpt>
      <trkpt lat="42.937591" lon="10.522981">
        <ele>60.6</ele>
      </trkpt>
      <trkpt lat="42.937635" lon="10.522981">
        <ele>60.7</ele>
      </trkpt>
      <trkpt lat="42.937711" lon="10.52304">
        <ele>60.8</ele>
      </trkpt>
      <trkpt lat="42.937799" lon="10.52304">
        <ele>61.0</ele>
      </trkpt>
      <trkpt lat="42.937805" lon="10.523032">
        <ele>61.0</ele>
      </trkpt>
      <trkpt lat="42.937868" lon="10.522964">
        <ele>61.0</ele>
      </trkpt>
      <trkpt lat="42.937931" lon="10.522923">
        <ele>61.0</ele>
      </trkpt>
      <trkpt lat="42.938032" lon="10.522906">
        <ele>61.2</ele>
      </trkpt>
      <trkpt lat="42.938538" lon="10.523183">
        <ele>65.1</ele>
      </trkpt>
      <trkpt lat="42.939701" lon="10.523636">
        <ele>69.5</ele>
      </trkpt>
      <trkpt lat="42.939905" lon="10.523701">
        <ele>70.1</ele>
      </trkpt>
      <trkpt lat="42.939844" lon="10.52496">
        <ele>72.4</ele>
      </trkpt>
      <trkpt lat="42.940183" lon="10.525203">
        <ele>74.1</ele>
      </trkpt>
      <trkpt lat="42.940149" lon="10.525271">
        <ele>74.5</ele>
      </trkpt>
      <trkpt lat="42.940105" lon="10.525398">
        <ele>75.0</ele>
      </trkpt>
      <trkpt lat="42.940151" lon="10.525511">
        <ele>75.5</ele>
      </trkpt>
      <trkpt lat="42.940666" lon="10.525617">
        <ele>78.0</ele>
      </trkpt>
      <trkpt lat="42.940703" lon="10.525712">
        <ele>78.4</ele>
      </trkpt>
      <trkpt lat="42.940659" lon="10.526473">
        <ele>82.5</ele>
      </trkpt>
      <trkpt lat="42.940533" lon="10.526466">
        <ele>83.4</ele>
      </trkpt>
      <trkpt lat="42.940188" lon="10.526485">
        <ele>84.4</ele>
      </trkpt>
      <trkpt lat="42.940069" lon="10.527021">
        <ele>86.5</ele>
      </trkpt>
      <trkpt lat="42.94019" lon="10.527021">
        <ele>87.0</ele>
      </trkpt>
      <trkpt lat="42.940372" lon="10.527251">
        <ele>90.0</ele>
      </trkpt>
      <trkpt lat="42.940478" lon="10.527643">
        <ele>92.4</ele>
      </trkpt>
      <trkpt lat="42.940541" lon="10.527826">
        <ele>93.4</ele>
      </trkpt>
      <trkpt lat="42.940578" lon="10.52791">
        <ele>93.5</ele>
      </trkpt>
      <trkpt lat="42.941099" lon="10.530396">
        <ele>92.1</ele>
      </trkpt>
      <trkpt lat="42.941222" lon="10.53106">
        <ele>86.1</ele>
      </trkpt>
      <trkpt lat="42.941319" lon="10.531491">
        <ele>81.5</ele>
      </trkpt>
      <trkpt lat="42.941469" lon="10.531882">
        <ele>76.8</ele>
      </trkpt>
      <trkpt lat="42.941782" lon="10.531995">
        <ele>73.5</ele>
      </trkpt>
      <trkpt lat="42.942503" lon="10.532101">
        <ele>72.4</ele>
      </trkpt>
      <trkpt lat="42.942415" lon="10.532394">
        <ele>69.4</ele>
      </trkpt>
      <trkpt lat="42.941849" lon="10.534122">
        <ele>52.4</ele>
      </trkpt>
      <trkpt lat="42.941803" lon="10.534697">
        <ele>46.7</ele>
      </trkpt>
      <trkpt lat="42.941871" lon="10.534826">
        <ele>43.5</ele>
      </trkpt>
      <trkpt lat="42.94284" lon="10.535131">
        <ele>37.5</ele>
      </trkpt>
      <trkpt lat="42.943144" lon="10.534444">
        <ele>40.7</ele>
      </trkpt>
      <trkpt lat="42.943339" lon="10.534443">
        <ele>42.7</ele>
      </trkpt>
      <trkpt lat="42.943407" lon="10.53446">
        <ele>43.0</ele>
      </trkpt>
      <trkpt lat="42.943482" lon="10.534479">
        <ele>43.0</ele>
      </trkpt>
      <trkpt lat="42.943564" lon="10.534499">
        <ele>43.0</ele>
      </trkpt>
      <trkpt lat="42.94621" lon="10.535294">
        <ele>54.5</ele>
      </trkpt>
      <trkpt lat="42.946388" lon="10.535587">
        <ele>54.4</ele>
      </trkpt>
      <trkpt lat="42.946533" lon="10.535932">
        <ele>53.5</ele>
      </trkpt>
      <trkpt lat="42.947154" lon="10.535929">
        <ele>59.5</ele>
      </trkpt>
      <trkpt lat="42.94762" lon="10.536242">
        <ele>64.5</ele>
      </trkpt>
      <trkpt lat="42.947734" lon="10.53633">
        <ele>65.8</ele>
      </trkpt>
      <trkpt lat="42.947872" lon="10.536399">
        <ele>68.1</ele>
      </trkpt>
      <trkpt lat="42.948023" lon="10.536402">
        <ele>70.5</ele>
      </trkpt>
      <trkpt lat="42.948118" lon="10.536436">
        <ele>71.0</ele>
      </trkpt>
      <trkpt lat="42.948601" lon="10.536599">
        <ele>71.0</ele>
      </trkpt>
      <trkpt lat="42.949131" lon="10.536427">
        <ele>70.5</ele>
      </trkpt>
      <trkpt lat="42.949448" lon="10.536272">
        <ele>66.0</ele>
      </trkpt>
      <trkpt lat="42.94954" lon="10.536215">
        <ele>64.8</ele>
      </trkpt>
      <trkpt lat="42.949638" lon="10.536141">
        <ele>63.4</ele>
      </trkpt>
      <trkpt lat="42.949745" lon="10.536057">
        <ele>62.2</ele>
      </trkpt>
      <trkpt lat="42.950523" lon="10.535419">
        <ele>60.4</ele>
      </trkpt>
      <trkpt lat="42.951478" lon="10.535224">
        <ele>63.7</ele>
      </trkpt>
      <trkpt lat="42.95161" lon="10.535122">
        <ele>63.7</ele>
      </trkpt>
      <trkpt lat="42.951983" lon="10.534327">
        <ele>61.7</ele>
      </trkpt>
      <trkpt lat="42.952437" lon="10.534066">
        <ele>63.5</ele>
      </trkpt>
      <trkpt lat="42.952489" lon="10.533588">
        <ele>64.4</ele>
      </trkpt>
      <trkpt lat="42.952486" lon="10.533506">
        <ele>64.1</ele>
      </trkpt>
      <trkpt lat="42.952475" lon="10.533333">
        <ele>63.5</ele>
      </trkpt>
      <trkpt lat="42.95245" lon="10.532969">
        <ele>61.7</ele>
      </trkpt>
      <trkpt lat="42.952438" lon="10.532766">
        <ele>61.2</ele>
      </trkpt>
      <trkpt lat="42.952656" lon="10.530648">
        <ele>54.7</ele>
      </trkpt>
      <trkpt lat="42.952939" lon="10.530023">
        <ele>51.7</ele>
      </trkpt>
      <trkpt lat="42.954263" lon="10.527609">
        <ele>48.0</ele>
      </trkpt>
      <trkpt lat="42.954836" lon="10.527896">
        <ele>47.2</ele>
      </trkpt>
      <trkpt lat="42.955453" lon="10.528256">
        <ele>43.0</ele>
      </trkpt>
      <trkpt lat="42.955476" lon="10.528269">
        <ele>42.4</ele>
      </trkpt>
      <trkpt lat="42.955505" lon="10.528282">
        <ele>42.0</ele>
      </trkpt>
      <trkpt lat="42.956794" lon="10.528937">
        <ele>33.5</ele>
      </trkpt>
      <trkpt lat="42.956916" lon="10.528966">
        <ele>32.2</ele>
      </trkpt>
      <trkpt lat="42.956975" lon="10.527689">
        <ele>32.0</ele>
      </trkpt>
      <trkpt lat="42.956765" lon="10.526391">
        <ele>38.0</ele>
      </trkpt>
      <trkpt lat="42.956828" lon="10.526332">
        <ele>38.0</ele>
      </trkpt>
      <trkpt lat="42.956911" lon="10.526291">
        <ele>38.0</ele>
      </trkpt>
      <trkpt lat="42.957013" lon="10.526253">
        <ele>38.0</ele>
      </trkpt>
      <trkpt lat="42.957649" lon="10.525733">
        <ele>34.4</ele>
      </trkpt>
      <trkpt lat="42.958634" lon="10.525597">
        <ele>34.4</ele>
      </trkpt>
      <trkpt lat="42.959045" lon="10.525748">
        <ele>36.2</ele>
      </trkpt>
      <trkpt lat="42.959101" lon="10.525784">
        <ele>36.5</ele>
      </trkpt>
      <trkpt lat="42.959317" lon="10.52585">
        <ele>38.2</ele>
      </trkpt>
      <trkpt lat="42.959315" lon="10.525312">
        <ele>39.0</ele>
      </trkpt>
      <trkpt lat="42.959741" lon="10.525089">
        <ele>41.5</ele>
      </trkpt>
      <trkpt lat="42.959749" lon="10.525036">
        <ele>41.5</ele>
      </trkpt>
      <trkpt lat="42.959366" lon="10.521489">
        <ele>47.5</ele>
      </trkpt>
      <trkpt lat="42.960065" lon="10.520202">
        <ele>51.7</ele>
      </trkpt>
      <trkpt lat="42.960087" lon="10.520134">
        <ele>52.4</ele>
      </trkpt>
      <trkpt lat="42.960136" lon="10.519786">
        <ele>54.2</ele>
      </trkpt>
      <trkpt lat="42.960282" lon="10.519496">
        <ele>55.5</ele>
      </trkpt>
      <trkpt lat="42.961498" lon="10.518813">
        <ele>61.7</ele>
      </trkpt>
      <trkpt lat="42.962374" lon="10.518375">
        <ele>59.5</ele>
      </trkpt>
      <trkpt lat="42.962394" lon="10.519308">
        <ele>57.5</ele>
      </trkpt>
      <trkpt lat="42.962379" lon="10.519476">
        <ele>56.5</ele>
      </trkpt>
      <trkpt lat="42.962392" lon="10.519664">
        <ele>55.0</ele>
      </trkpt>
      <trkpt lat="42.962424" lon="10.519859">
        <ele>53.2</ele>
      </trkpt>
      <trkpt lat="42.962455" lon="10.520066">
        <ele>51.5</ele>
      </trkpt>
      <trkpt lat="42.962489" lon="10.520432">
        <ele>47.4</ele>
      </trkpt>
      <trkpt lat="42.962678" lon="10.520677">
        <ele>44.5</ele>
      </trkpt>
      <trkpt lat="42.962662" lon="10.522167">
        <ele>40.0</ele>
      </trkpt>
      <trkpt lat="42.963069" lon="10.522354">
        <ele>42.4</ele>
      </trkpt>
      <trkpt lat="42.963894" lon="10.521974">
        <ele>47.4</ele>
      </trkpt>
      <trkpt lat="42.964171" lon="10.521877">
        <ele>48.0</ele>
      </trkpt>
      <trkpt lat="42.965989" lon="10.521016">
        <ele>53.2</ele>
      </trkpt>
      <trkpt lat="42.966393" lon="10.520865">
        <ele>54.2</ele>
      </trkpt>
      <trkpt lat="42.966782" lon="10.520563">
        <ele>54.0</ele>
      </trkpt>
      <trkpt lat="42.967047" lon="10.520121">
        <ele>53.2</ele>
      </trkpt>
      <trkpt lat="42.967208" lon="10.519782">
        <ele>51.0</ele>
      </trkpt>
      <trkpt lat="42.967222" lon="10.519727">
        <ele>50.5</ele>
      </trkpt>
      <trkpt lat="42.967251" lon="10.519658">
        <ele>50.2</ele>
      </trkpt>
      <trkpt lat="42.967638" lon="10.518478">
        <ele>48.5</ele>
      </trkpt>
      <trkpt lat="42.967614" lon="10.517702">
        <ele>48.4</ele>
      </trkpt>
      <trkpt lat="42.96764" lon="10.517659">
        <ele>48.5</ele>
      </trkpt>
      <trkpt lat="42.967842" lon="10.517745">
        <ele>48.7</ele>
      </trkpt>
      <trkpt lat="42.968251" lon="10.519422">
        <ele>49.2</ele>
      </trkpt>
      <trkpt lat="42.968265" lon="10.519501">
        <ele>49.5</ele>
      </trkpt>
      <trkpt lat="42.968329" lon="10.519874">
        <ele>52.7</ele>
      </trkpt>
      <trkpt lat="42.968459" lon="10.520222">
        <ele>54.5</ele>
      </trkpt>
      <trkpt lat="42.968638" lon="10.520551">
        <ele>55.4</ele>
      </trkpt>
      <trkpt lat="42.968722" lon="10.52065">
        <ele>55.2</ele>
      </trkpt>
      <trkpt lat="42.968821" lon="10.520725">
        <ele>55.0</ele>
      </trkpt>
      <trkpt lat="42.968981" lon="10.520852">
        <ele>54.0</ele>
      </trkpt>
      <trkpt lat="42.969353" lon="10.520869">
        <ele>52.4</ele>
      </trkpt>
      <trkpt lat="42.970059" lon="10.520542">
        <ele>52.0</ele>
      </trkpt>
      <trkpt lat="42.973219" lon="10.519911">
        <ele>69.5</ele>
      </trkpt>
      <trkpt lat="42.97328" lon="10.5199">
        <ele>70.1</ele>
      </trkpt>
      <trkpt lat="42.974158" lon="10.519814">
        <ele>71.1</ele>
      </trkpt>
      <trkpt lat="42.975064" lon="10.519213">
        <ele>76.1</ele>
      </trkpt>
      <trkpt lat="42.975413" lon="10.518873">
        <ele>79.1</ele>
      </trkpt>
      <trkpt lat="42.97567" lon="10.51862">
        <ele>80.0</ele>
      </trkpt>
      <trkpt lat="42.975733" lon="10.518554">
        <ele>80.1</ele>
      </trkpt>
      <trkpt lat="42.976249" lon="10.518173">
        <ele>80.8</ele>
      </trkpt>
      <trkpt lat="42.976853" lon="10.517424">
        <ele>87.1</ele>
      </trkpt>
      <trkpt lat="42.976906" lon="10.517358">
        <ele>87.4</ele>
      </trkpt>
      <trkpt lat="42.977535" lon="10.516715">
        <ele>84.5</ele>
      </trkpt>
      <trkpt lat="42.978001" lon="10.516828">
        <ele>82.8</ele>
      </trkpt>
      <trkpt lat="42.978221" lon="10.516878">
        <ele>82.0</ele>
      </trkpt>
      <trkpt lat="42.978371" lon="10.516883">
        <ele>81.1</ele>
      </trkpt>
      <trkpt lat="42.978647" lon="10.516724">
        <ele>79.0</ele>
      </trkpt>
      <trkpt lat="42.978873" lon="10.51631">
        <ele>76.5</ele>
      </trkpt>
      <trkpt lat="42.979062" lon="10.516157">
        <ele>74.4</ele>
      </trkpt>
      <trkpt lat="42.980106" lon="10.516008">
        <ele>71.0</ele>
      </trkpt>
      <trkpt lat="42.980246" lon="10.515922">
        <ele>70.0</ele>
      </trkpt>
      <trkpt lat="42.980346" lon="10.51585">
        <ele>69.5</ele>
      </trkpt>
      <trkpt lat="42.98045" lon="10.515775">
        <ele>69.0</ele>
      </trkpt>
      <trkpt lat="42.981407" lon="10.515115">
        <ele>62.5</ele>
      </trkpt>
      <trkpt lat="42.981685" lon="10.515119">
        <ele>61.5</ele>
      </trkpt>
      <trkpt lat="42.982059" lon="10.5151">
        <ele>58.2</ele>
      </trkpt>
      <trkpt lat="42.982325" lon="10.515138">
        <ele>54.0</ele>
      </trkpt>
      <trkpt lat="42.982398" lon="10.515658">
        <ele>48.2</ele>
      </trkpt>
      <trkpt lat="42.982562" lon="10.515761">
        <ele>45.5</ele>
      </trkpt>
      <trkpt lat="42.983149" lon="10.515384">
        <ele>37.7</ele>
      </trkpt>
      <trkpt lat="42.983187" lon="10.515373">
        <ele>36.7</ele>
      </trkpt>
      <trkpt lat="42.983391" lon="10.514526">
        <ele>33.2</ele>
      </trkpt>
      <trkpt lat="42.983376" lon="10.51357">
        <ele>27.3</ele>
      </trkpt>
      <trkpt lat="42.984085" lon="10.512347">
        <ele>27.3</ele>
      </trkpt>
      <trkpt lat="42.984379" lon="10.511181">
        <ele>30.7</ele>
      </trkpt>
      <trkpt lat="42.984774" lon="10.510709">
        <ele>34.4</ele>
      </trkpt>
      <trkpt lat="42.984886" lon="10.510584">
        <ele>34.4</ele>
      </trkpt>
      <trkpt lat="42.984915" lon="10.510553">
        <ele>34.2</ele>
      </trkpt>
      <trkpt lat="42.98775" lon="10.509476">
        <ele>26.6</ele>
      </trkpt>
      <trkpt lat="42.987915" lon="10.509794">
        <ele>25.0</ele>
      </trkpt>
      <trkpt lat="42.988212" lon="10.509688">
        <ele>24.0</ele>
      </trkpt>
      <trkpt lat="42.988314" lon="10.509688">
        <ele>24.0</ele>
      </trkpt>
      <trkpt lat="42.98842" lon="10.509782">
        <ele>23.6</ele>
      </trkpt>
      <trkpt lat="42.988441" lon="10.509812">
        <ele>23.6</ele>
      </trkpt>
      <trkpt lat="42.988986" lon="10.511451">
        <ele>16.2</ele>
      </trkpt>
      <trkpt lat="42.990482" lon="10.510997">
        <ele>13.6</ele>
      </trkpt>
      <trkpt lat="42.990961" lon="10.510745">
        <ele>11.0</ele>
      </trkpt>
      <trkpt lat="42.991148" lon="10.510697">
        <ele>9.1</ele>
      </trkpt>
      <trkpt lat="42.991167" lon="10.510704">
        <ele>8.8</ele>
      </trkpt>
      <trkpt lat="42.991279" lon="10.510742">
        <ele>8.1</ele>
      </trkpt>
      <trkpt lat="42.99162" lon="10.511991">
        <ele>8.0</ele>
      </trkpt>
      <trkpt lat="42.99166" lon="10.512037">
        <ele>7.5</ele>
      </trkpt>
      <trkpt lat="42.992302" lon="10.512315">
        <ele>7.5</ele>
      </trkpt>
      <trkpt lat="42.992452" lon="10.512207">
        <ele>7.5</ele>
      </trkpt>
      <trkpt lat="42.992591" lon="10.51224">
        <ele>12.1</ele>
      </trkpt>
      <trkpt lat="42.992741" lon="10.512266">
        <ele>11.3</ele>
      </trkpt>
      <trkpt lat="42.992748" lon="10.51235">
        <ele>12.0</ele>
      </trkpt>
      <trkpt lat="42.992741" lon="10.512525">
        <ele>12.0</ele>
      </trkpt>
      <trkpt lat="42.992911" lon="10.512836">
        <ele>12.0</ele>
      </trkpt>
      <trkpt lat="42.993082" lon="10.512986">
        <ele>11.8</ele>
      </trkpt>
      <trkpt lat="42.993396" lon="10.513398">
        <ele>10.8</ele>
      </trkpt>
      <trkpt lat="42.993823" lon="10.513976">
        <ele>10.0</ele>
      </trkpt>
      <trkpt lat="42.994137" lon="10.514545">
        <ele>12.6</ele>
      </trkpt>
      <trkpt lat="42.994263" lon="10.514705">
        <ele>10.8</ele>
      </trkpt>
      <trkpt lat="42.994685" lon="10.515184">
        <ele>9.8</ele>
      </trkpt>
      <trkpt lat="42.995402" lon="10.515638">
        <ele>9.0</ele>
      </trkpt>
      <trkpt lat="42.995752" lon="10.516381">
        <ele>9.0</ele>
      </trkpt>
      <trkpt lat="42.990792" lon="10.520657">
        <ele>20.7</ele>
      </trkpt>
      <trkpt lat="42.988903" lon="10.522267">
        <ele>22.2</ele>
      </trkpt>
      <trkpt lat="42.987245" lon="10.523151">
        <ele>26.6</ele>
      </trkpt>
      <trkpt lat="42.985678" lon="10.524044">
        <ele>23.2</ele>
      </trkpt>
      <trkpt lat="42.985132" lon="10.524063">
        <ele>22.7</ele>
      </trkpt>
      <trkpt lat="42.985071" lon="10.524056">
        <ele>22.6</ele>
      </trkpt>
      <trkpt lat="42.984961" lon="10.524057">
        <ele>22.6</ele>
      </trkpt>
      <trkpt lat="42.984525" lon="10.524203">
        <ele>22.7</ele>
      </trkpt>
      <trkpt lat="42.984485" lon="10.524327">
        <ele>22.7</ele>
      </trkpt>
      <trkpt lat="42.984359" lon="10.525843">
        <ele>19.3</ele>
      </trkpt>
      <trkpt lat="42.983946" lon="10.532153">
        <ele>12.6</ele>
      </trkpt>
      <trkpt lat="42.983937" lon="10.532259">
        <ele>12.8</ele>
      </trkpt>
      <trkpt lat="42.983942" lon="10.532344">
        <ele>13.1</ele>
      </trkpt>
      <trkpt lat="42.983947" lon="10.532389">
        <ele>13.6</ele>
      </trkpt>
      <trkpt lat="42.984924" lon="10.532794">
        <ele>14.1</ele>
      </trkpt>
      <trkpt lat="42.984641" lon="10.536849">
        <ele>7.5</ele>
      </trkpt>
      <trkpt lat="42.984971" lon="10.539291">
        <ele>6.5</ele>
      </trkpt>
      <trkpt lat="42.985303" lon="10.540351">
        <ele>6.1</ele>
      </trkpt>
      <trkpt lat="42.985332" lon="10.540511">
        <ele>6.1</ele>
      </trkpt>
      <trkpt lat="42.985207" lon="10.545082">
        <ele>6.1</ele>
      </trkpt>
      <trkpt lat="42.985204" lon="10.545152">
        <ele>6.0</ele>
      </trkpt>
      <trkpt lat="42.984872" lon="10.553227">
        <ele>6.0</ele>
      </trkpt>
      <trkpt lat="42.989296" lon="10.556647">
        <ele>6.4</ele>
      </trkpt>
      <trkpt lat="42.989298" lon="10.556647">
        <ele>6.4</ele>
      </trkpt>
      <trkpt lat="42.990767" lon="10.557797">
        <ele>7.4</ele>
      </trkpt>
      <trkpt lat="42.991211" lon="10.558103">
        <ele>-0.3</ele>
      </trkpt>
      <trkpt lat="42.992054" lon="10.558741">
        <ele>0.0</ele>
      </trkpt>
      <trkpt lat="42.992955" lon="10.559383">
        <ele>0.0</ele>
      </trkpt>
      <trkpt lat="42.99199" lon="10.561958">
        <ele>1.6</ele>
      </trkpt>
      <trkpt lat="42.992011" lon="10.562109">
        <ele>1.6</ele>
      </trkpt>
      <trkpt lat="42.994938" lon="10.565258">
        <ele>2.5</ele>
      </trkpt>
      <trkpt lat="42.996261" lon="10.56668">
        <ele>0.7</ele>
      </trkpt>
      <trkpt lat="42.9948" lon="10.568717">
        <ele>2.0</ele>
      </trkpt>
      <trkpt lat="42.994715" lon="10.568889">
        <ele>2.0</ele>
      </trkpt>
      <trkpt lat="42.993428" lon="10.570713">
        <ele>3.3</ele>
      </trkpt>
      <trkpt lat="42.992923" lon="10.571439">
        <ele>2.5</ele>
      </trkpt>
      <trkpt lat="42.992097" lon="10.572624">
        <ele>3.0</ele>
      </trkpt>
      <trkpt lat="42.993964" lon="10.575026">
        <ele>3.0</ele>
      </trkpt>
      <trkpt lat="42.995896" lon="10.577515">
        <ele>2.7</ele>
      </trkpt>
      <trkpt lat="42.996152" lon="10.577945">
        <ele>2.6</ele>
      </trkpt>
      <trkpt lat="42.996238" lon="10.577988">
        <ele>2.6</ele>
      </trkpt>
      <trkpt lat="42.996281" lon="10.577988">
        <ele>2.6</ele>
      </trkpt>
      <trkpt lat="42.996346" lon="10.577924">
        <ele>2.5</ele>
      </trkpt>
      <trkpt lat="42.998061" lon="10.575412">
        <ele>2.0</ele>
      </trkpt>
      <trkpt lat="42.998428" lon="10.574877">
        <ele>2.3</ele>
      </trkpt>
      <trkpt lat="42.998577" lon="10.574768">
        <ele>2.3</ele>
      </trkpt>
      <trkpt lat="42.998706" lon="10.574705">
        <ele>2.3</ele>
      </trkpt>
      <trkpt lat="42.998836" lon="10.574662">
        <ele>2.3</ele>
      </trkpt>
      <trkpt lat="42.999136" lon="10.574662">
        <ele>2.3</ele>
      </trkpt>
      <trkpt lat="42.999393" lon="10.574791">
        <ele>2.4</ele>
      </trkpt>
      <trkpt lat="42.9995" lon="10.574897">
        <ele>2.6</ele>
      </trkpt>
      <trkpt lat="43.000917" lon="10.576679">
        <ele>2.5</ele>
      </trkpt>
      <trkpt lat="43.001003" lon="10.576828">
        <ele>2.6</ele>
      </trkpt>
      <trkpt lat="43.001066" lon="10.57698">
        <ele>2.7</ele>
      </trkpt>
      <trkpt lat="43.001152" lon="10.577194">
        <ele>2.8</ele>
      </trkpt>
      <trkpt lat="43.001238" lon="10.57758">
        <ele>2.9</ele>
      </trkpt>
      <trkpt lat="43.001238" lon="10.578352">
        <ele>2.2</ele>
      </trkpt>
      <trkpt lat="43.00126" lon="10.578566">
        <ele>2.0</ele>
      </trkpt>
      <trkpt lat="43.001324" lon="10.578804">
        <ele>2.0</ele>
      </trkpt>
      <trkpt lat="43.00141" lon="10.578996">
        <ele>2.0</ele>
      </trkpt>
      <trkpt lat="43.003598" lon="10.582559">
        <ele>2.0</ele>
      </trkpt>
      <trkpt lat="43.003921" lon="10.583008">
        <ele>1.9</ele>
      </trkpt>
      <trkpt lat="43.005273" lon="10.584768">
        <ele>3.2</ele>
      </trkpt>
      <trkpt lat="43.005766" lon="10.585626">
        <ele>3.7</ele>
      </trkpt>
      <trkpt lat="43.005895" lon="10.585434">
        <ele>3.4</ele>
      </trkpt>
      <trkpt lat="43.006838" lon="10.583802">
        <ele>2.3</ele>
      </trkpt>
      <trkpt lat="43.007204" lon="10.583117">
        <ele>1.9</ele>
      </trkpt>
      <trkpt lat="43.007353" lon="10.582816">
        <ele>1.9</ele>
      </trkpt>
      <trkpt lat="43.007762" lon="10.581636">
        <ele>1.8</ele>
      </trkpt>
      <trkpt lat="43.007825" lon="10.581485">
        <ele>1.6</ele>
      </trkpt>
      <trkpt lat="43.007911" lon="10.581207">
        <ele>1.1</ele>
      </trkpt>
      <trkpt lat="43.008775" lon="10.578787">
        <ele>4.9</ele>
      </trkpt>
      <trkpt lat="43.008985" lon="10.578203">
        <ele>4.1</ele>
      </trkpt>
      <trkpt lat="43.009542" lon="10.576722">
        <ele>1.1</ele>
      </trkpt>
      <trkpt lat="43.010271" lon="10.574619">
        <ele>2.0</ele>
      </trkpt>
      <trkpt lat="43.010959" lon="10.572644">
        <ele>1.5</ele>
      </trkpt>
      <trkpt lat="43.011366" lon="10.571529">
        <ele>1.6</ele>
      </trkpt>
      <trkpt lat="43.011946" lon="10.569898">
        <ele>1.6</ele>
      </trkpt>
      <trkpt lat="43.012247" lon="10.56904">
        <ele>2.4</ele>
      </trkpt>
      <trkpt lat="43.012417" lon="10.568654">
        <ele>2.0</ele>
      </trkpt>
      <trkpt lat="43.013169" lon="10.56713">
        <ele>2.4</ele>
      </trkpt>
      <trkpt lat="43.013361" lon="10.566743">
        <ele>2.3</ele>
      </trkpt>
      <trkpt lat="43.013683" lon="10.566079">
        <ele>1.8</ele>
      </trkpt>
      <trkpt lat="43.013898" lon="10.565713">
        <ele>1.7</ele>
      </trkpt>
      <trkpt lat="43.013941" lon="10.565649">
        <ele>1.6</ele>
      </trkpt>
      <trkpt lat="43.014069" lon="10.565586">
        <ele>1.7</ele>
      </trkpt>
      <trkpt lat="43.014178" lon="10.565606">
        <ele>1.9</ele>
      </trkpt>
      <trkpt lat="43.014241" lon="10.565586">
        <ele>1.9</ele>
      </trkpt>
      <trkpt lat="43.014307" lon="10.565543">
        <ele>1.9</ele>
      </trkpt>
      <trkpt lat="43.01437" lon="10.565457">
        <ele>1.9</ele>
      </trkpt>
      <trkpt lat="43.014413" lon="10.565649">
        <ele>2.2</ele>
      </trkpt>
      <trkpt lat="43.014456" lon="10.565779">
        <ele>2.4</ele>
      </trkpt>
      <trkpt lat="43.014499" lon="10.565885">
        <ele>2.6</ele>
      </trkpt>
      <trkpt lat="43.014713" lon="10.566185">
        <ele>3.1</ele>
      </trkpt>
      <trkpt lat="43.016559" lon="10.568417">
        <ele>4.9</ele>
      </trkpt>
      <trkpt lat="43.018424" lon="10.570705">
        <ele>5.5</ele>
      </trkpt>
      <trkpt lat="43.01846" lon="10.57065">
        <ele>5.6</ele>
      </trkpt>
      <trkpt lat="43.018424" lon="10.570705">
        <ele>5.5</ele>
      </trkpt>
      <trkpt lat="43.019027" lon="10.571444">
        <ele>5.8</ele>
      </trkpt>
      <trkpt lat="43.01907" lon="10.571486">
        <ele>5.8</ele>
      </trkpt>
      <trkpt lat="43.019113" lon="10.571507">
        <ele>5.7</ele>
      </trkpt>
      <trkpt lat="43.019199" lon="10.571529">
        <ele>5.7</ele>
      </trkpt>
      <trkpt lat="43.019199" lon="10.571572">
        <ele>5.6</ele>
      </trkpt>
      <trkpt lat="43.019219" lon="10.571636">
        <ele>5.6</ele>
      </trkpt>
      <trkpt lat="43.019262" lon="10.571658">
        <ele>5.5</ele>
      </trkpt>
      <trkpt lat="43.019328" lon="10.571679">
        <ele>5.5</ele>
      </trkpt>
      <trkpt lat="43.019391" lon="10.571658">
        <ele>5.4</ele>
      </trkpt>
      <trkpt lat="43.019434" lon="10.571572">
        <ele>5.5</ele>
      </trkpt>
      <trkpt lat="43.019434" lon="10.571486">
        <ele>5.6</ele>
      </trkpt>
      <trkpt lat="43.019413" lon="10.571444">
        <ele>5.6</ele>
      </trkpt>
      <trkpt lat="43.019348" lon="10.571421">
        <ele>5.7</ele>
      </trkpt>
      <trkpt lat="43.019391" lon="10.571249">
        <ele>5.8</ele>
      </trkpt>
      <trkpt lat="43.019569" lon="10.570826">
        <ele>6.0</ele>
      </trkpt>
      <trkpt lat="43.019604" lon="10.570854">
        <ele>6.0</ele>
      </trkpt>
      <trkpt lat="43.019569" lon="10.570826">
        <ele>6.0</ele>
      </trkpt>
      <trkpt lat="43.020957" lon="10.567494">
        <ele>5.2</ele>
      </trkpt>
      <trkpt lat="43.021" lon="10.567366">
        <ele>5.4</ele>
      </trkpt>
      <trkpt lat="43.021043" lon="10.567151">
        <ele>5.6</ele>
      </trkpt>
      <trkpt lat="43.021172" lon="10.566294">
        <ele>5.2</ele>
      </trkpt>
      <trkpt lat="43.021472" lon="10.564404">
        <ele>5.9</ele>
      </trkpt>
      <trkpt lat="43.022117" lon="10.560242">
        <ele>4.0</ele>
      </trkpt>
      <trkpt lat="43.022309" lon="10.558976">
        <ele>3.6</ele>
      </trkpt>
      <trkpt lat="43.026473" lon="10.5605">
        <ele>4.7</ele>
      </trkpt>
      <trkpt lat="43.026516" lon="10.560457">
        <ele>4.7</ele>
      </trkpt>
      <trkpt lat="43.026559" lon="10.560371">
        <ele>4.6</ele>
      </trkpt>
      <trkpt lat="43.026602" lon="10.560135">
        <ele>4.6</ele>
      </trkpt>
      <trkpt lat="43.026645" lon="10.559148">
        <ele>4.3</ele>
      </trkpt>
      <trkpt lat="43.026745" lon="10.557884">
        <ele>4.3</ele>
      </trkpt>
      <trkpt lat="43.026819" lon="10.557896">
        <ele>4.2</ele>
      </trkpt>
      <trkpt lat="43.026745" lon="10.557884">
        <ele>4.3</ele>
      </trkpt>
      <trkpt lat="43.026837" lon="10.556723">
        <ele>4.0</ele>
      </trkpt>
      <trkpt lat="43.026837" lon="10.556659">
        <ele>4.0</ele>
      </trkpt>
      <trkpt lat="43.02688" lon="10.556573">
        <ele>4.0</ele>
      </trkpt>
      <trkpt lat="43.026923" lon="10.556508">
        <ele>4.0</ele>
      </trkpt>
      <trkpt lat="43.027008" lon="10.55653">
        <ele>4.0</ele>
      </trkpt>
      <trkpt lat="43.027074" lon="10.556551">
        <ele>4.0</ele>
      </trkpt>
      <trkpt lat="43.030377" lon="10.55889">
        <ele>6.6</ele>
      </trkpt>
      <trkpt lat="43.031107" lon="10.559426">
        <ele>8.1</ele>
      </trkpt>
      <trkpt lat="43.032244" lon="10.560264">
        <ele>8.1</ele>
      </trkpt>
      <trkpt lat="43.03231" lon="10.560349">
        <ele>8.0</ele>
      </trkpt>
      <trkpt lat="43.032352" lon="10.560435">
        <ele>8.0</ele>
      </trkpt>
      <trkpt lat="43.032373" lon="10.561078">
        <ele>7.3</ele>
      </trkpt>
      <trkpt lat="43.032352" lon="10.561336">
        <ele>7.5</ele>
      </trkpt>
      <trkpt lat="43.03233" lon="10.561444">
        <ele>7.5</ele>
      </trkpt>
      <trkpt lat="43.032267" lon="10.561637">
        <ele>7.7</ele>
      </trkpt>
      <trkpt lat="43.030892" lon="10.563848">
        <ele>9.0</ele>
      </trkpt>
      <trkpt lat="43.030463" lon="10.564576">
        <ele>8.4</ele>
      </trkpt>
      <trkpt lat="43.029005" lon="10.56329">
        <ele>7.6</ele>
      </trkpt>
      <trkpt lat="43.028911" lon="10.563448">
        <ele>7.4</ele>
      </trkpt>
      <trkpt lat="43.028911" lon="10.563448">
        <ele>7.4</ele>
      </trkpt>
    </trkseg>
  </trk>
</gpx>
