<?xml version="1.0" encoding="UTF-8"?>
<gpx xmlns:gpxdata="http://www.cluetrust.com/XML/GPXDATA/1/0" xmlns:xsi="http://www.w3.org/2001/XMLSchema-instance" xmlns="http://www.topografix.com/GPX/1/1" version="1.1" creator="http://ridewithgps.com/" xsi:schemaLocation="http://www.topografix.com/GPX/1/1 http://www.topografix.com/GPX/1/1/gpx.xsd http://www.cluetrust.com/XML/GPXDATA/1/0 http://www.cluetrust.com/Schemas/gpxdata10.xsd">
  <metadata>
    <name>VT - Road 1n</name>
    <link href="https://ridewithgps.com/routes/53933290">
      <text>VT - Road 1n</text>
    </link>
    <time>2026-02-09T11:37:51Z</time>
  </metadata>
  <trk>
    <name>VT - Road 1n</name>
    <trkseg>
      <trkpt lat="43.028845" lon="10.563577">
        <ele>6.2</ele>
      </trkpt>
      <trkpt lat="43.02901" lon="10.56329">
        <ele>6.2</ele>
      </trkpt>
      <trkpt lat="43.030455" lon="10.564586">
        <ele>6.6</ele>
      </trkpt>
      <trkpt lat="43.032261" lon="10.561632">
        <ele>6.8</ele>
      </trkpt>
      <trkpt lat="43.032343" lon="10.561329">
        <ele>6.7</ele>
      </trkpt>
      <trkpt lat="43.032369" lon="10.561075">
        <ele>6.6</ele>
      </trkpt>
      <trkpt lat="43.032359" lon="10.560574">
        <ele>6.5</ele>
      </trkpt>
      <trkpt lat="43.032345" lon="10.560432">
        <ele>6.5</ele>
      </trkpt>
      <trkpt lat="43.032301" lon="10.560348">
        <ele>6.5</ele>
      </trkpt>
      <trkpt lat="43.032253" lon="10.560273">
        <ele>6.4</ele>
      </trkpt>
      <trkpt lat="43.031105" lon="10.55943">
        <ele>5.9</ele>
      </trkpt>
      <trkpt lat="43.027368" lon="10.556747">
        <ele>4.0</ele>
      </trkpt>
      <trkpt lat="43.027014" lon="10.55652">
        <ele>3.9</ele>
      </trkpt>
      <trkpt lat="43.026923" lon="10.556505">
        <ele>3.9</ele>
      </trkpt>
      <trkpt lat="43.026875" lon="10.556564">
        <ele>3.8</ele>
      </trkpt>
      <trkpt lat="43.02685" lon="10.556645">
        <ele>3.8</ele>
      </trkpt>
      <trkpt lat="43.026652" lon="10.559143">
        <ele>3.5</ele>
      </trkpt>
      <trkpt lat="43.026588" lon="10.560253">
        <ele>3.2</ele>
      </trkpt>
      <trkpt lat="43.026567" lon="10.560367">
        <ele>3.2</ele>
      </trkpt>
      <trkpt lat="43.026518" lon="10.560455">
        <ele>3.2</ele>
      </trkpt>
      <trkpt lat="43.026463" lon="10.560491">
        <ele>3.2</ele>
      </trkpt>
      <trkpt lat="43.022306" lon="10.558984">
        <ele>3.7</ele>
      </trkpt>
      <trkpt lat="43.02211" lon="10.560253">
        <ele>4.0</ele>
      </trkpt>
      <trkpt lat="43.021467" lon="10.564398">
        <ele>4.7</ele>
      </trkpt>
      <trkpt lat="43.021173" lon="10.56629">
        <ele>4.7</ele>
      </trkpt>
      <trkpt lat="43.021036" lon="10.56716">
        <ele>4.7</ele>
      </trkpt>
      <trkpt lat="43.020951" lon="10.567502">
        <ele>4.6</ele>
      </trkpt>
      <trkpt lat="43.019396" lon="10.571246">
        <ele>4.8</ele>
      </trkpt>
      <trkpt lat="43.019357" lon="10.571426">
        <ele>4.8</ele>
      </trkpt>
      <trkpt lat="43.019262" lon="10.57143">
        <ele>4.8</ele>
      </trkpt>
      <trkpt lat="43.019223" lon="10.571457">
        <ele>4.8</ele>
      </trkpt>
      <trkpt lat="43.019196" lon="10.571526">
        <ele>4.8</ele>
      </trkpt>
      <trkpt lat="43.019228" lon="10.571646">
        <ele>4.9</ele>
      </trkpt>
      <trkpt lat="43.019256" lon="10.571666">
        <ele>4.9</ele>
      </trkpt>
      <trkpt lat="43.019326" lon="10.571684">
        <ele>4.9</ele>
      </trkpt>
      <trkpt lat="43.0194" lon="10.57166">
        <ele>4.9</ele>
      </trkpt>
      <trkpt lat="43.019443" lon="10.571571">
        <ele>4.9</ele>
      </trkpt>
      <trkpt lat="43.021212" lon="10.571813">
        <ele>5.8</ele>
      </trkpt>
      <trkpt lat="43.021639" lon="10.571929">
        <ele>6.1</ele>
      </trkpt>
      <trkpt lat="43.022222" lon="10.572193">
        <ele>6.5</ele>
      </trkpt>
      <trkpt lat="43.022641" lon="10.572511">
        <ele>6.8</ele>
      </trkpt>
      <trkpt lat="43.023044" lon="10.572909">
        <ele>7.1</ele>
      </trkpt>
      <trkpt lat="43.024123" lon="10.574459">
        <ele>8.1</ele>
      </trkpt>
      <trkpt lat="43.024535" lon="10.575093">
        <ele>8.5</ele>
      </trkpt>
      <trkpt lat="43.024767" lon="10.575418">
        <ele>8.6</ele>
      </trkpt>
      <trkpt lat="43.024986" lon="10.575672">
        <ele>8.8</ele>
      </trkpt>
      <trkpt lat="43.025181" lon="10.575842">
        <ele>8.9</ele>
      </trkpt>
      <trkpt lat="43.025379" lon="10.576017">
        <ele>9.0</ele>
      </trkpt>
      <trkpt lat="43.02553" lon="10.576156">
        <ele>9.1</ele>
      </trkpt>
      <trkpt lat="43.026006" lon="10.576555">
        <ele>9.1</ele>
      </trkpt>
      <trkpt lat="43.026213" lon="10.576799">
        <ele>8.9</ele>
      </trkpt>
      <trkpt lat="43.02692" lon="10.577813">
        <ele>8.5</ele>
      </trkpt>
      <trkpt lat="43.027237" lon="10.578178">
        <ele>8.4</ele>
      </trkpt>
      <trkpt lat="43.0275" lon="10.578429">
        <ele>8.4</ele>
      </trkpt>
      <trkpt lat="43.027752" lon="10.578606">
        <ele>8.5</ele>
      </trkpt>
      <trkpt lat="43.028444" lon="10.579033">
        <ele>8.6</ele>
      </trkpt>
      <trkpt lat="43.02848" lon="10.579055">
        <ele>8.6</ele>
      </trkpt>
      <trkpt lat="43.028677" lon="10.579201">
        <ele>8.6</ele>
      </trkpt>
      <trkpt lat="43.028938" lon="10.579442">
        <ele>8.8</ele>
      </trkpt>
      <trkpt lat="43.031318" lon="10.58163">
        <ele>10.3</ele>
      </trkpt>
      <trkpt lat="43.031897" lon="10.582167">
        <ele>10.8</ele>
      </trkpt>
      <trkpt lat="43.034164" lon="10.584259">
        <ele>13.8</ele>
      </trkpt>
      <trkpt lat="43.036442" lon="10.586363">
        <ele>16.8</ele>
      </trkpt>
      <trkpt lat="43.036718" lon="10.586621">
        <ele>17.3</ele>
      </trkpt>
      <trkpt lat="43.038709" lon="10.58847">
        <ele>20.6</ele>
      </trkpt>
      <trkpt lat="43.039127" lon="10.58887">
        <ele>21.0</ele>
      </trkpt>
      <trkpt lat="43.039215" lon="10.588961">
        <ele>20.8</ele>
      </trkpt>
      <trkpt lat="43.038286" lon="10.590099">
        <ele>19.3</ele>
      </trkpt>
      <trkpt lat="43.038154" lon="10.590264">
        <ele>19.1</ele>
      </trkpt>
      <trkpt lat="43.037454" lon="10.59112">
        <ele>17.4</ele>
      </trkpt>
      <trkpt lat="43.037409" lon="10.591176">
        <ele>17.3</ele>
      </trkpt>
      <trkpt lat="43.036558" lon="10.592224">
        <ele>15.3</ele>
      </trkpt>
      <trkpt lat="43.036498" lon="10.592297">
        <ele>15.3</ele>
      </trkpt>
      <trkpt lat="43.035476" lon="10.593606">
        <ele>14.6</ele>
      </trkpt>
      <trkpt lat="43.035367" lon="10.593733">
        <ele>14.6</ele>
      </trkpt>
      <trkpt lat="43.03533" lon="10.593775">
        <ele>14.6</ele>
      </trkpt>
      <trkpt lat="43.035322" lon="10.593793">
        <ele>14.6</ele>
      </trkpt>
      <trkpt lat="43.035176" lon="10.593985">
        <ele>14.7</ele>
      </trkpt>
      <trkpt lat="43.035021" lon="10.594142">
        <ele>14.8</ele>
      </trkpt>
      <trkpt lat="43.034763" lon="10.59446">
        <ele>15.0</ele>
      </trkpt>
      <trkpt lat="43.034933" lon="10.594724">
        <ele>15.1</ele>
      </trkpt>
      <trkpt lat="43.035129" lon="10.595001">
        <ele>15.3</ele>
      </trkpt>
      <trkpt lat="43.03526" lon="10.595085">
        <ele>15.4</ele>
      </trkpt>
      <trkpt lat="43.035721" lon="10.595359">
        <ele>15.7</ele>
      </trkpt>
      <trkpt lat="43.036112" lon="10.595753">
        <ele>16.0</ele>
      </trkpt>
      <trkpt lat="43.036278" lon="10.595918">
        <ele>16.1</ele>
      </trkpt>
      <trkpt lat="43.036534" lon="10.596242">
        <ele>16.3</ele>
      </trkpt>
      <trkpt lat="43.036557" lon="10.596352">
        <ele>16.3</ele>
      </trkpt>
      <trkpt lat="43.036482" lon="10.596603">
        <ele>16.4</ele>
      </trkpt>
      <trkpt lat="43.036428" lon="10.596754">
        <ele>16.5</ele>
      </trkpt>
      <trkpt lat="43.036141" lon="10.597523">
        <ele>16.9</ele>
      </trkpt>
      <trkpt lat="43.035813" lon="10.598399">
        <ele>17.3</ele>
      </trkpt>
      <trkpt lat="43.03541" lon="10.599491">
        <ele>17.9</ele>
      </trkpt>
      <trkpt lat="43.035163" lon="10.600206">
        <ele>18.5</ele>
      </trkpt>
      <trkpt lat="43.035003" lon="10.600898">
        <ele>19.0</ele>
      </trkpt>
      <trkpt lat="43.034948" lon="10.601042">
        <ele>19.1</ele>
      </trkpt>
      <trkpt lat="43.034912" lon="10.601049">
        <ele>19.2</ele>
      </trkpt>
      <trkpt lat="43.034875" lon="10.601084">
        <ele>19.2</ele>
      </trkpt>
      <trkpt lat="43.034865" lon="10.601111">
        <ele>19.2</ele>
      </trkpt>
      <trkpt lat="43.034862" lon="10.601168">
        <ele>19.3</ele>
      </trkpt>
      <trkpt lat="43.034901" lon="10.601236">
        <ele>19.3</ele>
      </trkpt>
      <trkpt lat="43.034905" lon="10.601355">
        <ele>19.4</ele>
      </trkpt>
      <trkpt lat="43.034872" lon="10.601487">
        <ele>19.4</ele>
      </trkpt>
      <trkpt lat="43.034847" lon="10.601588">
        <ele>19.3</ele>
      </trkpt>
      <trkpt lat="43.034671" lon="10.602441">
        <ele>19.0</ele>
      </trkpt>
      <trkpt lat="43.034548" lon="10.60317">
        <ele>18.7</ele>
      </trkpt>
      <trkpt lat="43.034444" lon="10.604102">
        <ele>18.0</ele>
      </trkpt>
      <trkpt lat="43.034446" lon="10.604244">
        <ele>17.8</ele>
      </trkpt>
      <trkpt lat="43.034402" lon="10.60455">
        <ele>17.3</ele>
      </trkpt>
      <trkpt lat="43.034347" lon="10.604621">
        <ele>17.1</ele>
      </trkpt>
      <trkpt lat="43.034329" lon="10.604707">
        <ele>17.0</ele>
      </trkpt>
      <trkpt lat="43.034346" lon="10.604794">
        <ele>16.8</ele>
      </trkpt>
      <trkpt lat="43.034387" lon="10.604852">
        <ele>16.7</ele>
      </trkpt>
      <trkpt lat="43.034444" lon="10.60488">
        <ele>16.6</ele>
      </trkpt>
      <trkpt lat="43.034573" lon="10.605114">
        <ele>16.1</ele>
      </trkpt>
      <trkpt lat="43.034501" lon="10.606075">
        <ele>14.7</ele>
      </trkpt>
      <trkpt lat="43.034492" lon="10.606652">
        <ele>14.3</ele>
      </trkpt>
      <trkpt lat="43.034657" lon="10.608434">
        <ele>12.9</ele>
      </trkpt>
      <trkpt lat="43.034756" lon="10.608894">
        <ele>12.9</ele>
      </trkpt>
      <trkpt lat="43.034841" lon="10.609342">
        <ele>13.0</ele>
      </trkpt>
      <trkpt lat="43.034899" lon="10.61016">
        <ele>13.0</ele>
      </trkpt>
      <trkpt lat="43.034938" lon="10.610443">
        <ele>13.0</ele>
      </trkpt>
      <trkpt lat="43.03499" lon="10.610745">
        <ele>13.1</ele>
      </trkpt>
      <trkpt lat="43.035092" lon="10.611519">
        <ele>13.0</ele>
      </trkpt>
      <trkpt lat="43.035091" lon="10.611809">
        <ele>13.0</ele>
      </trkpt>
      <trkpt lat="43.035042" lon="10.612248">
        <ele>13.0</ele>
      </trkpt>
      <trkpt lat="43.034999" lon="10.612522">
        <ele>13.0</ele>
      </trkpt>
      <trkpt lat="43.034934" lon="10.612602">
        <ele>13.0</ele>
      </trkpt>
      <trkpt lat="43.034835" lon="10.612649">
        <ele>13.0</ele>
      </trkpt>
      <trkpt lat="43.034717" lon="10.612666">
        <ele>13.0</ele>
      </trkpt>
      <trkpt lat="43.03466" lon="10.612789">
        <ele>13.0</ele>
      </trkpt>
      <trkpt lat="43.034672" lon="10.612885">
        <ele>13.0</ele>
      </trkpt>
      <trkpt lat="43.034719" lon="10.612963">
        <ele>13.0</ele>
      </trkpt>
      <trkpt lat="43.034755" lon="10.612982">
        <ele>13.0</ele>
      </trkpt>
      <trkpt lat="43.034821" lon="10.613087">
        <ele>13.0</ele>
      </trkpt>
      <trkpt lat="43.034863" lon="10.613246">
        <ele>13.0</ele>
      </trkpt>
      <trkpt lat="43.034813" lon="10.614014">
        <ele>13.0</ele>
      </trkpt>
      <trkpt lat="43.034851" lon="10.61522">
        <ele>13.1</ele>
      </trkpt>
      <trkpt lat="43.035063" lon="10.617752">
        <ele>14.1</ele>
      </trkpt>
      <trkpt lat="43.035132" lon="10.618333">
        <ele>14.1</ele>
      </trkpt>
      <trkpt lat="43.035273" lon="10.619195">
        <ele>14.2</ele>
      </trkpt>
      <trkpt lat="43.035445" lon="10.619881">
        <ele>14.3</ele>
      </trkpt>
      <trkpt lat="43.035573" lon="10.620288">
        <ele>14.4</ele>
      </trkpt>
      <trkpt lat="43.035875" lon="10.621082">
        <ele>14.9</ele>
      </trkpt>
      <trkpt lat="43.035904" lon="10.621175">
        <ele>14.9</ele>
      </trkpt>
      <trkpt lat="43.036513" lon="10.622991">
        <ele>15.8</ele>
      </trkpt>
      <trkpt lat="43.036638" lon="10.623362">
        <ele>15.9</ele>
      </trkpt>
      <trkpt lat="43.036917" lon="10.624224">
        <ele>16.0</ele>
      </trkpt>
      <trkpt lat="43.037101" lon="10.624732">
        <ele>16.1</ele>
      </trkpt>
      <trkpt lat="43.03729" lon="10.625129">
        <ele>16.2</ele>
      </trkpt>
      <trkpt lat="43.037741" lon="10.625982">
        <ele>16.3</ele>
      </trkpt>
      <trkpt lat="43.038675" lon="10.628262">
        <ele>17.0</ele>
      </trkpt>
      <trkpt lat="43.038785" lon="10.628528">
        <ele>17.1</ele>
      </trkpt>
      <trkpt lat="43.038855" lon="10.628811">
        <ele>17.3</ele>
      </trkpt>
      <trkpt lat="43.03902" lon="10.629755">
        <ele>17.9</ele>
      </trkpt>
      <trkpt lat="43.039111" lon="10.630274">
        <ele>18.2</ele>
      </trkpt>
      <trkpt lat="43.0393" lon="10.631255">
        <ele>18.9</ele>
      </trkpt>
      <trkpt lat="43.039352" lon="10.631446">
        <ele>19.0</ele>
      </trkpt>
      <trkpt lat="43.039535" lon="10.631906">
        <ele>19.5</ele>
      </trkpt>
      <trkpt lat="43.040092" lon="10.633012">
        <ele>20.5</ele>
      </trkpt>
      <trkpt lat="43.040657" lon="10.634029">
        <ele>21.7</ele>
      </trkpt>
      <trkpt lat="43.04103" lon="10.63476">
        <ele>22.6</ele>
      </trkpt>
      <trkpt lat="43.041088" lon="10.634871">
        <ele>22.8</ele>
      </trkpt>
      <trkpt lat="43.041533" lon="10.63593">
        <ele>23.9</ele>
      </trkpt>
      <trkpt lat="43.041677" lon="10.636274">
        <ele>24.2</ele>
      </trkpt>
      <trkpt lat="43.041839" lon="10.63669">
        <ele>24.6</ele>
      </trkpt>
      <trkpt lat="43.041936" lon="10.636949">
        <ele>24.8</ele>
      </trkpt>
      <trkpt lat="43.042166" lon="10.63753">
        <ele>25.3</ele>
      </trkpt>
      <trkpt lat="43.042396" lon="10.637996">
        <ele>24.8</ele>
      </trkpt>
      <trkpt lat="43.042499" lon="10.638202">
        <ele>24.6</ele>
      </trkpt>
      <trkpt lat="43.042657" lon="10.638562">
        <ele>24.3</ele>
      </trkpt>
      <trkpt lat="43.042778" lon="10.638936">
        <ele>24.0</ele>
      </trkpt>
      <trkpt lat="43.042871" lon="10.639231">
        <ele>23.7</ele>
      </trkpt>
      <trkpt lat="43.04299" lon="10.639557">
        <ele>23.4</ele>
      </trkpt>
      <trkpt lat="43.043112" lon="10.639775">
        <ele>23.1</ele>
      </trkpt>
      <trkpt lat="43.043274" lon="10.639982">
        <ele>22.8</ele>
      </trkpt>
      <trkpt lat="43.043833" lon="10.64058">
        <ele>21.7</ele>
      </trkpt>
      <trkpt lat="43.044122" lon="10.641029">
        <ele>21.1</ele>
      </trkpt>
      <trkpt lat="43.044175" lon="10.641108">
        <ele>21.0</ele>
      </trkpt>
      <trkpt lat="43.044334" lon="10.641349">
        <ele>20.6</ele>
      </trkpt>
      <trkpt lat="43.046097" lon="10.644051">
        <ele>18.9</ele>
      </trkpt>
      <trkpt lat="43.046197" lon="10.644272">
        <ele>18.8</ele>
      </trkpt>
      <trkpt lat="43.046826" lon="10.646141">
        <ele>18.6</ele>
      </trkpt>
      <trkpt lat="43.046956" lon="10.646386">
        <ele>18.6</ele>
      </trkpt>
      <trkpt lat="43.047099" lon="10.646587">
        <ele>18.6</ele>
      </trkpt>
      <trkpt lat="43.047691" lon="10.647289">
        <ele>18.9</ele>
      </trkpt>
      <trkpt lat="43.048825" lon="10.648726">
        <ele>20.6</ele>
      </trkpt>
      <trkpt lat="43.050004" lon="10.649947">
        <ele>21.9</ele>
      </trkpt>
      <trkpt lat="43.050421" lon="10.650484">
        <ele>22.5</ele>
      </trkpt>
      <trkpt lat="43.050647" lon="10.650786">
        <ele>22.9</ele>
      </trkpt>
      <trkpt lat="43.050726" lon="10.650886">
        <ele>23.0</ele>
      </trkpt>
      <trkpt lat="43.050939" lon="10.651131">
        <ele>23.3</ele>
      </trkpt>
      <trkpt lat="43.05157" lon="10.651846">
        <ele>24.2</ele>
      </trkpt>
      <trkpt lat="43.051684" lon="10.652032">
        <ele>24.4</ele>
      </trkpt>
      <trkpt lat="43.052062" lon="10.652771">
        <ele>24.9</ele>
      </trkpt>
      <trkpt lat="43.052578" lon="10.653437">
        <ele>25.5</ele>
      </trkpt>
      <trkpt lat="43.052734" lon="10.653674">
        <ele>25.7</ele>
      </trkpt>
      <trkpt lat="43.053184" lon="10.654465">
        <ele>25.7</ele>
      </trkpt>
      <trkpt lat="43.053687" lon="10.655239">
        <ele>25.6</ele>
      </trkpt>
      <trkpt lat="43.053906" lon="10.655575">
        <ele>25.6</ele>
      </trkpt>
      <trkpt lat="43.054547" lon="10.656937">
        <ele>26.1</ele>
      </trkpt>
      <trkpt lat="43.05502" lon="10.657632">
        <ele>26.4</ele>
      </trkpt>
      <trkpt lat="43.055233" lon="10.657889">
        <ele>26.7</ele>
      </trkpt>
      <trkpt lat="43.056145" lon="10.658742">
        <ele>27.8</ele>
      </trkpt>
      <trkpt lat="43.056926" lon="10.659543">
        <ele>28.6</ele>
      </trkpt>
      <trkpt lat="43.058259" lon="10.660723">
        <ele>29.9</ele>
      </trkpt>
      <trkpt lat="43.059208" lon="10.662046">
        <ele>31.3</ele>
      </trkpt>
      <trkpt lat="43.059437" lon="10.662315">
        <ele>31.5</ele>
      </trkpt>
      <trkpt lat="43.06042" lon="10.663027">
        <ele>32.4</ele>
      </trkpt>
      <trkpt lat="43.061194" lon="10.663628">
        <ele>33.3</ele>
      </trkpt>
      <trkpt lat="43.061441" lon="10.663804">
        <ele>33.6</ele>
      </trkpt>
      <trkpt lat="43.063425" lon="10.665268">
        <ele>36.1</ele>
      </trkpt>
      <trkpt lat="43.063824" lon="10.665614">
        <ele>36.6</ele>
      </trkpt>
      <trkpt lat="43.064261" lon="10.666158">
        <ele>36.8</ele>
      </trkpt>
      <trkpt lat="43.064359" lon="10.666274">
        <ele>36.8</ele>
      </trkpt>
      <trkpt lat="43.065207" lon="10.667277">
        <ele>36.8</ele>
      </trkpt>
      <trkpt lat="43.065963" lon="10.668016">
        <ele>37.2</ele>
      </trkpt>
      <trkpt lat="43.066099" lon="10.668186">
        <ele>37.3</ele>
      </trkpt>
      <trkpt lat="43.066427" lon="10.668586">
        <ele>37.5</ele>
      </trkpt>
      <trkpt lat="43.067995" lon="10.670628">
        <ele>38.5</ele>
      </trkpt>
      <trkpt lat="43.068896" lon="10.671896">
        <ele>39.3</ele>
      </trkpt>
      <trkpt lat="43.069017" lon="10.672028">
        <ele>39.4</ele>
      </trkpt>
      <trkpt lat="43.069462" lon="10.672316">
        <ele>39.8</ele>
      </trkpt>
      <trkpt lat="43.069965" lon="10.672525">
        <ele>40.4</ele>
      </trkpt>
      <trkpt lat="43.070195" lon="10.67266">
        <ele>40.6</ele>
      </trkpt>
      <trkpt lat="43.070412" lon="10.672849">
        <ele>40.9</ele>
      </trkpt>
      <trkpt lat="43.070754" lon="10.673207">
        <ele>41.4</ele>
      </trkpt>
      <trkpt lat="43.072418" lon="10.674976">
        <ele>45.7</ele>
      </trkpt>
      <trkpt lat="43.072637" lon="10.675192">
        <ele>46.7</ele>
      </trkpt>
      <trkpt lat="43.073414" lon="10.675796">
        <ele>49.9</ele>
      </trkpt>
      <trkpt lat="43.074048" lon="10.676113">
        <ele>52.4</ele>
      </trkpt>
      <trkpt lat="43.074498" lon="10.676666">
        <ele>55.2</ele>
      </trkpt>
      <trkpt lat="43.074741" lon="10.676874">
        <ele>56.5</ele>
      </trkpt>
      <trkpt lat="43.074913" lon="10.676983">
        <ele>57.3</ele>
      </trkpt>
      <trkpt lat="43.075316" lon="10.677159">
        <ele>59.3</ele>
      </trkpt>
      <trkpt lat="43.075817" lon="10.677317">
        <ele>62.1</ele>
      </trkpt>
      <trkpt lat="43.075943" lon="10.67742">
        <ele>63.0</ele>
      </trkpt>
      <trkpt lat="43.07605" lon="10.677554">
        <ele>63.9</ele>
      </trkpt>
      <trkpt lat="43.076482" lon="10.678134">
        <ele>67.6</ele>
      </trkpt>
      <trkpt lat="43.076648" lon="10.678324">
        <ele>68.9</ele>
      </trkpt>
      <trkpt lat="43.076855" lon="10.678501">
        <ele>70.4</ele>
      </trkpt>
      <trkpt lat="43.077055" lon="10.678653">
        <ele>72.1</ele>
      </trkpt>
      <trkpt lat="43.077154" lon="10.678674">
        <ele>72.9</ele>
      </trkpt>
      <trkpt lat="43.077917" lon="10.678614">
        <ele>88.5</ele>
      </trkpt>
      <trkpt lat="43.078024" lon="10.678648">
        <ele>90.1</ele>
      </trkpt>
      <trkpt lat="43.07815" lon="10.678648">
        <ele>92.0</ele>
      </trkpt>
      <trkpt lat="43.07815" lon="10.678648">
        <ele>92.0</ele>
      </trkpt>
      <trkpt lat="43.07815" lon="10.678648">
        <ele>92.0</ele>
      </trkpt>
      <trkpt lat="43.07815" lon="10.678648">
        <ele>92.0</ele>
      </trkpt>
      <trkpt lat="43.078213" lon="10.678648">
        <ele>93.0</ele>
      </trkpt>
      <trkpt lat="43.078125" lon="10.67864">
        <ele>91.6</ele>
      </trkpt>
      <trkpt lat="43.078075" lon="10.67864">
        <ele>90.9</ele>
      </trkpt>
      <trkpt lat="43.077899" lon="10.67864">
        <ele>88.1</ele>
      </trkpt>
      <trkpt lat="43.07786" lon="10.678612">
        <ele>79.0</ele>
      </trkpt>
      <trkpt lat="43.077972" lon="10.678106">
        <ele>82.2</ele>
      </trkpt>
      <trkpt lat="43.077998" lon="10.678039">
        <ele>82.7</ele>
      </trkpt>
      <trkpt lat="43.078063" lon="10.677971">
        <ele>83.4</ele>
      </trkpt>
      <trkpt lat="43.078661" lon="10.677804">
        <ele>87.9</ele>
      </trkpt>
      <trkpt lat="43.078785" lon="10.677765">
        <ele>88.6</ele>
      </trkpt>
      <trkpt lat="43.079151" lon="10.677634">
        <ele>90.8</ele>
      </trkpt>
      <trkpt lat="43.079195" lon="10.677612">
        <ele>91.0</ele>
      </trkpt>
      <trkpt lat="43.079255" lon="10.677574">
        <ele>91.4</ele>
      </trkpt>
      <trkpt lat="43.079422" lon="10.677388">
        <ele>92.7</ele>
      </trkpt>
      <trkpt lat="43.079494" lon="10.677118">
        <ele>93.9</ele>
      </trkpt>
      <trkpt lat="43.079482" lon="10.676963">
        <ele>94.5</ele>
      </trkpt>
      <trkpt lat="43.079281" lon="10.676528">
        <ele>96.7</ele>
      </trkpt>
      <trkpt lat="43.079239" lon="10.676344">
        <ele>97.1</ele>
      </trkpt>
      <trkpt lat="43.079351" lon="10.675806">
        <ele>98.1</ele>
      </trkpt>
      <trkpt lat="43.079327" lon="10.67557">
        <ele>98.6</ele>
      </trkpt>
      <trkpt lat="43.0791" lon="10.675223">
        <ele>99.5</ele>
      </trkpt>
      <trkpt lat="43.079009" lon="10.675004">
        <ele>100.0</ele>
      </trkpt>
      <trkpt lat="43.078924" lon="10.674422">
        <ele>101.1</ele>
      </trkpt>
      <trkpt lat="43.078896" lon="10.674069">
        <ele>101.7</ele>
      </trkpt>
      <trkpt lat="43.078956" lon="10.673868">
        <ele>102.0</ele>
      </trkpt>
      <trkpt lat="43.079329" lon="10.673488">
        <ele>102.8</ele>
      </trkpt>
      <trkpt lat="43.07937" lon="10.673406">
        <ele>103.0</ele>
      </trkpt>
      <trkpt lat="43.07946" lon="10.673034">
        <ele>103.5</ele>
      </trkpt>
      <trkpt lat="43.079469" lon="10.672722">
        <ele>103.9</ele>
      </trkpt>
      <trkpt lat="43.079383" lon="10.672489">
        <ele>104.3</ele>
      </trkpt>
      <trkpt lat="43.078884" lon="10.671894">
        <ele>106.0</ele>
      </trkpt>
      <trkpt lat="43.078803" lon="10.671743">
        <ele>106.4</ele>
      </trkpt>
      <trkpt lat="43.078776" lon="10.671639">
        <ele>106.7</ele>
      </trkpt>
      <trkpt lat="43.078766" lon="10.671293">
        <ele>107.5</ele>
      </trkpt>
      <trkpt lat="43.078843" lon="10.671022">
        <ele>108.1</ele>
      </trkpt>
      <trkpt lat="43.079016" lon="10.670734">
        <ele>109.0</ele>
      </trkpt>
      <trkpt lat="43.079198" lon="10.670531">
        <ele>109.7</ele>
      </trkpt>
      <trkpt lat="43.079339" lon="10.670447">
        <ele>110.2</ele>
      </trkpt>
      <trkpt lat="43.079824" lon="10.670302">
        <ele>112.3</ele>
      </trkpt>
      <trkpt lat="43.080164" lon="10.670305">
        <ele>113.9</ele>
      </trkpt>
      <trkpt lat="43.080244" lon="10.670254">
        <ele>114.3</ele>
      </trkpt>
      <trkpt lat="43.080314" lon="10.670133">
        <ele>114.8</ele>
      </trkpt>
      <trkpt lat="43.080439" lon="10.669798">
        <ele>116.0</ele>
      </trkpt>
      <trkpt lat="43.080446" lon="10.66964">
        <ele>116.5</ele>
      </trkpt>
      <trkpt lat="43.08042" lon="10.669568">
        <ele>116.8</ele>
      </trkpt>
      <trkpt lat="43.080348" lon="10.669467">
        <ele>117.3</ele>
      </trkpt>
      <trkpt lat="43.079908" lon="10.669079">
        <ele>119.7</ele>
      </trkpt>
      <trkpt lat="43.079854" lon="10.669007">
        <ele>120.1</ele>
      </trkpt>
      <trkpt lat="43.079802" lon="10.668877">
        <ele>120.6</ele>
      </trkpt>
      <trkpt lat="43.079816" lon="10.668677">
        <ele>121.3</ele>
      </trkpt>
      <trkpt lat="43.079984" lon="10.668432">
        <ele>122.5</ele>
      </trkpt>
      <trkpt lat="43.080521" lon="10.668028">
        <ele>125.6</ele>
      </trkpt>
      <trkpt lat="43.080731" lon="10.668">
        <ele>126.6</ele>
      </trkpt>
      <trkpt lat="43.081268" lon="10.668055">
        <ele>129.3</ele>
      </trkpt>
      <trkpt lat="43.081599" lon="10.667908">
        <ele>131.1</ele>
      </trkpt>
      <trkpt lat="43.081711" lon="10.667779">
        <ele>131.9</ele>
      </trkpt>
      <trkpt lat="43.081811" lon="10.667437">
        <ele>133.2</ele>
      </trkpt>
      <trkpt lat="43.081861" lon="10.66735">
        <ele>133.6</ele>
      </trkpt>
      <trkpt lat="43.082004" lon="10.667271">
        <ele>134.4</ele>
      </trkpt>
      <trkpt lat="43.08252" lon="10.667166">
        <ele>137.3</ele>
      </trkpt>
      <trkpt lat="43.082945" lon="10.66685">
        <ele>140.6</ele>
      </trkpt>
      <trkpt lat="43.083095" lon="10.666775">
        <ele>141.7</ele>
      </trkpt>
      <trkpt lat="43.083194" lon="10.666749">
        <ele>142.4</ele>
      </trkpt>
      <trkpt lat="43.083301" lon="10.666763">
        <ele>143.1</ele>
      </trkpt>
      <trkpt lat="43.083436" lon="10.666867">
        <ele>144.2</ele>
      </trkpt>
      <trkpt lat="43.083473" lon="10.666952">
        <ele>144.7</ele>
      </trkpt>
      <trkpt lat="43.083575" lon="10.667557">
        <ele>147.8</ele>
      </trkpt>
      <trkpt lat="43.083609" lon="10.667671">
        <ele>148.4</ele>
      </trkpt>
      <trkpt lat="43.083676" lon="10.667796">
        <ele>149.0</ele>
      </trkpt>
      <trkpt lat="43.083768" lon="10.667867">
        <ele>149.3</ele>
      </trkpt>
      <trkpt lat="43.084015" lon="10.667887">
        <ele>150.1</ele>
      </trkpt>
      <trkpt lat="43.084128" lon="10.667929">
        <ele>150.5</ele>
      </trkpt>
      <trkpt lat="43.084461" lon="10.668185">
        <ele>151.7</ele>
      </trkpt>
      <trkpt lat="43.084552" lon="10.668216">
        <ele>152.0</ele>
      </trkpt>
      <trkpt lat="43.08468" lon="10.668192">
        <ele>152.4</ele>
      </trkpt>
      <trkpt lat="43.084769" lon="10.66807">
        <ele>152.8</ele>
      </trkpt>
      <trkpt lat="43.084794" lon="10.667797">
        <ele>153.4</ele>
      </trkpt>
      <trkpt lat="43.084743" lon="10.66726">
        <ele>154.7</ele>
      </trkpt>
      <trkpt lat="43.084786" lon="10.667117">
        <ele>155.0</ele>
      </trkpt>
      <trkpt lat="43.084863" lon="10.66706">
        <ele>155.3</ele>
      </trkpt>
      <trkpt lat="43.084996" lon="10.667056">
        <ele>155.7</ele>
      </trkpt>
      <trkpt lat="43.085123" lon="10.667136">
        <ele>156.1</ele>
      </trkpt>
      <trkpt lat="43.085444" lon="10.667595">
        <ele>157.6</ele>
      </trkpt>
      <trkpt lat="43.085579" lon="10.6677">
        <ele>158.1</ele>
      </trkpt>
      <trkpt lat="43.085696" lon="10.667741">
        <ele>158.5</ele>
      </trkpt>
      <trkpt lat="43.085753" lon="10.667739">
        <ele>158.6</ele>
      </trkpt>
      <trkpt lat="43.085821" lon="10.667635">
        <ele>159.0</ele>
      </trkpt>
      <trkpt lat="43.085867" lon="10.667242">
        <ele>159.9</ele>
      </trkpt>
      <trkpt lat="43.085913" lon="10.66712">
        <ele>160.2</ele>
      </trkpt>
      <trkpt lat="43.085985" lon="10.667035">
        <ele>160.6</ele>
      </trkpt>
      <trkpt lat="43.086095" lon="10.666988">
        <ele>161.0</ele>
      </trkpt>
      <trkpt lat="43.086216" lon="10.666984">
        <ele>161.5</ele>
      </trkpt>
      <trkpt lat="43.086346" lon="10.667036">
        <ele>162.0</ele>
      </trkpt>
      <trkpt lat="43.086765" lon="10.667282">
        <ele>163.8</ele>
      </trkpt>
      <trkpt lat="43.087002" lon="10.667459">
        <ele>164.9</ele>
      </trkpt>
      <trkpt lat="43.087076" lon="10.667469">
        <ele>165.1</ele>
      </trkpt>
      <trkpt lat="43.08721" lon="10.667261">
        <ele>165.9</ele>
      </trkpt>
      <trkpt lat="43.087294" lon="10.66719">
        <ele>166.3</ele>
      </trkpt>
      <trkpt lat="43.087501" lon="10.667105">
        <ele>167.2</ele>
      </trkpt>
      <trkpt lat="43.087534" lon="10.667077">
        <ele>167.2</ele>
      </trkpt>
      <trkpt lat="43.087563" lon="10.666984">
        <ele>167.4</ele>
      </trkpt>
      <trkpt lat="43.087547" lon="10.666897">
        <ele>167.5</ele>
      </trkpt>
      <trkpt lat="43.087161" lon="10.666459">
        <ele>168.5</ele>
      </trkpt>
      <trkpt lat="43.087036" lon="10.666247">
        <ele>168.9</ele>
      </trkpt>
      <trkpt lat="43.086905" lon="10.665883">
        <ele>169.4</ele>
      </trkpt>
      <trkpt lat="43.0869" lon="10.665741">
        <ele>169.6</ele>
      </trkpt>
      <trkpt lat="43.086936" lon="10.665627">
        <ele>169.8</ele>
      </trkpt>
      <trkpt lat="43.087008" lon="10.665549">
        <ele>170.0</ele>
      </trkpt>
      <trkpt lat="43.087525" lon="10.665426">
        <ele>171.2</ele>
      </trkpt>
      <trkpt lat="43.087941" lon="10.665498">
        <ele>172.6</ele>
      </trkpt>
      <trkpt lat="43.087997" lon="10.665487">
        <ele>172.8</ele>
      </trkpt>
      <trkpt lat="43.088042" lon="10.665411">
        <ele>173.0</ele>
      </trkpt>
      <trkpt lat="43.088058" lon="10.665238">
        <ele>173.4</ele>
      </trkpt>
      <trkpt lat="43.087989" lon="10.66478">
        <ele>174.5</ele>
      </trkpt>
      <trkpt lat="43.08795" lon="10.664676">
        <ele>174.8</ele>
      </trkpt>
      <trkpt lat="43.087857" lon="10.664575">
        <ele>175.2</ele>
      </trkpt>
      <trkpt lat="43.087537" lon="10.66432">
        <ele>176.4</ele>
      </trkpt>
      <trkpt lat="43.087451" lon="10.664146">
        <ele>177.0</ele>
      </trkpt>
      <trkpt lat="43.087451" lon="10.664048">
        <ele>177.3</ele>
      </trkpt>
      <trkpt lat="43.0876" lon="10.663569">
        <ele>178.8</ele>
      </trkpt>
      <trkpt lat="43.087686" lon="10.66341">
        <ele>179.4</ele>
      </trkpt>
      <trkpt lat="43.087764" lon="10.663366">
        <ele>179.8</ele>
      </trkpt>
      <trkpt lat="43.088373" lon="10.663667">
        <ele>182.4</ele>
      </trkpt>
      <trkpt lat="43.088571" lon="10.663683">
        <ele>183.2</ele>
      </trkpt>
      <trkpt lat="43.088784" lon="10.663643">
        <ele>184.1</ele>
      </trkpt>
      <trkpt lat="43.088853" lon="10.663672">
        <ele>184.5</ele>
      </trkpt>
      <trkpt lat="43.08892" lon="10.663714">
        <ele>184.9</ele>
      </trkpt>
      <trkpt lat="43.089006" lon="10.663834">
        <ele>185.5</ele>
      </trkpt>
      <trkpt lat="43.089355" lon="10.664474">
        <ele>188.5</ele>
      </trkpt>
      <trkpt lat="43.089474" lon="10.664625">
        <ele>189.3</ele>
      </trkpt>
      <trkpt lat="43.08952" lon="10.664632">
        <ele>189.6</ele>
      </trkpt>
      <trkpt lat="43.089701" lon="10.664475">
        <ele>190.7</ele>
      </trkpt>
      <trkpt lat="43.089768" lon="10.664461">
        <ele>191.0</ele>
      </trkpt>
      <trkpt lat="43.089845" lon="10.664489">
        <ele>191.4</ele>
      </trkpt>
      <trkpt lat="43.09023" lon="10.664803">
        <ele>193.2</ele>
      </trkpt>
      <trkpt lat="43.090319" lon="10.664826">
        <ele>193.4</ele>
      </trkpt>
      <trkpt lat="43.090385" lon="10.66478">
        <ele>193.5</ele>
      </trkpt>
      <trkpt lat="43.090426" lon="10.664697">
        <ele>193.6</ele>
      </trkpt>
      <trkpt lat="43.090434" lon="10.664562">
        <ele>193.8</ele>
      </trkpt>
      <trkpt lat="43.090342" lon="10.664246">
        <ele>194.2</ele>
      </trkpt>
      <trkpt lat="43.090316" lon="10.664042">
        <ele>194.5</ele>
      </trkpt>
      <trkpt lat="43.090543" lon="10.663526">
        <ele>195.2</ele>
      </trkpt>
      <trkpt lat="43.090688" lon="10.663359">
        <ele>195.6</ele>
      </trkpt>
      <trkpt lat="43.090798" lon="10.663369">
        <ele>195.8</ele>
      </trkpt>
      <trkpt lat="43.091554" lon="10.663896">
        <ele>198.0</ele>
      </trkpt>
      <trkpt lat="43.091683" lon="10.664017">
        <ele>198.5</ele>
      </trkpt>
      <trkpt lat="43.091954" lon="10.664489">
        <ele>199.8</ele>
      </trkpt>
      <trkpt lat="43.092013" lon="10.664536">
        <ele>200.0</ele>
      </trkpt>
      <trkpt lat="43.092083" lon="10.664549">
        <ele>200.2</ele>
      </trkpt>
      <trkpt lat="43.092141" lon="10.664507">
        <ele>200.4</ele>
      </trkpt>
      <trkpt lat="43.092187" lon="10.6644">
        <ele>200.7</ele>
      </trkpt>
      <trkpt lat="43.092209" lon="10.664218">
        <ele>201.0</ele>
      </trkpt>
      <trkpt lat="43.092184" lon="10.663593">
        <ele>201.6</ele>
      </trkpt>
      <trkpt lat="43.092193" lon="10.663483">
        <ele>201.7</ele>
      </trkpt>
      <trkpt lat="43.092226" lon="10.663398">
        <ele>201.7</ele>
      </trkpt>
      <trkpt lat="43.092298" lon="10.663331">
        <ele>201.8</ele>
      </trkpt>
      <trkpt lat="43.092414" lon="10.663307">
        <ele>201.9</ele>
      </trkpt>
      <trkpt lat="43.092846" lon="10.663327">
        <ele>202.2</ele>
      </trkpt>
      <trkpt lat="43.092923" lon="10.663256">
        <ele>202.3</ele>
      </trkpt>
      <trkpt lat="43.092957" lon="10.663139">
        <ele>202.4</ele>
      </trkpt>
      <trkpt lat="43.092833" lon="10.662645">
        <ele>202.7</ele>
      </trkpt>
      <trkpt lat="43.092817" lon="10.662491">
        <ele>202.7</ele>
      </trkpt>
      <trkpt lat="43.092842" lon="10.662364">
        <ele>202.7</ele>
      </trkpt>
      <trkpt lat="43.092917" lon="10.662263">
        <ele>202.7</ele>
      </trkpt>
      <trkpt lat="43.093014" lon="10.662214">
        <ele>202.7</ele>
      </trkpt>
      <trkpt lat="43.093771" lon="10.661901">
        <ele>202.8</ele>
      </trkpt>
      <trkpt lat="43.093983" lon="10.661806">
        <ele>202.8</ele>
      </trkpt>
      <trkpt lat="43.094433" lon="10.661632">
        <ele>202.8</ele>
      </trkpt>
      <trkpt lat="43.094767" lon="10.661624">
        <ele>202.3</ele>
      </trkpt>
      <trkpt lat="43.094845" lon="10.661565">
        <ele>202.2</ele>
      </trkpt>
      <trkpt lat="43.094889" lon="10.661461">
        <ele>202.0</ele>
      </trkpt>
      <trkpt lat="43.094905" lon="10.661326">
        <ele>201.9</ele>
      </trkpt>
      <trkpt lat="43.094887" lon="10.661212">
        <ele>201.7</ele>
      </trkpt>
      <trkpt lat="43.094504" lon="10.660652">
        <ele>200.8</ele>
      </trkpt>
      <trkpt lat="43.094467" lon="10.660507">
        <ele>200.6</ele>
      </trkpt>
      <trkpt lat="43.094493" lon="10.660307">
        <ele>200.4</ele>
      </trkpt>
      <trkpt lat="43.094529" lon="10.660203">
        <ele>200.3</ele>
      </trkpt>
      <trkpt lat="43.094576" lon="10.660119">
        <ele>200.1</ele>
      </trkpt>
      <trkpt lat="43.094745" lon="10.660086">
        <ele>200.0</ele>
      </trkpt>
      <trkpt lat="43.094862" lon="10.660161">
        <ele>200.2</ele>
      </trkpt>
      <trkpt lat="43.095003" lon="10.660309">
        <ele>200.4</ele>
      </trkpt>
      <trkpt lat="43.095162" lon="10.660365">
        <ele>200.6</ele>
      </trkpt>
      <trkpt lat="43.095293" lon="10.660373">
        <ele>200.8</ele>
      </trkpt>
      <trkpt lat="43.095501" lon="10.660272">
        <ele>201.0</ele>
      </trkpt>
      <trkpt lat="43.095604" lon="10.66017">
        <ele>201.2</ele>
      </trkpt>
      <trkpt lat="43.09565" lon="10.660044">
        <ele>201.3</ele>
      </trkpt>
      <trkpt lat="43.095644" lon="10.659745">
        <ele>201.6</ele>
      </trkpt>
      <trkpt lat="43.095506" lon="10.659178">
        <ele>202.1</ele>
      </trkpt>
      <trkpt lat="43.095506" lon="10.659009">
        <ele>202.2</ele>
      </trkpt>
      <trkpt lat="43.095547" lon="10.658911">
        <ele>202.2</ele>
      </trkpt>
      <trkpt lat="43.095619" lon="10.65883">
        <ele>202.3</ele>
      </trkpt>
      <trkpt lat="43.095707" lon="10.658805">
        <ele>202.3</ele>
      </trkpt>
      <trkpt lat="43.095803" lon="10.658839">
        <ele>202.4</ele>
      </trkpt>
      <trkpt lat="43.096152" lon="10.659164">
        <ele>202.6</ele>
      </trkpt>
      <trkpt lat="43.096234" lon="10.659194">
        <ele>202.6</ele>
      </trkpt>
      <trkpt lat="43.096322" lon="10.659171">
        <ele>202.7</ele>
      </trkpt>
      <trkpt lat="43.096385" lon="10.659094">
        <ele>202.7</ele>
      </trkpt>
      <trkpt lat="43.096498" lon="10.65849">
        <ele>203.0</ele>
      </trkpt>
      <trkpt lat="43.096601" lon="10.658317">
        <ele>203.1</ele>
      </trkpt>
      <trkpt lat="43.09693" lon="10.658079">
        <ele>203.6</ele>
      </trkpt>
      <trkpt lat="43.097048" lon="10.658031">
        <ele>203.8</ele>
      </trkpt>
      <trkpt lat="43.097201" lon="10.658065">
        <ele>204.1</ele>
      </trkpt>
      <trkpt lat="43.09727" lon="10.658165">
        <ele>204.2</ele>
      </trkpt>
      <trkpt lat="43.097458" lon="10.658954">
        <ele>205.2</ele>
      </trkpt>
      <trkpt lat="43.097503" lon="10.659041">
        <ele>205.3</ele>
      </trkpt>
      <trkpt lat="43.097582" lon="10.659127">
        <ele>205.5</ele>
      </trkpt>
      <trkpt lat="43.097687" lon="10.659165">
        <ele>205.7</ele>
      </trkpt>
      <trkpt lat="43.097795" lon="10.659146">
        <ele>205.8</ele>
      </trkpt>
      <trkpt lat="43.098025" lon="10.659041">
        <ele>207.0</ele>
      </trkpt>
      <trkpt lat="43.098108" lon="10.658981">
        <ele>207.7</ele>
      </trkpt>
      <trkpt lat="43.098201" lon="10.658854">
        <ele>208.6</ele>
      </trkpt>
      <trkpt lat="43.098368" lon="10.658522">
        <ele>210.5</ele>
      </trkpt>
      <trkpt lat="43.098512" lon="10.658131">
        <ele>212.7</ele>
      </trkpt>
      <trkpt lat="43.098565" lon="10.65789">
        <ele>213.9</ele>
      </trkpt>
      <trkpt lat="43.098539" lon="10.657174">
        <ele>217.5</ele>
      </trkpt>
      <trkpt lat="43.098551" lon="10.657016">
        <ele>218.1</ele>
      </trkpt>
      <trkpt lat="43.098597" lon="10.656935">
        <ele>218.2</ele>
      </trkpt>
      <trkpt lat="43.098656" lon="10.656923">
        <ele>218.3</ele>
      </trkpt>
      <trkpt lat="43.09871" lon="10.65695">
        <ele>218.4</ele>
      </trkpt>
      <trkpt lat="43.098826" lon="10.657111">
        <ele>218.6</ele>
      </trkpt>
      <trkpt lat="43.099117" lon="10.657383">
        <ele>219.1</ele>
      </trkpt>
      <trkpt lat="43.099533" lon="10.65822">
        <ele>220.1</ele>
      </trkpt>
      <trkpt lat="43.099628" lon="10.658289">
        <ele>220.2</ele>
      </trkpt>
      <trkpt lat="43.099701" lon="10.658277">
        <ele>220.3</ele>
      </trkpt>
      <trkpt lat="43.099843" lon="10.658134">
        <ele>220.8</ele>
      </trkpt>
      <trkpt lat="43.099895" lon="10.658049">
        <ele>221.4</ele>
      </trkpt>
      <trkpt lat="43.100056" lon="10.657622">
        <ele>223.9</ele>
      </trkpt>
      <trkpt lat="43.100092" lon="10.657344">
        <ele>225.4</ele>
      </trkpt>
      <trkpt lat="43.100094" lon="10.656898">
        <ele>227.8</ele>
      </trkpt>
      <trkpt lat="43.100134" lon="10.656513">
        <ele>229.9</ele>
      </trkpt>
      <trkpt lat="43.100189" lon="10.656392">
        <ele>230.7</ele>
      </trkpt>
      <trkpt lat="43.100496" lon="10.656299">
        <ele>233.0</ele>
      </trkpt>
      <trkpt lat="43.100563" lon="10.656174">
        <ele>233.9</ele>
      </trkpt>
      <trkpt lat="43.100673" lon="10.655727">
        <ele>236.7</ele>
      </trkpt>
      <trkpt lat="43.100648" lon="10.655297">
        <ele>239.3</ele>
      </trkpt>
      <trkpt lat="43.100655" lon="10.655014">
        <ele>241.0</ele>
      </trkpt>
      <trkpt lat="43.100712" lon="10.654928">
        <ele>241.7</ele>
      </trkpt>
      <trkpt lat="43.100908" lon="10.654858">
        <ele>243.4</ele>
      </trkpt>
      <trkpt lat="43.100975" lon="10.654801">
        <ele>244.0</ele>
      </trkpt>
      <trkpt lat="43.101011" lon="10.654717">
        <ele>244.6</ele>
      </trkpt>
      <trkpt lat="43.101022" lon="10.654609">
        <ele>245.3</ele>
      </trkpt>
      <trkpt lat="43.100919" lon="10.654092">
        <ele>248.5</ele>
      </trkpt>
      <trkpt lat="43.100951" lon="10.653923">
        <ele>249.1</ele>
      </trkpt>
      <trkpt lat="43.101016" lon="10.653788">
        <ele>249.6</ele>
      </trkpt>
      <trkpt lat="43.101152" lon="10.653688">
        <ele>250.3</ele>
      </trkpt>
      <trkpt lat="43.1012" lon="10.653598">
        <ele>250.7</ele>
      </trkpt>
      <trkpt lat="43.101215" lon="10.653461">
        <ele>251.1</ele>
      </trkpt>
      <trkpt lat="43.10116" lon="10.653184">
        <ele>252.0</ele>
      </trkpt>
      <trkpt lat="43.101172" lon="10.653058">
        <ele>252.4</ele>
      </trkpt>
      <trkpt lat="43.101231" lon="10.652963">
        <ele>252.8</ele>
      </trkpt>
      <trkpt lat="43.101402" lon="10.652822">
        <ele>253.7</ele>
      </trkpt>
      <trkpt lat="43.101489" lon="10.652642">
        <ele>254.3</ele>
      </trkpt>
      <trkpt lat="43.101473" lon="10.652401">
        <ele>255.1</ele>
      </trkpt>
      <trkpt lat="43.101408" lon="10.652198">
        <ele>255.8</ele>
      </trkpt>
      <trkpt lat="43.101388" lon="10.652027">
        <ele>256.4</ele>
      </trkpt>
      <trkpt lat="43.101393" lon="10.651874">
        <ele>256.7</ele>
      </trkpt>
      <trkpt lat="43.101441" lon="10.651773">
        <ele>257.0</ele>
      </trkpt>
      <trkpt lat="43.101513" lon="10.651696">
        <ele>257.3</ele>
      </trkpt>
      <trkpt lat="43.101822" lon="10.651709">
        <ele>258.3</ele>
      </trkpt>
      <trkpt lat="43.101906" lon="10.65169">
        <ele>258.5</ele>
      </trkpt>
      <trkpt lat="43.101975" lon="10.65163">
        <ele>258.8</ele>
      </trkpt>
      <trkpt lat="43.102081" lon="10.651419">
        <ele>259.4</ele>
      </trkpt>
      <trkpt lat="43.102167" lon="10.651186">
        <ele>260.0</ele>
      </trkpt>
      <trkpt lat="43.102234" lon="10.65081">
        <ele>260.8</ele>
      </trkpt>
      <trkpt lat="43.102346" lon="10.650699">
        <ele>261.3</ele>
      </trkpt>
      <trkpt lat="43.102492" lon="10.650699">
        <ele>261.7</ele>
      </trkpt>
      <trkpt lat="43.102622" lon="10.650625">
        <ele>262.2</ele>
      </trkpt>
      <trkpt lat="43.102796" lon="10.650311">
        <ele>263.4</ele>
      </trkpt>
      <trkpt lat="43.102884" lon="10.650052">
        <ele>264.3</ele>
      </trkpt>
      <trkpt lat="43.102883" lon="10.649739">
        <ele>265.2</ele>
      </trkpt>
      <trkpt lat="43.102922" lon="10.649654">
        <ele>265.5</ele>
      </trkpt>
      <trkpt lat="43.102978" lon="10.649604">
        <ele>265.8</ele>
      </trkpt>
      <trkpt lat="43.103211" lon="10.649548">
        <ele>266.8</ele>
      </trkpt>
      <trkpt lat="43.103507" lon="10.649045">
        <ele>268.8</ele>
      </trkpt>
      <trkpt lat="43.103611" lon="10.648815">
        <ele>269.6</ele>
      </trkpt>
      <trkpt lat="43.103675" lon="10.648591">
        <ele>270.3</ele>
      </trkpt>
      <trkpt lat="43.103705" lon="10.648418">
        <ele>270.9</ele>
      </trkpt>
      <trkpt lat="43.103703" lon="10.648186">
        <ele>271.7</ele>
      </trkpt>
      <trkpt lat="43.103747" lon="10.648069">
        <ele>272.1</ele>
      </trkpt>
      <trkpt lat="43.1038" lon="10.648041">
        <ele>272.3</ele>
      </trkpt>
      <trkpt lat="43.104022" lon="10.648068">
        <ele>273.3</ele>
      </trkpt>
      <trkpt lat="43.104225" lon="10.64797">
        <ele>274.2</ele>
      </trkpt>
      <trkpt lat="43.104856" lon="10.647289">
        <ele>277.1</ele>
      </trkpt>
      <trkpt lat="43.105014" lon="10.647152">
        <ele>276.3</ele>
      </trkpt>
      <trkpt lat="43.105289" lon="10.647012">
        <ele>275.1</ele>
      </trkpt>
      <trkpt lat="43.105557" lon="10.646865">
        <ele>273.9</ele>
      </trkpt>
      <trkpt lat="43.105643" lon="10.646831">
        <ele>273.6</ele>
      </trkpt>
      <trkpt lat="43.105693" lon="10.646854">
        <ele>273.4</ele>
      </trkpt>
      <trkpt lat="43.105732" lon="10.646925">
        <ele>273.1</ele>
      </trkpt>
      <trkpt lat="43.105715" lon="10.647108">
        <ele>272.5</ele>
      </trkpt>
      <trkpt lat="43.105661" lon="10.647205">
        <ele>272.2</ele>
      </trkpt>
      <trkpt lat="43.104991" lon="10.648024">
        <ele>268.8</ele>
      </trkpt>
      <trkpt lat="43.104901" lon="10.648184">
        <ele>268.3</ele>
      </trkpt>
      <trkpt lat="43.104678" lon="10.649028">
        <ele>266.2</ele>
      </trkpt>
      <trkpt lat="43.104681" lon="10.649276">
        <ele>265.6</ele>
      </trkpt>
      <trkpt lat="43.104751" lon="10.649576">
        <ele>264.8</ele>
      </trkpt>
      <trkpt lat="43.104931" lon="10.65014">
        <ele>264.5</ele>
      </trkpt>
      <trkpt lat="43.104937" lon="10.650213">
        <ele>264.6</ele>
      </trkpt>
      <trkpt lat="43.104896" lon="10.650283">
        <ele>264.7</ele>
      </trkpt>
      <trkpt lat="43.104825" lon="10.650313">
        <ele>264.8</ele>
      </trkpt>
      <trkpt lat="43.104491" lon="10.65035">
        <ele>265.3</ele>
      </trkpt>
      <trkpt lat="43.104416" lon="10.650413">
        <ele>265.4</ele>
      </trkpt>
      <trkpt lat="43.104344" lon="10.650515">
        <ele>265.5</ele>
      </trkpt>
      <trkpt lat="43.104181" lon="10.650866">
        <ele>266.0</ele>
      </trkpt>
      <trkpt lat="43.104153" lon="10.651189">
        <ele>266.3</ele>
      </trkpt>
      <trkpt lat="43.104161" lon="10.651471">
        <ele>266.6</ele>
      </trkpt>
      <trkpt lat="43.104222" lon="10.652099">
        <ele>269.1</ele>
      </trkpt>
      <trkpt lat="43.10446" lon="10.653101">
        <ele>273.7</ele>
      </trkpt>
      <trkpt lat="43.104513" lon="10.653177">
        <ele>274.2</ele>
      </trkpt>
      <trkpt lat="43.104618" lon="10.65323">
        <ele>274.9</ele>
      </trkpt>
      <trkpt lat="43.104695" lon="10.653216">
        <ele>275.3</ele>
      </trkpt>
      <trkpt lat="43.10479" lon="10.653143">
        <ele>276.0</ele>
      </trkpt>
      <trkpt lat="43.104885" lon="10.652944">
        <ele>277.0</ele>
      </trkpt>
      <trkpt lat="43.104913" lon="10.652787">
        <ele>277.8</ele>
      </trkpt>
      <trkpt lat="43.104894" lon="10.652424">
        <ele>280.1</ele>
      </trkpt>
      <trkpt lat="43.104924" lon="10.652224">
        <ele>281.4</ele>
      </trkpt>
      <trkpt lat="43.105" lon="10.652065">
        <ele>282.7</ele>
      </trkpt>
      <trkpt lat="43.105303" lon="10.651926">
        <ele>285.5</ele>
      </trkpt>
      <trkpt lat="43.105531" lon="10.651717">
        <ele>287.9</ele>
      </trkpt>
      <trkpt lat="43.105871" lon="10.651578">
        <ele>291.0</ele>
      </trkpt>
      <trkpt lat="43.105981" lon="10.651457">
        <ele>292.3</ele>
      </trkpt>
      <trkpt lat="43.106136" lon="10.651207">
        <ele>293.7</ele>
      </trkpt>
      <trkpt lat="43.106348" lon="10.650363">
        <ele>294.9</ele>
      </trkpt>
      <trkpt lat="43.106407" lon="10.650315">
        <ele>295.0</ele>
      </trkpt>
      <trkpt lat="43.106464" lon="10.65031">
        <ele>295.1</ele>
      </trkpt>
      <trkpt lat="43.10658" lon="10.650416">
        <ele>295.4</ele>
      </trkpt>
      <trkpt lat="43.106713" lon="10.650981">
        <ele>296.2</ele>
      </trkpt>
      <trkpt lat="43.106809" lon="10.651105">
        <ele>296.5</ele>
      </trkpt>
      <trkpt lat="43.10692" lon="10.65116">
        <ele>296.7</ele>
      </trkpt>
      <trkpt lat="43.10735" lon="10.651261">
        <ele>297.5</ele>
      </trkpt>
      <trkpt lat="43.107975" lon="10.65163">
        <ele>298.8</ele>
      </trkpt>
      <trkpt lat="43.108083" lon="10.651646">
        <ele>299.0</ele>
      </trkpt>
      <trkpt lat="43.108165" lon="10.651644">
        <ele>299.1</ele>
      </trkpt>
      <trkpt lat="43.108433" lon="10.651448">
        <ele>299.7</ele>
      </trkpt>
      <trkpt lat="43.108517" lon="10.651445">
        <ele>299.8</ele>
      </trkpt>
      <trkpt lat="43.108899" lon="10.651577">
        <ele>300.7</ele>
      </trkpt>
      <trkpt lat="43.109015" lon="10.65159">
        <ele>300.9</ele>
      </trkpt>
      <trkpt lat="43.109069" lon="10.651588">
        <ele>301.1</ele>
      </trkpt>
      <trkpt lat="43.109229" lon="10.65149">
        <ele>301.5</ele>
      </trkpt>
      <trkpt lat="43.109363" lon="10.651246">
        <ele>302.0</ele>
      </trkpt>
      <trkpt lat="43.109528" lon="10.650596">
        <ele>303.2</ele>
      </trkpt>
      <trkpt lat="43.10956" lon="10.650543">
        <ele>303.3</ele>
      </trkpt>
      <trkpt lat="43.1096" lon="10.650537">
        <ele>303.4</ele>
      </trkpt>
      <trkpt lat="43.109674" lon="10.650612">
        <ele>303.6</ele>
      </trkpt>
      <trkpt lat="43.109732" lon="10.650919">
        <ele>304.1</ele>
      </trkpt>
      <trkpt lat="43.109795" lon="10.651044">
        <ele>304.4</ele>
      </trkpt>
      <trkpt lat="43.109841" lon="10.651082">
        <ele>304.1</ele>
      </trkpt>
      <trkpt lat="43.110172" lon="10.651177">
        <ele>302.0</ele>
      </trkpt>
      <trkpt lat="43.110279" lon="10.65126">
        <ele>301.2</ele>
      </trkpt>
      <trkpt lat="43.110305" lon="10.651362">
        <ele>300.7</ele>
      </trkpt>
      <trkpt lat="43.11029" lon="10.651433">
        <ele>300.4</ele>
      </trkpt>
      <trkpt lat="43.110169" lon="10.651649">
        <ele>299.1</ele>
      </trkpt>
      <trkpt lat="43.110144" lon="10.651749">
        <ele>298.6</ele>
      </trkpt>
      <trkpt lat="43.110161" lon="10.651849">
        <ele>298.1</ele>
      </trkpt>
      <trkpt lat="43.110327" lon="10.652228">
        <ele>296.1</ele>
      </trkpt>
      <trkpt lat="43.110362" lon="10.65237">
        <ele>295.4</ele>
      </trkpt>
      <trkpt lat="43.110429" lon="10.652818">
        <ele>293.2</ele>
      </trkpt>
      <trkpt lat="43.110413" lon="10.652899">
        <ele>292.9</ele>
      </trkpt>
      <trkpt lat="43.110334" lon="10.653001">
        <ele>292.6</ele>
      </trkpt>
      <trkpt lat="43.109873" lon="10.652997">
        <ele>291.4</ele>
      </trkpt>
      <trkpt lat="43.109599" lon="10.653038">
        <ele>290.7</ele>
      </trkpt>
      <trkpt lat="43.109374" lon="10.653276">
        <ele>289.9</ele>
      </trkpt>
      <trkpt lat="43.109082" lon="10.653437">
        <ele>289.1</ele>
      </trkpt>
      <trkpt lat="43.108992" lon="10.653518">
        <ele>288.8</ele>
      </trkpt>
      <trkpt lat="43.108853" lon="10.653823">
        <ele>288.1</ele>
      </trkpt>
      <trkpt lat="43.108765" lon="10.653968">
        <ele>287.7</ele>
      </trkpt>
      <trkpt lat="43.108695" lon="10.654032">
        <ele>287.5</ele>
      </trkpt>
      <trkpt lat="43.108622" lon="10.654061">
        <ele>287.3</ele>
      </trkpt>
      <trkpt lat="43.108493" lon="10.654045">
        <ele>286.9</ele>
      </trkpt>
      <trkpt lat="43.108315" lon="10.653978">
        <ele>286.4</ele>
      </trkpt>
      <trkpt lat="43.108243" lon="10.654034">
        <ele>286.2</ele>
      </trkpt>
      <trkpt lat="43.1082" lon="10.654106">
        <ele>286.0</ele>
      </trkpt>
      <trkpt lat="43.108074" lon="10.654608">
        <ele>284.9</ele>
      </trkpt>
      <trkpt lat="43.107961" lon="10.654802">
        <ele>284.4</ele>
      </trkpt>
      <trkpt lat="43.10789" lon="10.654987">
        <ele>284.0</ele>
      </trkpt>
      <trkpt lat="43.107847" lon="10.655211">
        <ele>283.5</ele>
      </trkpt>
      <trkpt lat="43.107846" lon="10.655373">
        <ele>283.2</ele>
      </trkpt>
      <trkpt lat="43.107917" lon="10.655805">
        <ele>284.0</ele>
      </trkpt>
      <trkpt lat="43.108005" lon="10.655974">
        <ele>284.4</ele>
      </trkpt>
      <trkpt lat="43.108188" lon="10.656144">
        <ele>284.9</ele>
      </trkpt>
      <trkpt lat="43.108535" lon="10.656359">
        <ele>285.8</ele>
      </trkpt>
      <trkpt lat="43.108624" lon="10.656476">
        <ele>286.1</ele>
      </trkpt>
      <trkpt lat="43.108832" lon="10.657237">
        <ele>287.6</ele>
      </trkpt>
      <trkpt lat="43.108985" lon="10.657588">
        <ele>289.7</ele>
      </trkpt>
      <trkpt lat="43.109277" lon="10.657878">
        <ele>292.2</ele>
      </trkpt>
      <trkpt lat="43.109399" lon="10.65795">
        <ele>293.2</ele>
      </trkpt>
      <trkpt lat="43.109501" lon="10.657959">
        <ele>293.9</ele>
      </trkpt>
      <trkpt lat="43.110104" lon="10.657748">
        <ele>298.2</ele>
      </trkpt>
      <trkpt lat="43.110204" lon="10.657664">
        <ele>299.0</ele>
      </trkpt>
      <trkpt lat="43.110343" lon="10.65729">
        <ele>300.9</ele>
      </trkpt>
      <trkpt lat="43.110458" lon="10.656696">
        <ele>303.1</ele>
      </trkpt>
      <trkpt lat="43.110517" lon="10.656514">
        <ele>303.8</ele>
      </trkpt>
      <trkpt lat="43.110621" lon="10.656375">
        <ele>304.5</ele>
      </trkpt>
      <trkpt lat="43.110911" lon="10.656122">
        <ele>306.2</ele>
      </trkpt>
      <trkpt lat="43.111599" lon="10.65562">
        <ele>309.1</ele>
      </trkpt>
      <trkpt lat="43.111687" lon="10.655516">
        <ele>309.1</ele>
      </trkpt>
      <trkpt lat="43.111785" lon="10.655301">
        <ele>309.1</ele>
      </trkpt>
      <trkpt lat="43.111925" lon="10.654755">
        <ele>309.1</ele>
      </trkpt>
      <trkpt lat="43.112031" lon="10.654506">
        <ele>309.1</ele>
      </trkpt>
      <trkpt lat="43.112098" lon="10.654476">
        <ele>309.1</ele>
      </trkpt>
      <trkpt lat="43.11217" lon="10.654496">
        <ele>309.1</ele>
      </trkpt>
      <trkpt lat="43.112262" lon="10.654592">
        <ele>309.1</ele>
      </trkpt>
      <trkpt lat="43.112528" lon="10.655053">
        <ele>309.2</ele>
      </trkpt>
      <trkpt lat="43.112588" lon="10.655095">
        <ele>309.5</ele>
      </trkpt>
      <trkpt lat="43.112663" lon="10.655086">
        <ele>309.8</ele>
      </trkpt>
      <trkpt lat="43.112719" lon="10.655027">
        <ele>310.0</ele>
      </trkpt>
      <trkpt lat="43.112767" lon="10.654832">
        <ele>310.6</ele>
      </trkpt>
      <trkpt lat="43.112749" lon="10.654539">
        <ele>311.4</ele>
      </trkpt>
      <trkpt lat="43.112676" lon="10.65418">
        <ele>312.5</ele>
      </trkpt>
      <trkpt lat="43.112654" lon="10.65396">
        <ele>313.1</ele>
      </trkpt>
      <trkpt lat="43.112676" lon="10.65384">
        <ele>313.4</ele>
      </trkpt>
      <trkpt lat="43.112762" lon="10.653821">
        <ele>313.7</ele>
      </trkpt>
      <trkpt lat="43.113022" lon="10.653879">
        <ele>314.7</ele>
      </trkpt>
      <trkpt lat="43.113438" lon="10.653427">
        <ele>315.4</ele>
      </trkpt>
      <trkpt lat="43.11364" lon="10.653231">
        <ele>314.7</ele>
      </trkpt>
      <trkpt lat="43.113735" lon="10.653182">
        <ele>314.4</ele>
      </trkpt>
      <trkpt lat="43.113798" lon="10.653216">
        <ele>314.3</ele>
      </trkpt>
      <trkpt lat="43.113837" lon="10.653421">
        <ele>313.9</ele>
      </trkpt>
      <trkpt lat="43.113745" lon="10.654067">
        <ele>312.6</ele>
      </trkpt>
      <trkpt lat="43.113746" lon="10.654307">
        <ele>312.2</ele>
      </trkpt>
      <trkpt lat="43.113802" lon="10.65455">
        <ele>311.7</ele>
      </trkpt>
      <trkpt lat="43.11389" lon="10.654712">
        <ele>311.3</ele>
      </trkpt>
      <trkpt lat="43.11413" lon="10.654913">
        <ele>312.2</ele>
      </trkpt>
      <trkpt lat="43.114333" lon="10.654994">
        <ele>312.9</ele>
      </trkpt>
      <trkpt lat="43.114561" lon="10.654918">
        <ele>313.8</ele>
      </trkpt>
      <trkpt lat="43.114696" lon="10.65476">
        <ele>314.4</ele>
      </trkpt>
      <trkpt lat="43.114791" lon="10.654547">
        <ele>315.1</ele>
      </trkpt>
      <trkpt lat="43.114873" lon="10.654286">
        <ele>315.8</ele>
      </trkpt>
      <trkpt lat="43.114946" lon="10.653912">
        <ele>316.9</ele>
      </trkpt>
      <trkpt lat="43.11517" lon="10.653647">
        <ele>317.9</ele>
      </trkpt>
      <trkpt lat="43.115189" lon="10.653552">
        <ele>318.0</ele>
      </trkpt>
      <trkpt lat="43.11511" lon="10.653186">
        <ele>318.7</ele>
      </trkpt>
      <trkpt lat="43.114934" lon="10.652742">
        <ele>319.5</ele>
      </trkpt>
      <trkpt lat="43.114917" lon="10.652593">
        <ele>319.7</ele>
      </trkpt>
      <trkpt lat="43.11494" lon="10.652543">
        <ele>319.8</ele>
      </trkpt>
      <trkpt lat="43.115039" lon="10.652522">
        <ele>320.0</ele>
      </trkpt>
      <trkpt lat="43.115118" lon="10.652555">
        <ele>320.2</ele>
      </trkpt>
      <trkpt lat="43.115597" lon="10.652899">
        <ele>321.4</ele>
      </trkpt>
      <trkpt lat="43.11576" lon="10.652931">
        <ele>321.8</ele>
      </trkpt>
      <trkpt lat="43.115852" lon="10.652897">
        <ele>322.2</ele>
      </trkpt>
      <trkpt lat="43.115923" lon="10.652819">
        <ele>322.5</ele>
      </trkpt>
      <trkpt lat="43.116075" lon="10.652428">
        <ele>323.7</ele>
      </trkpt>
      <trkpt lat="43.116287" lon="10.65133">
        <ele>326.9</ele>
      </trkpt>
      <trkpt lat="43.116335" lon="10.650456">
        <ele>329.1</ele>
      </trkpt>
      <trkpt lat="43.116383" lon="10.650067">
        <ele>330.1</ele>
      </trkpt>
      <trkpt lat="43.11644" lon="10.649969">
        <ele>330.4</ele>
      </trkpt>
      <trkpt lat="43.116611" lon="10.649862">
        <ele>330.9</ele>
      </trkpt>
      <trkpt lat="43.116703" lon="10.649709">
        <ele>331.4</ele>
      </trkpt>
      <trkpt lat="43.116925" lon="10.6487">
        <ele>333.8</ele>
      </trkpt>
      <trkpt lat="43.117003" lon="10.648526">
        <ele>334.2</ele>
      </trkpt>
      <trkpt lat="43.117063" lon="10.648471">
        <ele>334.3</ele>
      </trkpt>
      <trkpt lat="43.117135" lon="10.648467">
        <ele>334.3</ele>
      </trkpt>
      <trkpt lat="43.117624" lon="10.648672">
        <ele>334.4</ele>
      </trkpt>
      <trkpt lat="43.117754" lon="10.648696">
        <ele>334.5</ele>
      </trkpt>
      <trkpt lat="43.118027" lon="10.648702">
        <ele>334.6</ele>
      </trkpt>
      <trkpt lat="43.118195" lon="10.648638">
        <ele>334.6</ele>
      </trkpt>
      <trkpt lat="43.118395" lon="10.648397">
        <ele>334.7</ele>
      </trkpt>
      <trkpt lat="43.118484" lon="10.648226">
        <ele>334.8</ele>
      </trkpt>
      <trkpt lat="43.118535" lon="10.648047">
        <ele>334.8</ele>
      </trkpt>
      <trkpt lat="43.118626" lon="10.647479">
        <ele>334.0</ele>
      </trkpt>
      <trkpt lat="43.118688" lon="10.647364">
        <ele>333.8</ele>
      </trkpt>
      <trkpt lat="43.118863" lon="10.647275">
        <ele>333.4</ele>
      </trkpt>
      <trkpt lat="43.119036" lon="10.647282">
        <ele>333.1</ele>
      </trkpt>
      <trkpt lat="43.119087" lon="10.64736">
        <ele>332.9</ele>
      </trkpt>
      <trkpt lat="43.119123" lon="10.647507">
        <ele>332.7</ele>
      </trkpt>
      <trkpt lat="43.119254" lon="10.647654">
        <ele>332.4</ele>
      </trkpt>
      <trkpt lat="43.119422" lon="10.647625">
        <ele>332.1</ele>
      </trkpt>
      <trkpt lat="43.119546" lon="10.647621">
        <ele>331.8</ele>
      </trkpt>
      <trkpt lat="43.119621" lon="10.647695">
        <ele>331.7</ele>
      </trkpt>
      <trkpt lat="43.119635" lon="10.647807">
        <ele>331.5</ele>
      </trkpt>
      <trkpt lat="43.119595" lon="10.647907">
        <ele>331.3</ele>
      </trkpt>
      <trkpt lat="43.119474" lon="10.648099">
        <ele>330.8</ele>
      </trkpt>
      <trkpt lat="43.119398" lon="10.648293">
        <ele>330.3</ele>
      </trkpt>
      <trkpt lat="43.119327" lon="10.648672">
        <ele>329.5</ele>
      </trkpt>
      <trkpt lat="43.119317" lon="10.649176">
        <ele>328.4</ele>
      </trkpt>
      <trkpt lat="43.119381" lon="10.649308">
        <ele>328.0</ele>
      </trkpt>
      <trkpt lat="43.119592" lon="10.649604">
        <ele>327.1</ele>
      </trkpt>
      <trkpt lat="43.119672" lon="10.650067">
        <ele>326.1</ele>
      </trkpt>
      <trkpt lat="43.119827" lon="10.650584">
        <ele>327.7</ele>
      </trkpt>
      <trkpt lat="43.120242" lon="10.650975">
        <ele>329.8</ele>
      </trkpt>
      <trkpt lat="43.120509" lon="10.651303">
        <ele>331.3</ele>
      </trkpt>
      <trkpt lat="43.120721" lon="10.651417">
        <ele>332.3</ele>
      </trkpt>
      <trkpt lat="43.12093" lon="10.651413">
        <ele>333.1</ele>
      </trkpt>
      <trkpt lat="43.121248" lon="10.651236">
        <ele>334.8</ele>
      </trkpt>
      <trkpt lat="43.121767" lon="10.650829">
        <ele>337.7</ele>
      </trkpt>
      <trkpt lat="43.122275" lon="10.650709">
        <ele>340.2</ele>
      </trkpt>
      <trkpt lat="43.122446" lon="10.650613">
        <ele>341.1</ele>
      </trkpt>
      <trkpt lat="43.122542" lon="10.650487">
        <ele>341.8</ele>
      </trkpt>
      <trkpt lat="43.122609" lon="10.650187">
        <ele>342.6</ele>
      </trkpt>
      <trkpt lat="43.122668" lon="10.650083">
        <ele>342.7</ele>
      </trkpt>
      <trkpt lat="43.122724" lon="10.650024">
        <ele>342.8</ele>
      </trkpt>
      <trkpt lat="43.12294" lon="10.649934">
        <ele>343.1</ele>
      </trkpt>
      <trkpt lat="43.122999" lon="10.649761">
        <ele>343.3</ele>
      </trkpt>
      <trkpt lat="43.123" lon="10.649665">
        <ele>343.4</ele>
      </trkpt>
      <trkpt lat="43.122945" lon="10.649415">
        <ele>343.6</ele>
      </trkpt>
      <trkpt lat="43.122921" lon="10.649175">
        <ele>343.8</ele>
      </trkpt>
      <trkpt lat="43.122789" lon="10.648651">
        <ele>344.4</ele>
      </trkpt>
      <trkpt lat="43.122503" lon="10.648048">
        <ele>344.8</ele>
      </trkpt>
      <trkpt lat="43.122152" lon="10.647633">
        <ele>344.7</ele>
      </trkpt>
      <trkpt lat="43.122054" lon="10.647555">
        <ele>344.6</ele>
      </trkpt>
      <trkpt lat="43.121865" lon="10.647194">
        <ele>344.6</ele>
      </trkpt>
      <trkpt lat="43.121783" lon="10.647102">
        <ele>344.5</ele>
      </trkpt>
      <trkpt lat="43.121556" lon="10.646966">
        <ele>344.5</ele>
      </trkpt>
      <trkpt lat="43.12134" lon="10.646891">
        <ele>344.4</ele>
      </trkpt>
      <trkpt lat="43.121292" lon="10.646821">
        <ele>344.4</ele>
      </trkpt>
      <trkpt lat="43.12118" lon="10.646471">
        <ele>344.4</ele>
      </trkpt>
      <trkpt lat="43.121224" lon="10.646116">
        <ele>344.5</ele>
      </trkpt>
      <trkpt lat="43.121217" lon="10.64601">
        <ele>344.5</ele>
      </trkpt>
      <trkpt lat="43.121037" lon="10.645479">
        <ele>344.6</ele>
      </trkpt>
      <trkpt lat="43.121017" lon="10.64539">
        <ele>344.6</ele>
      </trkpt>
      <trkpt lat="43.121026" lon="10.645307">
        <ele>344.6</ele>
      </trkpt>
      <trkpt lat="43.121056" lon="10.645247">
        <ele>344.6</ele>
      </trkpt>
      <trkpt lat="43.121133" lon="10.645229">
        <ele>344.6</ele>
      </trkpt>
      <trkpt lat="43.121476" lon="10.645338">
        <ele>344.7</ele>
      </trkpt>
      <trkpt lat="43.121631" lon="10.645274">
        <ele>344.7</ele>
      </trkpt>
      <trkpt lat="43.121747" lon="10.64511">
        <ele>344.6</ele>
      </trkpt>
      <trkpt lat="43.1218" lon="10.64496">
        <ele>344.5</ele>
      </trkpt>
      <trkpt lat="43.121828" lon="10.644791">
        <ele>344.3</ele>
      </trkpt>
      <trkpt lat="43.121825" lon="10.644372">
        <ele>344.1</ele>
      </trkpt>
      <trkpt lat="43.121751" lon="10.6438">
        <ele>343.7</ele>
      </trkpt>
      <trkpt lat="43.121771" lon="10.643696">
        <ele>343.6</ele>
      </trkpt>
      <trkpt lat="43.121821" lon="10.643607">
        <ele>343.5</ele>
      </trkpt>
      <trkpt lat="43.121993" lon="10.643461">
        <ele>343.3</ele>
      </trkpt>
      <trkpt lat="43.122167" lon="10.643392">
        <ele>343.2</ele>
      </trkpt>
      <trkpt lat="43.122572" lon="10.64346">
        <ele>343.8</ele>
      </trkpt>
      <trkpt lat="43.122717" lon="10.643394">
        <ele>344.2</ele>
      </trkpt>
      <trkpt lat="43.122817" lon="10.643255">
        <ele>344.6</ele>
      </trkpt>
      <trkpt lat="43.123048" lon="10.642815">
        <ele>345.7</ele>
      </trkpt>
      <trkpt lat="43.123112" lon="10.642573">
        <ele>346.3</ele>
      </trkpt>
      <trkpt lat="43.123118" lon="10.64245">
        <ele>346.5</ele>
      </trkpt>
      <trkpt lat="43.123091" lon="10.642288">
        <ele>346.8</ele>
      </trkpt>
      <trkpt lat="43.123017" lon="10.642191">
        <ele>347.1</ele>
      </trkpt>
      <trkpt lat="43.122706" lon="10.641987">
        <ele>348.1</ele>
      </trkpt>
      <trkpt lat="43.12261" lon="10.641901">
        <ele>348.2</ele>
      </trkpt>
      <trkpt lat="43.122538" lon="10.641773">
        <ele>348.4</ele>
      </trkpt>
      <trkpt lat="43.122471" lon="10.641621">
        <ele>348.6</ele>
      </trkpt>
      <trkpt lat="43.122439" lon="10.641472">
        <ele>348.8</ele>
      </trkpt>
      <trkpt lat="43.122394" lon="10.64102">
        <ele>349.2</ele>
      </trkpt>
      <trkpt lat="43.122303" lon="10.640689">
        <ele>349.6</ele>
      </trkpt>
      <trkpt lat="43.122323" lon="10.640544">
        <ele>349.7</ele>
      </trkpt>
      <trkpt lat="43.122387" lon="10.640504">
        <ele>349.8</ele>
      </trkpt>
      <trkpt lat="43.122458" lon="10.640503">
        <ele>349.9</ele>
      </trkpt>
      <trkpt lat="43.122697" lon="10.640652">
        <ele>350.3</ele>
      </trkpt>
      <trkpt lat="43.122934" lon="10.640901">
        <ele>350.2</ele>
      </trkpt>
      <trkpt lat="43.123092" lon="10.640963">
        <ele>349.6</ele>
      </trkpt>
      <trkpt lat="43.12316" lon="10.640923">
        <ele>349.3</ele>
      </trkpt>
      <trkpt lat="43.123213" lon="10.640807">
        <ele>348.9</ele>
      </trkpt>
      <trkpt lat="43.123195" lon="10.640626">
        <ele>348.3</ele>
      </trkpt>
      <trkpt lat="43.123155" lon="10.640515">
        <ele>347.9</ele>
      </trkpt>
      <trkpt lat="43.123148" lon="10.640363">
        <ele>347.5</ele>
      </trkpt>
      <trkpt lat="43.123175" lon="10.640292">
        <ele>347.2</ele>
      </trkpt>
      <trkpt lat="43.12325" lon="10.64024">
        <ele>346.9</ele>
      </trkpt>
      <trkpt lat="43.123664" lon="10.640391">
        <ele>345.1</ele>
      </trkpt>
      <trkpt lat="43.12372" lon="10.640432">
        <ele>344.9</ele>
      </trkpt>
      <trkpt lat="43.12395" lon="10.640604">
        <ele>343.8</ele>
      </trkpt>
      <trkpt lat="43.124125" lon="10.640594">
        <ele>343.2</ele>
      </trkpt>
      <trkpt lat="43.124268" lon="10.640533">
        <ele>343.3</ele>
      </trkpt>
      <trkpt lat="43.124372" lon="10.640437">
        <ele>343.3</ele>
      </trkpt>
      <trkpt lat="43.124657" lon="10.63994">
        <ele>343.3</ele>
      </trkpt>
      <trkpt lat="43.124775" lon="10.639779">
        <ele>343.4</ele>
      </trkpt>
      <trkpt lat="43.125304" lon="10.639481">
        <ele>343.5</ele>
      </trkpt>
      <trkpt lat="43.125826" lon="10.639053">
        <ele>340.8</ele>
      </trkpt>
      <trkpt lat="43.125902" lon="10.639022">
        <ele>340.2</ele>
      </trkpt>
      <trkpt lat="43.125967" lon="10.639045">
        <ele>339.6</ele>
      </trkpt>
      <trkpt lat="43.126011" lon="10.639121">
        <ele>339.0</ele>
      </trkpt>
      <trkpt lat="43.12607" lon="10.639426">
        <ele>337.1</ele>
      </trkpt>
      <trkpt lat="43.126334" lon="10.639845">
        <ele>333.7</ele>
      </trkpt>
      <trkpt lat="43.12644" lon="10.640105">
        <ele>331.9</ele>
      </trkpt>
      <trkpt lat="43.126469" lon="10.640372">
        <ele>330.2</ele>
      </trkpt>
      <trkpt lat="43.126385" lon="10.640762">
        <ele>327.9</ele>
      </trkpt>
      <trkpt lat="43.126123" lon="10.641547">
        <ele>324.1</ele>
      </trkpt>
      <trkpt lat="43.126095" lon="10.64168">
        <ele>323.4</ele>
      </trkpt>
      <trkpt lat="43.126081" lon="10.641928">
        <ele>322.3</ele>
      </trkpt>
      <trkpt lat="43.126147" lon="10.642198">
        <ele>321.0</ele>
      </trkpt>
      <trkpt lat="43.126257" lon="10.642399">
        <ele>319.9</ele>
      </trkpt>
      <trkpt lat="43.126339" lon="10.642487">
        <ele>319.3</ele>
      </trkpt>
      <trkpt lat="43.126569" lon="10.642592">
        <ele>317.8</ele>
      </trkpt>
      <trkpt lat="43.126661" lon="10.642699">
        <ele>317.5</ele>
      </trkpt>
      <trkpt lat="43.126828" lon="10.643004">
        <ele>318.1</ele>
      </trkpt>
      <trkpt lat="43.126953" lon="10.64313">
        <ele>318.4</ele>
      </trkpt>
      <trkpt lat="43.127718" lon="10.643532">
        <ele>320.1</ele>
      </trkpt>
      <trkpt lat="43.128012" lon="10.643755">
        <ele>320.8</ele>
      </trkpt>
      <trkpt lat="43.128617" lon="10.644242">
        <ele>322.1</ele>
      </trkpt>
      <trkpt lat="43.128646" lon="10.644265">
        <ele>322.2</ele>
      </trkpt>
      <trkpt lat="43.12871" lon="10.644251">
        <ele>322.3</ele>
      </trkpt>
      <trkpt lat="43.128744" lon="10.644228">
        <ele>322.3</ele>
      </trkpt>
      <trkpt lat="43.128828" lon="10.64411">
        <ele>322.5</ele>
      </trkpt>
      <trkpt lat="43.128843" lon="10.644055">
        <ele>322.6</ele>
      </trkpt>
      <trkpt lat="43.12887" lon="10.64393">
        <ele>322.8</ele>
      </trkpt>
      <trkpt lat="43.128938" lon="10.643678">
        <ele>323.1</ele>
      </trkpt>
      <trkpt lat="43.129086" lon="10.643542">
        <ele>323.4</ele>
      </trkpt>
      <trkpt lat="43.129182" lon="10.643531">
        <ele>323.6</ele>
      </trkpt>
      <trkpt lat="43.129523" lon="10.643652">
        <ele>324.2</ele>
      </trkpt>
      <trkpt lat="43.13005" lon="10.643898">
        <ele>320.6</ele>
      </trkpt>
      <trkpt lat="43.130318" lon="10.644111">
        <ele>318.5</ele>
      </trkpt>
      <trkpt lat="43.130765" lon="10.644649">
        <ele>314.3</ele>
      </trkpt>
      <trkpt lat="43.130997" lon="10.645033">
        <ele>311.8</ele>
      </trkpt>
      <trkpt lat="43.131209" lon="10.64531">
        <ele>313.2</ele>
      </trkpt>
      <trkpt lat="43.131574" lon="10.645521">
        <ele>315.2</ele>
      </trkpt>
      <trkpt lat="43.131733" lon="10.645534">
        <ele>316.0</ele>
      </trkpt>
      <trkpt lat="43.131951" lon="10.645412">
        <ele>317.2</ele>
      </trkpt>
      <trkpt lat="43.132231" lon="10.64502">
        <ele>319.2</ele>
      </trkpt>
      <trkpt lat="43.132603" lon="10.644341">
        <ele>322.1</ele>
      </trkpt>
      <trkpt lat="43.132764" lon="10.643946">
        <ele>323.6</ele>
      </trkpt>
      <trkpt lat="43.132944" lon="10.643388">
        <ele>325.6</ele>
      </trkpt>
      <trkpt lat="43.132995" lon="10.643101">
        <ele>326.5</ele>
      </trkpt>
      <trkpt lat="43.132995" lon="10.642859">
        <ele>327.3</ele>
      </trkpt>
      <trkpt lat="43.132965" lon="10.642621">
        <ele>328.1</ele>
      </trkpt>
      <trkpt lat="43.132955" lon="10.642504">
        <ele>328.5</ele>
      </trkpt>
      <trkpt lat="43.132985" lon="10.64233">
        <ele>328.8</ele>
      </trkpt>
      <trkpt lat="43.133069" lon="10.642172">
        <ele>328.7</ele>
      </trkpt>
      <trkpt lat="43.133228" lon="10.642073">
        <ele>328.6</ele>
      </trkpt>
      <trkpt lat="43.133347" lon="10.642085">
        <ele>328.5</ele>
      </trkpt>
      <trkpt lat="43.133457" lon="10.642144">
        <ele>328.4</ele>
      </trkpt>
      <trkpt lat="43.133832" lon="10.64254">
        <ele>328.2</ele>
      </trkpt>
      <trkpt lat="43.133916" lon="10.642574">
        <ele>328.1</ele>
      </trkpt>
      <trkpt lat="43.134071" lon="10.642562">
        <ele>328.0</ele>
      </trkpt>
      <trkpt lat="43.134121" lon="10.642535">
        <ele>328.0</ele>
      </trkpt>
      <trkpt lat="43.134293" lon="10.642459">
        <ele>327.9</ele>
      </trkpt>
      <trkpt lat="43.134448" lon="10.642315">
        <ele>327.8</ele>
      </trkpt>
      <trkpt lat="43.134614" lon="10.642072">
        <ele>326.8</ele>
      </trkpt>
      <trkpt lat="43.134677" lon="10.642039">
        <ele>326.5</ele>
      </trkpt>
      <trkpt lat="43.134775" lon="10.642054">
        <ele>326.1</ele>
      </trkpt>
      <trkpt lat="43.134851" lon="10.642156">
        <ele>325.6</ele>
      </trkpt>
      <trkpt lat="43.135287" lon="10.642948">
        <ele>322.2</ele>
      </trkpt>
      <trkpt lat="43.135542" lon="10.643622">
        <ele>319.7</ele>
      </trkpt>
      <trkpt lat="43.135667" lon="10.644195">
        <ele>319.9</ele>
      </trkpt>
      <trkpt lat="43.135749" lon="10.644412">
        <ele>320.2</ele>
      </trkpt>
      <trkpt lat="43.135831" lon="10.644449">
        <ele>320.3</ele>
      </trkpt>
      <trkpt lat="43.135954" lon="10.644415">
        <ele>320.5</ele>
      </trkpt>
      <trkpt lat="43.136305" lon="10.643797">
        <ele>321.2</ele>
      </trkpt>
      <trkpt lat="43.136419" lon="10.643658">
        <ele>321.4</ele>
      </trkpt>
      <trkpt lat="43.136508" lon="10.643593">
        <ele>321.6</ele>
      </trkpt>
      <trkpt lat="43.13712" lon="10.643304">
        <ele>321.4</ele>
      </trkpt>
      <trkpt lat="43.137594" lon="10.64296">
        <ele>321.0</ele>
      </trkpt>
      <trkpt lat="43.137696" lon="10.642896">
        <ele>320.9</ele>
      </trkpt>
      <trkpt lat="43.137877" lon="10.642788">
        <ele>320.7</ele>
      </trkpt>
      <trkpt lat="43.138101" lon="10.642741">
        <ele>320.5</ele>
      </trkpt>
      <trkpt lat="43.138385" lon="10.642887">
        <ele>320.2</ele>
      </trkpt>
      <trkpt lat="43.138559" lon="10.642934">
        <ele>319.4</ele>
      </trkpt>
      <trkpt lat="43.138918" lon="10.642821">
        <ele>317.9</ele>
      </trkpt>
      <trkpt lat="43.139395" lon="10.642837">
        <ele>315.8</ele>
      </trkpt>
      <trkpt lat="43.140148" lon="10.642647">
        <ele>312.6</ele>
      </trkpt>
      <trkpt lat="43.140348" lon="10.642659">
        <ele>312.0</ele>
      </trkpt>
      <trkpt lat="43.140355" lon="10.642708">
        <ele>311.9</ele>
      </trkpt>
      <trkpt lat="43.140407" lon="10.642763">
        <ele>311.6</ele>
      </trkpt>
      <trkpt lat="43.14122" lon="10.642971">
        <ele>309.1</ele>
      </trkpt>
      <trkpt lat="43.142141" lon="10.643323">
        <ele>307.9</ele>
      </trkpt>
      <trkpt lat="43.142494" lon="10.643523">
        <ele>309.0</ele>
      </trkpt>
      <trkpt lat="43.142963" lon="10.643779">
        <ele>310.5</ele>
      </trkpt>
      <trkpt lat="43.1435" lon="10.644023">
        <ele>312.1</ele>
      </trkpt>
      <trkpt lat="43.143851" lon="10.644429">
        <ele>316.0</ele>
      </trkpt>
      <trkpt lat="43.143985" lon="10.644472">
        <ele>317.3</ele>
      </trkpt>
      <trkpt lat="43.144301" lon="10.644501">
        <ele>320.1</ele>
      </trkpt>
      <trkpt lat="43.144443" lon="10.64459">
        <ele>321.5</ele>
      </trkpt>
      <trkpt lat="43.144688" lon="10.644942">
        <ele>324.7</ele>
      </trkpt>
      <trkpt lat="43.144748" lon="10.645153">
        <ele>326.2</ele>
      </trkpt>
      <trkpt lat="43.144751" lon="10.645258">
        <ele>326.9</ele>
      </trkpt>
      <trkpt lat="43.144691" lon="10.645479">
        <ele>328.4</ele>
      </trkpt>
      <trkpt lat="43.144547" lon="10.64568">
        <ele>329.6</ele>
      </trkpt>
      <trkpt lat="43.144483" lon="10.645812">
        <ele>330.3</ele>
      </trkpt>
      <trkpt lat="43.144456" lon="10.64595">
        <ele>330.9</ele>
      </trkpt>
      <trkpt lat="43.144446" lon="10.6464">
        <ele>332.8</ele>
      </trkpt>
      <trkpt lat="43.144494" lon="10.646614">
        <ele>333.7</ele>
      </trkpt>
      <trkpt lat="43.14454" lon="10.646677">
        <ele>334.1</ele>
      </trkpt>
      <trkpt lat="43.144676" lon="10.646721">
        <ele>334.9</ele>
      </trkpt>
      <trkpt lat="43.145078" lon="10.64653">
        <ele>337.3</ele>
      </trkpt>
      <trkpt lat="43.145233" lon="10.646586">
        <ele>338.3</ele>
      </trkpt>
      <trkpt lat="43.145355" lon="10.646746">
        <ele>339.2</ele>
      </trkpt>
      <trkpt lat="43.145566" lon="10.647242">
        <ele>341.5</ele>
      </trkpt>
      <trkpt lat="43.145604" lon="10.647496">
        <ele>342.6</ele>
      </trkpt>
      <trkpt lat="43.145575" lon="10.647797">
        <ele>343.8</ele>
      </trkpt>
      <trkpt lat="43.145382" lon="10.648605">
        <ele>347.2</ele>
      </trkpt>
      <trkpt lat="43.145295" lon="10.648845">
        <ele>348.3</ele>
      </trkpt>
      <trkpt lat="43.145249" lon="10.648925">
        <ele>348.7</ele>
      </trkpt>
      <trkpt lat="43.145117" lon="10.649055">
        <ele>348.8</ele>
      </trkpt>
      <trkpt lat="43.144932" lon="10.649187">
        <ele>348.9</ele>
      </trkpt>
      <trkpt lat="43.144799" lon="10.649358">
        <ele>349.0</ele>
      </trkpt>
      <trkpt lat="43.14462" lon="10.649871">
        <ele>349.2</ele>
      </trkpt>
      <trkpt lat="43.144546" lon="10.650225">
        <ele>349.3</ele>
      </trkpt>
      <trkpt lat="43.144545" lon="10.650527">
        <ele>349.4</ele>
      </trkpt>
      <trkpt lat="43.144601" lon="10.651232">
        <ele>348.9</ele>
      </trkpt>
      <trkpt lat="43.144734" lon="10.651858">
        <ele>347.3</ele>
      </trkpt>
      <trkpt lat="43.144819" lon="10.652031">
        <ele>346.7</ele>
      </trkpt>
      <trkpt lat="43.145088" lon="10.652195">
        <ele>345.7</ele>
      </trkpt>
      <trkpt lat="43.145208" lon="10.652296">
        <ele>345.2</ele>
      </trkpt>
      <trkpt lat="43.145251" lon="10.65237">
        <ele>345.0</ele>
      </trkpt>
      <trkpt lat="43.14528" lon="10.652467">
        <ele>344.7</ele>
      </trkpt>
      <trkpt lat="43.145293" lon="10.652815">
        <ele>343.8</ele>
      </trkpt>
      <trkpt lat="43.145341" lon="10.653037">
        <ele>343.2</ele>
      </trkpt>
      <trkpt lat="43.145428" lon="10.653116">
        <ele>342.9</ele>
      </trkpt>
      <trkpt lat="43.145509" lon="10.653141">
        <ele>342.6</ele>
      </trkpt>
      <trkpt lat="43.145821" lon="10.653057">
        <ele>341.7</ele>
      </trkpt>
      <trkpt lat="43.145941" lon="10.653085">
        <ele>341.3</ele>
      </trkpt>
      <trkpt lat="43.146053" lon="10.653163">
        <ele>341.0</ele>
      </trkpt>
      <trkpt lat="43.146409" lon="10.653518">
        <ele>339.7</ele>
      </trkpt>
      <trkpt lat="43.146481" lon="10.65372">
        <ele>339.2</ele>
      </trkpt>
      <trkpt lat="43.146492" lon="10.653874">
        <ele>338.8</ele>
      </trkpt>
      <trkpt lat="43.146498" lon="10.654611">
        <ele>337.0</ele>
      </trkpt>
      <trkpt lat="43.146482" lon="10.65472">
        <ele>336.7</ele>
      </trkpt>
      <trkpt lat="43.146448" lon="10.654818">
        <ele>336.4</ele>
      </trkpt>
      <trkpt lat="43.146234" lon="10.655152">
        <ele>335.1</ele>
      </trkpt>
      <trkpt lat="43.146142" lon="10.655338">
        <ele>334.4</ele>
      </trkpt>
      <trkpt lat="43.146" lon="10.655791">
        <ele>333.0</ele>
      </trkpt>
      <trkpt lat="43.145979" lon="10.655943">
        <ele>332.6</ele>
      </trkpt>
      <trkpt lat="43.146002" lon="10.656165">
        <ele>331.9</ele>
      </trkpt>
      <trkpt lat="43.146052" lon="10.65628">
        <ele>331.5</ele>
      </trkpt>
      <trkpt lat="43.146295" lon="10.65661">
        <ele>330.4</ele>
      </trkpt>
      <trkpt lat="43.146329" lon="10.656936">
        <ele>330.0</ele>
      </trkpt>
      <trkpt lat="43.146313" lon="10.657108">
        <ele>329.7</ele>
      </trkpt>
      <trkpt lat="43.146113" lon="10.657819">
        <ele>328.6</ele>
      </trkpt>
      <trkpt lat="43.146016" lon="10.658301">
        <ele>327.9</ele>
      </trkpt>
      <trkpt lat="43.1459" lon="10.658627">
        <ele>327.4</ele>
      </trkpt>
      <trkpt lat="43.145726" lon="10.658929">
        <ele>327.1</ele>
      </trkpt>
      <trkpt lat="43.14562" lon="10.65938">
        <ele>326.8</ele>
      </trkpt>
      <trkpt lat="43.14561" lon="10.659904">
        <ele>326.5</ele>
      </trkpt>
      <trkpt lat="43.145745" lon="10.660375">
        <ele>326.2</ele>
      </trkpt>
      <trkpt lat="43.145764" lon="10.660547">
        <ele>326.1</ele>
      </trkpt>
      <trkpt lat="43.145766" lon="10.660709">
        <ele>326.0</ele>
      </trkpt>
      <trkpt lat="43.145737" lon="10.660915">
        <ele>325.9</ele>
      </trkpt>
      <trkpt lat="43.145665" lon="10.661169">
        <ele>325.8</ele>
      </trkpt>
      <trkpt lat="43.14554" lon="10.661387">
        <ele>325.8</ele>
      </trkpt>
      <trkpt lat="43.145455" lon="10.661482">
        <ele>325.8</ele>
      </trkpt>
      <trkpt lat="43.145105" lon="10.661746">
        <ele>325.8</ele>
      </trkpt>
      <trkpt lat="43.144981" lon="10.661931">
        <ele>325.8</ele>
      </trkpt>
      <trkpt lat="43.144906" lon="10.662395">
        <ele>325.8</ele>
      </trkpt>
      <trkpt lat="43.144865" lon="10.662998">
        <ele>325.9</ele>
      </trkpt>
      <trkpt lat="43.144917" lon="10.663248">
        <ele>325.9</ele>
      </trkpt>
      <trkpt lat="43.144977" lon="10.663381">
        <ele>326.0</ele>
      </trkpt>
      <trkpt lat="43.145174" lon="10.663625">
        <ele>326.0</ele>
      </trkpt>
      <trkpt lat="43.145294" lon="10.663844">
        <ele>326.1</ele>
      </trkpt>
      <trkpt lat="43.145323" lon="10.663963">
        <ele>326.1</ele>
      </trkpt>
      <trkpt lat="43.145352" lon="10.664155">
        <ele>326.1</ele>
      </trkpt>
      <trkpt lat="43.14548" lon="10.664961">
        <ele>326.3</ele>
      </trkpt>
      <trkpt lat="43.145526" lon="10.665153">
        <ele>326.3</ele>
      </trkpt>
      <trkpt lat="43.145601" lon="10.665313">
        <ele>326.4</ele>
      </trkpt>
      <trkpt lat="43.145676" lon="10.665449">
        <ele>326.4</ele>
      </trkpt>
      <trkpt lat="43.146439" lon="10.666375">
        <ele>326.7</ele>
      </trkpt>
      <trkpt lat="43.146837" lon="10.667138">
        <ele>327.0</ele>
      </trkpt>
      <trkpt lat="43.147089" lon="10.667367">
        <ele>327.2</ele>
      </trkpt>
      <trkpt lat="43.147669" lon="10.667509">
        <ele>327.6</ele>
      </trkpt>
      <trkpt lat="43.147833" lon="10.667578">
        <ele>327.7</ele>
      </trkpt>
      <trkpt lat="43.14803" lon="10.667775">
        <ele>327.8</ele>
      </trkpt>
      <trkpt lat="43.148117" lon="10.667928">
        <ele>327.9</ele>
      </trkpt>
      <trkpt lat="43.148747" lon="10.669366">
        <ele>326.8</ele>
      </trkpt>
      <trkpt lat="43.148821" lon="10.66974">
        <ele>326.5</ele>
      </trkpt>
      <trkpt lat="43.148933" lon="10.67092">
        <ele>326.3</ele>
      </trkpt>
      <trkpt lat="43.148973" lon="10.671138">
        <ele>326.7</ele>
      </trkpt>
      <trkpt lat="43.149034" lon="10.671331">
        <ele>327.0</ele>
      </trkpt>
      <trkpt lat="43.149218" lon="10.671586">
        <ele>327.6</ele>
      </trkpt>
      <trkpt lat="43.149323" lon="10.671655">
        <ele>327.8</ele>
      </trkpt>
      <trkpt lat="43.149584" lon="10.671721">
        <ele>328.4</ele>
      </trkpt>
      <trkpt lat="43.14989" lon="10.671711">
        <ele>329.0</ele>
      </trkpt>
      <trkpt lat="43.149994" lon="10.671743">
        <ele>329.2</ele>
      </trkpt>
      <trkpt lat="43.150111" lon="10.67182">
        <ele>329.5</ele>
      </trkpt>
      <trkpt lat="43.150265" lon="10.671999">
        <ele>329.4</ele>
      </trkpt>
      <trkpt lat="43.15035" lon="10.67216">
        <ele>329.4</ele>
      </trkpt>
      <trkpt lat="43.150395" lon="10.672304">
        <ele>329.4</ele>
      </trkpt>
      <trkpt lat="43.150423" lon="10.672518">
        <ele>329.3</ele>
      </trkpt>
      <trkpt lat="43.15044" lon="10.673047">
        <ele>329.2</ele>
      </trkpt>
      <trkpt lat="43.150457" lon="10.673166">
        <ele>329.2</ele>
      </trkpt>
      <trkpt lat="43.150529" lon="10.673364">
        <ele>329.1</ele>
      </trkpt>
      <trkpt lat="43.150676" lon="10.673535">
        <ele>329.0</ele>
      </trkpt>
      <trkpt lat="43.151339" lon="10.674021">
        <ele>329.2</ele>
      </trkpt>
      <trkpt lat="43.15142" lon="10.674124">
        <ele>329.3</ele>
      </trkpt>
      <trkpt lat="43.15151" lon="10.674359">
        <ele>329.4</ele>
      </trkpt>
      <trkpt lat="43.151558" lon="10.674515">
        <ele>329.4</ele>
      </trkpt>
      <trkpt lat="43.151737" lon="10.675665">
        <ele>330.0</ele>
      </trkpt>
      <trkpt lat="43.151834" lon="10.676113">
        <ele>330.6</ele>
      </trkpt>
      <trkpt lat="43.151938" lon="10.676357">
        <ele>331.2</ele>
      </trkpt>
      <trkpt lat="43.152024" lon="10.676455">
        <ele>331.5</ele>
      </trkpt>
      <trkpt lat="43.152256" lon="10.676603">
        <ele>332.1</ele>
      </trkpt>
      <trkpt lat="43.152786" lon="10.676785">
        <ele>333.5</ele>
      </trkpt>
      <trkpt lat="43.152919" lon="10.676859">
        <ele>333.9</ele>
      </trkpt>
      <trkpt lat="43.153129" lon="10.677043">
        <ele>334.6</ele>
      </trkpt>
      <trkpt lat="43.153332" lon="10.677284">
        <ele>335.3</ele>
      </trkpt>
      <trkpt lat="43.153476" lon="10.677409">
        <ele>335.8</ele>
      </trkpt>
      <trkpt lat="43.153701" lon="10.677457">
        <ele>336.5</ele>
      </trkpt>
      <trkpt lat="43.153938" lon="10.677401">
        <ele>337.2</ele>
      </trkpt>
      <trkpt lat="43.154135" lon="10.677234">
        <ele>337.8</ele>
      </trkpt>
      <trkpt lat="43.154267" lon="10.67706">
        <ele>338.4</ele>
      </trkpt>
      <trkpt lat="43.154612" lon="10.676644">
        <ele>339.7</ele>
      </trkpt>
      <trkpt lat="43.154789" lon="10.676557">
        <ele>339.8</ele>
      </trkpt>
      <trkpt lat="43.154943" lon="10.676532">
        <ele>339.6</ele>
      </trkpt>
      <trkpt lat="43.155349" lon="10.676588">
        <ele>339.2</ele>
      </trkpt>
      <trkpt lat="43.156278" lon="10.676729">
        <ele>338.2</ele>
      </trkpt>
      <trkpt lat="43.156482" lon="10.67674">
        <ele>338.0</ele>
      </trkpt>
      <trkpt lat="43.156698" lon="10.676661">
        <ele>338.1</ele>
      </trkpt>
      <trkpt lat="43.156871" lon="10.676494">
        <ele>338.3</ele>
      </trkpt>
      <trkpt lat="43.156942" lon="10.676386">
        <ele>338.3</ele>
      </trkpt>
      <trkpt lat="43.15698" lon="10.676272">
        <ele>338.4</ele>
      </trkpt>
      <trkpt lat="43.157097" lon="10.675315">
        <ele>338.7</ele>
      </trkpt>
      <trkpt lat="43.157147" lon="10.675151">
        <ele>338.8</ele>
      </trkpt>
      <trkpt lat="43.157218" lon="10.675027">
        <ele>338.8</ele>
      </trkpt>
      <trkpt lat="43.157382" lon="10.674874">
        <ele>338.9</ele>
      </trkpt>
      <trkpt lat="43.15749" lon="10.674845">
        <ele>338.7</ele>
      </trkpt>
      <trkpt lat="43.157853" lon="10.67486">
        <ele>338.2</ele>
      </trkpt>
      <trkpt lat="43.157974" lon="10.674889">
        <ele>338.0</ele>
      </trkpt>
      <trkpt lat="43.158088" lon="10.674965">
        <ele>337.8</ele>
      </trkpt>
      <trkpt lat="43.158191" lon="10.675086">
        <ele>337.5</ele>
      </trkpt>
      <trkpt lat="43.158784" lon="10.676068">
        <ele>336.1</ele>
      </trkpt>
      <trkpt lat="43.158929" lon="10.676269">
        <ele>336.3</ele>
      </trkpt>
      <trkpt lat="43.159889" lon="10.677187">
        <ele>337.4</ele>
      </trkpt>
      <trkpt lat="43.1601" lon="10.677362">
        <ele>337.6</ele>
      </trkpt>
      <trkpt lat="43.160484" lon="10.677429">
        <ele>338.1</ele>
      </trkpt>
      <trkpt lat="43.160665" lon="10.67749">
        <ele>338.3</ele>
      </trkpt>
      <trkpt lat="43.160742" lon="10.677549">
        <ele>338.4</ele>
      </trkpt>
      <trkpt lat="43.160813" lon="10.67765">
        <ele>338.5</ele>
      </trkpt>
      <trkpt lat="43.160897" lon="10.677868">
        <ele>338.7</ele>
      </trkpt>
      <trkpt lat="43.160971" lon="10.678366">
        <ele>339.1</ele>
      </trkpt>
      <trkpt lat="43.161024" lon="10.678532">
        <ele>339.2</ele>
      </trkpt>
      <trkpt lat="43.161185" lon="10.678786">
        <ele>339.5</ele>
      </trkpt>
      <trkpt lat="43.161284" lon="10.678859">
        <ele>339.7</ele>
      </trkpt>
      <trkpt lat="43.161545" lon="10.678945">
        <ele>340.0</ele>
      </trkpt>
      <trkpt lat="43.162545" lon="10.67896">
        <ele>341.4</ele>
      </trkpt>
      <trkpt lat="43.162663" lon="10.679004">
        <ele>341.6</ele>
      </trkpt>
      <trkpt lat="43.16349" lon="10.679544">
        <ele>343.2</ele>
      </trkpt>
      <trkpt lat="43.163757" lon="10.679653">
        <ele>343.8</ele>
      </trkpt>
      <trkpt lat="43.164061" lon="10.679601">
        <ele>344.5</ele>
      </trkpt>
      <trkpt lat="43.164469" lon="10.679314">
        <ele>345.5</ele>
      </trkpt>
      <trkpt lat="43.164708" lon="10.679086">
        <ele>346.2</ele>
      </trkpt>
      <trkpt lat="43.164967" lon="10.678618">
        <ele>345.8</ele>
      </trkpt>
      <trkpt lat="43.165052" lon="10.678515">
        <ele>345.6</ele>
      </trkpt>
      <trkpt lat="43.165253" lon="10.678412">
        <ele>345.1</ele>
      </trkpt>
      <trkpt lat="43.165372" lon="10.67844">
        <ele>344.9</ele>
      </trkpt>
      <trkpt lat="43.165945" lon="10.678868">
        <ele>343.5</ele>
      </trkpt>
      <trkpt lat="43.166036" lon="10.678985">
        <ele>343.2</ele>
      </trkpt>
      <trkpt lat="43.166121" lon="10.679155">
        <ele>342.9</ele>
      </trkpt>
      <trkpt lat="43.16617" lon="10.67935">
        <ele>342.6</ele>
      </trkpt>
      <trkpt lat="43.166161" lon="10.679715">
        <ele>342.1</ele>
      </trkpt>
      <trkpt lat="43.166048" lon="10.68014">
        <ele>341.5</ele>
      </trkpt>
      <trkpt lat="43.166021" lon="10.680324">
        <ele>341.2</ele>
      </trkpt>
      <trkpt lat="43.166028" lon="10.680656">
        <ele>340.8</ele>
      </trkpt>
      <trkpt lat="43.16607" lon="10.681033">
        <ele>340.3</ele>
      </trkpt>
      <trkpt lat="43.166134" lon="10.681344">
        <ele>339.8</ele>
      </trkpt>
      <trkpt lat="43.166192" lon="10.6815">
        <ele>339.6</ele>
      </trkpt>
      <trkpt lat="43.1663" lon="10.681662">
        <ele>339.3</ele>
      </trkpt>
      <trkpt lat="43.166914" lon="10.682324">
        <ele>341.6</ele>
      </trkpt>
      <trkpt lat="43.166999" lon="10.682456">
        <ele>342.0</ele>
      </trkpt>
      <trkpt lat="43.167387" lon="10.68378">
        <ele>344.6</ele>
      </trkpt>
      <trkpt lat="43.167527" lon="10.684004">
        <ele>344.7</ele>
      </trkpt>
      <trkpt lat="43.167695" lon="10.684152">
        <ele>344.9</ele>
      </trkpt>
      <trkpt lat="43.169539" lon="10.685259">
        <ele>346.3</ele>
      </trkpt>
      <trkpt lat="43.16968" lon="10.685373">
        <ele>346.4</ele>
      </trkpt>
      <trkpt lat="43.169745" lon="10.685459">
        <ele>346.5</ele>
      </trkpt>
      <trkpt lat="43.169842" lon="10.68573">
        <ele>346.7</ele>
      </trkpt>
      <trkpt lat="43.169903" lon="10.686205">
        <ele>347.0</ele>
      </trkpt>
      <trkpt lat="43.170012" lon="10.687685">
        <ele>350.4</ele>
      </trkpt>
      <trkpt lat="43.17007" lon="10.688004">
        <ele>351.2</ele>
      </trkpt>
      <trkpt lat="43.170128" lon="10.688527">
        <ele>352.6</ele>
      </trkpt>
      <trkpt lat="43.17017" lon="10.688683">
        <ele>353.0</ele>
      </trkpt>
      <trkpt lat="43.170228" lon="10.688783">
        <ele>353.4</ele>
      </trkpt>
      <trkpt lat="43.170401" lon="10.68894">
        <ele>354.0</ele>
      </trkpt>
      <trkpt lat="43.170974" lon="10.689251">
        <ele>355.8</ele>
      </trkpt>
      <trkpt lat="43.171092" lon="10.689373">
        <ele>356.3</ele>
      </trkpt>
      <trkpt lat="43.171654" lon="10.690147">
        <ele>358.6</ele>
      </trkpt>
      <trkpt lat="43.172188" lon="10.690523">
        <ele>359.9</ele>
      </trkpt>
      <trkpt lat="43.173395" lon="10.69128">
        <ele>362.6</ele>
      </trkpt>
      <trkpt lat="43.173558" lon="10.691459">
        <ele>362.6</ele>
      </trkpt>
      <trkpt lat="43.173647" lon="10.691753">
        <ele>362.6</ele>
      </trkpt>
      <trkpt lat="43.17381" lon="10.693297">
        <ele>362.7</ele>
      </trkpt>
      <trkpt lat="43.173868" lon="10.693575">
        <ele>362.7</ele>
      </trkpt>
      <trkpt lat="43.174051" lon="10.693843">
        <ele>362.8</ele>
      </trkpt>
      <trkpt lat="43.17521" lon="10.694916">
        <ele>363.1</ele>
      </trkpt>
      <trkpt lat="43.175366" lon="10.695122">
        <ele>363.0</ele>
      </trkpt>
      <trkpt lat="43.175409" lon="10.695265">
        <ele>362.9</ele>
      </trkpt>
      <trkpt lat="43.175422" lon="10.695426">
        <ele>362.7</ele>
      </trkpt>
      <trkpt lat="43.175412" lon="10.696687">
        <ele>361.6</ele>
      </trkpt>
      <trkpt lat="43.175433" lon="10.696817">
        <ele>361.5</ele>
      </trkpt>
      <trkpt lat="43.175465" lon="10.696949">
        <ele>361.4</ele>
      </trkpt>
      <trkpt lat="43.175708" lon="10.697466">
        <ele>360.9</ele>
      </trkpt>
      <trkpt lat="43.175743" lon="10.697615">
        <ele>360.8</ele>
      </trkpt>
      <trkpt lat="43.175744" lon="10.697774">
        <ele>360.7</ele>
      </trkpt>
      <trkpt lat="43.175718" lon="10.69794">
        <ele>360.5</ele>
      </trkpt>
      <trkpt lat="43.175564" lon="10.698546">
        <ele>360.1</ele>
      </trkpt>
      <trkpt lat="43.17533" lon="10.699067">
        <ele>359.7</ele>
      </trkpt>
      <trkpt lat="43.175302" lon="10.699245">
        <ele>359.6</ele>
      </trkpt>
      <trkpt lat="43.175341" lon="10.699567">
        <ele>359.4</ele>
      </trkpt>
      <trkpt lat="43.175413" lon="10.6997">
        <ele>359.4</ele>
      </trkpt>
      <trkpt lat="43.175481" lon="10.699797">
        <ele>359.5</ele>
      </trkpt>
      <trkpt lat="43.175691" lon="10.699934">
        <ele>359.7</ele>
      </trkpt>
      <trkpt lat="43.175783" lon="10.699952">
        <ele>359.8</ele>
      </trkpt>
      <trkpt lat="43.17626" lon="10.699854">
        <ele>360.2</ele>
      </trkpt>
      <trkpt lat="43.176371" lon="10.699856">
        <ele>360.3</ele>
      </trkpt>
      <trkpt lat="43.17648" lon="10.699885">
        <ele>360.4</ele>
      </trkpt>
      <trkpt lat="43.176645" lon="10.700043">
        <ele>360.6</ele>
      </trkpt>
      <trkpt lat="43.176908" lon="10.700775">
        <ele>360.5</ele>
      </trkpt>
      <trkpt lat="43.177052" lon="10.701042">
        <ele>360.0</ele>
      </trkpt>
      <trkpt lat="43.177387" lon="10.701321">
        <ele>359.1</ele>
      </trkpt>
      <trkpt lat="43.177524" lon="10.701531">
        <ele>358.7</ele>
      </trkpt>
      <trkpt lat="43.177707" lon="10.701914">
        <ele>358.0</ele>
      </trkpt>
      <trkpt lat="43.177796" lon="10.702039">
        <ele>357.7</ele>
      </trkpt>
      <trkpt lat="43.177901" lon="10.702124">
        <ele>357.5</ele>
      </trkpt>
      <trkpt lat="43.178358" lon="10.702359">
        <ele>357.0</ele>
      </trkpt>
      <trkpt lat="43.178472" lon="10.70246">
        <ele>356.9</ele>
      </trkpt>
      <trkpt lat="43.179136" lon="10.703335">
        <ele>356.5</ele>
      </trkpt>
      <trkpt lat="43.179192" lon="10.703468">
        <ele>356.5</ele>
      </trkpt>
      <trkpt lat="43.179231" lon="10.703739">
        <ele>356.4</ele>
      </trkpt>
      <trkpt lat="43.179133" lon="10.704313">
        <ele>356.3</ele>
      </trkpt>
      <trkpt lat="43.179145" lon="10.704447">
        <ele>356.3</ele>
      </trkpt>
      <trkpt lat="43.179305" lon="10.704805">
        <ele>356.2</ele>
      </trkpt>
      <trkpt lat="43.179416" lon="10.705147">
        <ele>356.1</ele>
      </trkpt>
      <trkpt lat="43.179421" lon="10.705303">
        <ele>356.1</ele>
      </trkpt>
      <trkpt lat="43.179367" lon="10.705897">
        <ele>355.9</ele>
      </trkpt>
      <trkpt lat="43.1794" lon="10.706796">
        <ele>354.9</ele>
      </trkpt>
      <trkpt lat="43.179408" lon="10.707102">
        <ele>354.4</ele>
      </trkpt>
      <trkpt lat="43.179334" lon="10.707218">
        <ele>354.1</ele>
      </trkpt>
      <trkpt lat="43.179204" lon="10.707262">
        <ele>353.8</ele>
      </trkpt>
      <trkpt lat="43.178845" lon="10.707302">
        <ele>352.9</ele>
      </trkpt>
      <trkpt lat="43.178749" lon="10.70736">
        <ele>352.7</ele>
      </trkpt>
      <trkpt lat="43.178641" lon="10.707611">
        <ele>352.2</ele>
      </trkpt>
      <trkpt lat="43.178529" lon="10.708342">
        <ele>352.2</ele>
      </trkpt>
      <trkpt lat="43.178556" lon="10.708552">
        <ele>352.4</ele>
      </trkpt>
      <trkpt lat="43.178655" lon="10.708699">
        <ele>352.7</ele>
      </trkpt>
      <trkpt lat="43.179028" lon="10.709033">
        <ele>353.6</ele>
      </trkpt>
      <trkpt lat="43.179501" lon="10.709212">
        <ele>354.5</ele>
      </trkpt>
      <trkpt lat="43.17956" lon="10.70926">
        <ele>354.6</ele>
      </trkpt>
      <trkpt lat="43.179597" lon="10.709347">
        <ele>354.8</ele>
      </trkpt>
      <trkpt lat="43.17962" lon="10.709534">
        <ele>355.0</ele>
      </trkpt>
      <trkpt lat="43.179463" lon="10.71053">
        <ele>356.1</ele>
      </trkpt>
      <trkpt lat="43.179377" lon="10.711145">
        <ele>356.8</ele>
      </trkpt>
      <trkpt lat="43.17932" lon="10.711544">
        <ele>357.2</ele>
      </trkpt>
      <trkpt lat="43.179239" lon="10.711723">
        <ele>357.5</ele>
      </trkpt>
      <trkpt lat="43.17913" lon="10.711846">
        <ele>357.7</ele>
      </trkpt>
      <trkpt lat="43.178744" lon="10.71205">
        <ele>358.2</ele>
      </trkpt>
      <trkpt lat="43.178281" lon="10.712162">
        <ele>358.8</ele>
      </trkpt>
      <trkpt lat="43.178198" lon="10.712208">
        <ele>358.9</ele>
      </trkpt>
      <trkpt lat="43.178138" lon="10.712281">
        <ele>359.1</ele>
      </trkpt>
      <trkpt lat="43.178098" lon="10.712498">
        <ele>359.3</ele>
      </trkpt>
      <trkpt lat="43.178117" lon="10.712596">
        <ele>359.4</ele>
      </trkpt>
      <trkpt lat="43.178221" lon="10.712811">
        <ele>359.6</ele>
      </trkpt>
      <trkpt lat="43.178257" lon="10.712946">
        <ele>359.7</ele>
      </trkpt>
      <trkpt lat="43.178257" lon="10.713081">
        <ele>359.9</ele>
      </trkpt>
      <trkpt lat="43.178212" lon="10.713301">
        <ele>360.0</ele>
      </trkpt>
      <trkpt lat="43.178183" lon="10.713459">
        <ele>360.1</ele>
      </trkpt>
      <trkpt lat="43.178064" lon="10.71388">
        <ele>360.3</ele>
      </trkpt>
      <trkpt lat="43.177951" lon="10.714086">
        <ele>360.4</ele>
      </trkpt>
      <trkpt lat="43.177552" lon="10.714417">
        <ele>360.7</ele>
      </trkpt>
      <trkpt lat="43.177422" lon="10.714527">
        <ele>360.8</ele>
      </trkpt>
      <trkpt lat="43.177201" lon="10.714814">
        <ele>361.0</ele>
      </trkpt>
      <trkpt lat="43.177003" lon="10.715157">
        <ele>360.4</ele>
      </trkpt>
      <trkpt lat="43.176995" lon="10.71524">
        <ele>360.2</ele>
      </trkpt>
      <trkpt lat="43.177056" lon="10.715275">
        <ele>359.9</ele>
      </trkpt>
      <trkpt lat="43.177239" lon="10.715115">
        <ele>358.8</ele>
      </trkpt>
      <trkpt lat="43.177423" lon="10.715092">
        <ele>358.0</ele>
      </trkpt>
      <trkpt lat="43.17745" lon="10.715098">
        <ele>357.9</ele>
      </trkpt>
      <trkpt lat="43.177734" lon="10.715208">
        <ele>356.5</ele>
      </trkpt>
      <trkpt lat="43.177884" lon="10.715331">
        <ele>355.7</ele>
      </trkpt>
      <trkpt lat="43.177968" lon="10.71553">
        <ele>354.9</ele>
      </trkpt>
      <trkpt lat="43.177971" lon="10.715703">
        <ele>354.3</ele>
      </trkpt>
      <trkpt lat="43.17793" lon="10.715907">
        <ele>353.6</ele>
      </trkpt>
      <trkpt lat="43.177637" lon="10.716522">
        <ele>351.1</ele>
      </trkpt>
      <trkpt lat="43.177594" lon="10.716697">
        <ele>350.4</ele>
      </trkpt>
      <trkpt lat="43.177635" lon="10.716877">
        <ele>349.8</ele>
      </trkpt>
      <trkpt lat="43.17778" lon="10.716982">
        <ele>349.0</ele>
      </trkpt>
      <trkpt lat="43.177956" lon="10.717034">
        <ele>348.2</ele>
      </trkpt>
      <trkpt lat="43.178098" lon="10.717099">
        <ele>347.5</ele>
      </trkpt>
      <trkpt lat="43.178152" lon="10.717156">
        <ele>347.2</ele>
      </trkpt>
      <trkpt lat="43.178198" lon="10.717275">
        <ele>346.7</ele>
      </trkpt>
      <trkpt lat="43.178283" lon="10.71766">
        <ele>345.3</ele>
      </trkpt>
      <trkpt lat="43.178414" lon="10.717846">
        <ele>344.4</ele>
      </trkpt>
      <trkpt lat="43.178562" lon="10.717904">
        <ele>343.8</ele>
      </trkpt>
      <trkpt lat="43.178746" lon="10.717879">
        <ele>343.1</ele>
      </trkpt>
      <trkpt lat="43.178897" lon="10.717897">
        <ele>342.6</ele>
      </trkpt>
      <trkpt lat="43.179094" lon="10.718052">
        <ele>341.7</ele>
      </trkpt>
      <trkpt lat="43.179179" lon="10.718192">
        <ele>341.2</ele>
      </trkpt>
      <trkpt lat="43.179285" lon="10.718552">
        <ele>340.2</ele>
      </trkpt>
      <trkpt lat="43.179295" lon="10.718806">
        <ele>339.5</ele>
      </trkpt>
      <trkpt lat="43.179253" lon="10.719111">
        <ele>338.6</ele>
      </trkpt>
      <trkpt lat="43.179062" lon="10.719867">
        <ele>337.0</ele>
      </trkpt>
      <trkpt lat="43.179106" lon="10.720036">
        <ele>336.7</ele>
      </trkpt>
      <trkpt lat="43.179237" lon="10.720165">
        <ele>336.4</ele>
      </trkpt>
      <trkpt lat="43.179707" lon="10.720548">
        <ele>335.3</ele>
      </trkpt>
      <trkpt lat="43.179793" lon="10.720706">
        <ele>335.1</ele>
      </trkpt>
      <trkpt lat="43.179836" lon="10.720936">
        <ele>334.7</ele>
      </trkpt>
      <trkpt lat="43.179866" lon="10.722848">
        <ele>331.6</ele>
      </trkpt>
      <trkpt lat="43.179821" lon="10.723028">
        <ele>331.2</ele>
      </trkpt>
      <trkpt lat="43.179748" lon="10.72318">
        <ele>330.9</ele>
      </trkpt>
      <trkpt lat="43.179262" lon="10.723837">
        <ele>329.2</ele>
      </trkpt>
      <trkpt lat="43.179123" lon="10.72406">
        <ele>328.6</ele>
      </trkpt>
      <trkpt lat="43.179075" lon="10.724197">
        <ele>328.2</ele>
      </trkpt>
      <trkpt lat="43.179046" lon="10.724489">
        <ele>327.6</ele>
      </trkpt>
      <trkpt lat="43.17905" lon="10.724665">
        <ele>327.2</ele>
      </trkpt>
      <trkpt lat="43.179086" lon="10.724814">
        <ele>326.8</ele>
      </trkpt>
      <trkpt lat="43.179215" lon="10.725039">
        <ele>326.2</ele>
      </trkpt>
      <trkpt lat="43.179372" lon="10.725182">
        <ele>325.6</ele>
      </trkpt>
      <trkpt lat="43.179894" lon="10.725343">
        <ele>324.1</ele>
      </trkpt>
      <trkpt lat="43.180192" lon="10.725511">
        <ele>323.3</ele>
      </trkpt>
      <trkpt lat="43.18038" lon="10.725717">
        <ele>322.8</ele>
      </trkpt>
      <trkpt lat="43.180945" lon="10.726505">
        <ele>320.8</ele>
      </trkpt>
      <trkpt lat="43.181083" lon="10.726548">
        <ele>320.5</ele>
      </trkpt>
      <trkpt lat="43.181142" lon="10.726515">
        <ele>320.3</ele>
      </trkpt>
      <trkpt lat="43.181218" lon="10.726354">
        <ele>320.0</ele>
      </trkpt>
      <trkpt lat="43.181258" lon="10.726086">
        <ele>319.7</ele>
      </trkpt>
      <trkpt lat="43.181315" lon="10.725878">
        <ele>319.5</ele>
      </trkpt>
      <trkpt lat="43.181419" lon="10.725831">
        <ele>319.3</ele>
      </trkpt>
      <trkpt lat="43.181487" lon="10.725851">
        <ele>319.2</ele>
      </trkpt>
      <trkpt lat="43.18178" lon="10.726145">
        <ele>318.7</ele>
      </trkpt>
      <trkpt lat="43.181932" lon="10.726229">
        <ele>318.5</ele>
      </trkpt>
      <trkpt lat="43.182397" lon="10.726216">
        <ele>317.8</ele>
      </trkpt>
      <trkpt lat="43.182484" lon="10.726201">
        <ele>317.6</ele>
      </trkpt>
      <trkpt lat="43.182767" lon="10.726047">
        <ele>316.6</ele>
      </trkpt>
      <trkpt lat="43.182845" lon="10.726074">
        <ele>316.2</ele>
      </trkpt>
      <trkpt lat="43.182911" lon="10.72614">
        <ele>315.8</ele>
      </trkpt>
      <trkpt lat="43.183044" lon="10.726382">
        <ele>314.7</ele>
      </trkpt>
      <trkpt lat="43.183323" lon="10.727161">
        <ele>311.5</ele>
      </trkpt>
      <trkpt lat="43.183616" lon="10.72763">
        <ele>309.3</ele>
      </trkpt>
      <trkpt lat="43.183749" lon="10.727744">
        <ele>308.5</ele>
      </trkpt>
      <trkpt lat="43.184006" lon="10.727868">
        <ele>308.2</ele>
      </trkpt>
      <trkpt lat="43.184094" lon="10.727882">
        <ele>308.1</ele>
      </trkpt>
      <trkpt lat="43.184169" lon="10.727858">
        <ele>308.1</ele>
      </trkpt>
      <trkpt lat="43.184241" lon="10.727791">
        <ele>308.0</ele>
      </trkpt>
      <trkpt lat="43.184542" lon="10.727394">
        <ele>307.7</ele>
      </trkpt>
      <trkpt lat="43.184612" lon="10.727337">
        <ele>307.6</ele>
      </trkpt>
      <trkpt lat="43.184681" lon="10.727322">
        <ele>307.5</ele>
      </trkpt>
      <trkpt lat="43.185274" lon="10.727611">
        <ele>307.0</ele>
      </trkpt>
      <trkpt lat="43.185445" lon="10.727638">
        <ele>306.9</ele>
      </trkpt>
      <trkpt lat="43.18552" lon="10.727615">
        <ele>306.8</ele>
      </trkpt>
      <trkpt lat="43.185966" lon="10.727078">
        <ele>306.4</ele>
      </trkpt>
      <trkpt lat="43.186079" lon="10.72689">
        <ele>306.2</ele>
      </trkpt>
      <trkpt lat="43.186126" lon="10.726787">
        <ele>306.2</ele>
      </trkpt>
      <trkpt lat="43.186146" lon="10.726675">
        <ele>306.1</ele>
      </trkpt>
      <trkpt lat="43.186167" lon="10.726173">
        <ele>305.8</ele>
      </trkpt>
      <trkpt lat="43.186254" lon="10.726013">
        <ele>305.7</ele>
      </trkpt>
      <trkpt lat="43.186381" lon="10.725885">
        <ele>305.6</ele>
      </trkpt>
      <trkpt lat="43.186789" lon="10.725654">
        <ele>303.9</ele>
      </trkpt>
      <trkpt lat="43.187286" lon="10.725453">
        <ele>301.7</ele>
      </trkpt>
      <trkpt lat="43.187627" lon="10.725363">
        <ele>300.3</ele>
      </trkpt>
      <trkpt lat="43.187905" lon="10.725375">
        <ele>299.1</ele>
      </trkpt>
      <trkpt lat="43.187993" lon="10.725412">
        <ele>298.7</ele>
      </trkpt>
      <trkpt lat="43.188151" lon="10.725527">
        <ele>298.0</ele>
      </trkpt>
      <trkpt lat="43.188231" lon="10.725648">
        <ele>297.4</ele>
      </trkpt>
      <trkpt lat="43.188347" lon="10.725985">
        <ele>296.1</ele>
      </trkpt>
      <trkpt lat="43.188375" lon="10.726195">
        <ele>295.3</ele>
      </trkpt>
      <trkpt lat="43.18838" lon="10.726979">
        <ele>292.4</ele>
      </trkpt>
      <trkpt lat="43.188431" lon="10.727158">
        <ele>291.8</ele>
      </trkpt>
      <trkpt lat="43.188469" lon="10.727225">
        <ele>291.4</ele>
      </trkpt>
      <trkpt lat="43.188595" lon="10.727279">
        <ele>290.8</ele>
      </trkpt>
      <trkpt lat="43.188897" lon="10.727183">
        <ele>289.3</ele>
      </trkpt>
      <trkpt lat="43.1891" lon="10.727176">
        <ele>288.6</ele>
      </trkpt>
      <trkpt lat="43.189208" lon="10.727217">
        <ele>288.3</ele>
      </trkpt>
      <trkpt lat="43.189286" lon="10.727311">
        <ele>287.9</ele>
      </trkpt>
      <trkpt lat="43.189376" lon="10.727571">
        <ele>287.3</ele>
      </trkpt>
      <trkpt lat="43.189387" lon="10.727729">
        <ele>286.9</ele>
      </trkpt>
      <trkpt lat="43.189315" lon="10.728202">
        <ele>285.8</ele>
      </trkpt>
      <trkpt lat="43.189315" lon="10.728347">
        <ele>285.5</ele>
      </trkpt>
      <trkpt lat="43.189371" lon="10.728617">
        <ele>284.8</ele>
      </trkpt>
      <trkpt lat="43.18944" lon="10.728694">
        <ele>284.6</ele>
      </trkpt>
      <trkpt lat="43.189665" lon="10.728788">
        <ele>283.8</ele>
      </trkpt>
      <trkpt lat="43.189872" lon="10.728772">
        <ele>282.9</ele>
      </trkpt>
      <trkpt lat="43.191299" lon="10.728217">
        <ele>275.6</ele>
      </trkpt>
      <trkpt lat="43.191455" lon="10.728224">
        <ele>274.8</ele>
      </trkpt>
      <trkpt lat="43.191587" lon="10.728299">
        <ele>274.0</ele>
      </trkpt>
      <trkpt lat="43.191827" lon="10.72852">
        <ele>272.2</ele>
      </trkpt>
      <trkpt lat="43.192048" lon="10.728813">
        <ele>270.2</ele>
      </trkpt>
      <trkpt lat="43.192194" lon="10.729119">
        <ele>268.6</ele>
      </trkpt>
      <trkpt lat="43.192339" lon="10.729625">
        <ele>266.1</ele>
      </trkpt>
      <trkpt lat="43.192433" lon="10.730055">
        <ele>264.0</ele>
      </trkpt>
      <trkpt lat="43.192651" lon="10.73109">
        <ele>261.9</ele>
      </trkpt>
      <trkpt lat="43.193012" lon="10.732063">
        <ele>260.1</ele>
      </trkpt>
      <trkpt lat="43.193174" lon="10.732393">
        <ele>259.4</ele>
      </trkpt>
      <trkpt lat="43.193384" lon="10.732705">
        <ele>259.8</ele>
      </trkpt>
      <trkpt lat="43.193785" lon="10.733263">
        <ele>260.7</ele>
      </trkpt>
      <trkpt lat="43.193988" lon="10.733503">
        <ele>261.2</ele>
      </trkpt>
      <trkpt lat="43.194083" lon="10.73361">
        <ele>261.4</ele>
      </trkpt>
      <trkpt lat="43.194104" lon="10.733636">
        <ele>261.4</ele>
      </trkpt>
      <trkpt lat="43.1942" lon="10.733726">
        <ele>261.6</ele>
      </trkpt>
      <trkpt lat="43.194877" lon="10.734364">
        <ele>263.6</ele>
      </trkpt>
      <trkpt lat="43.194933" lon="10.73455">
        <ele>264.1</ele>
      </trkpt>
      <trkpt lat="43.194931" lon="10.73466">
        <ele>264.4</ele>
      </trkpt>
      <trkpt lat="43.194851" lon="10.735049">
        <ele>265.4</ele>
      </trkpt>
      <trkpt lat="43.19486" lon="10.7353">
        <ele>266.0</ele>
      </trkpt>
      <trkpt lat="43.195024" lon="10.735808">
        <ele>267.4</ele>
      </trkpt>
      <trkpt lat="43.195307" lon="10.736412">
        <ele>269.1</ele>
      </trkpt>
      <trkpt lat="43.195523" lon="10.736544">
        <ele>269.9</ele>
      </trkpt>
      <trkpt lat="43.196333" lon="10.736869">
        <ele>272.5</ele>
      </trkpt>
      <trkpt lat="43.196551" lon="10.736987">
        <ele>273.3</ele>
      </trkpt>
      <trkpt lat="43.196663" lon="10.73714">
        <ele>273.8</ele>
      </trkpt>
      <trkpt lat="43.196701" lon="10.73726">
        <ele>274.0</ele>
      </trkpt>
      <trkpt lat="43.196747" lon="10.737593">
        <ele>274.3</ele>
      </trkpt>
      <trkpt lat="43.196766" lon="10.737687">
        <ele>274.4</ele>
      </trkpt>
      <trkpt lat="43.196835" lon="10.737777">
        <ele>274.5</ele>
      </trkpt>
      <trkpt lat="43.196877" lon="10.737811">
        <ele>274.6</ele>
      </trkpt>
      <trkpt lat="43.196994" lon="10.737864">
        <ele>274.7</ele>
      </trkpt>
      <trkpt lat="43.197397" lon="10.737911">
        <ele>275.2</ele>
      </trkpt>
      <trkpt lat="43.197459" lon="10.737921">
        <ele>275.3</ele>
      </trkpt>
      <trkpt lat="43.197802" lon="10.737915">
        <ele>275.7</ele>
      </trkpt>
      <trkpt lat="43.198075" lon="10.73785">
        <ele>276.0</ele>
      </trkpt>
      <trkpt lat="43.1983" lon="10.73783">
        <ele>276.1</ele>
      </trkpt>
      <trkpt lat="43.198346" lon="10.73773">
        <ele>276.2</ele>
      </trkpt>
      <trkpt lat="43.198773" lon="10.737577">
        <ele>276.3</ele>
      </trkpt>
      <trkpt lat="43.198875" lon="10.737531">
        <ele>276.4</ele>
      </trkpt>
      <trkpt lat="43.199628" lon="10.737188">
        <ele>276.6</ele>
      </trkpt>
      <trkpt lat="43.199749" lon="10.73717">
        <ele>276.7</ele>
      </trkpt>
      <trkpt lat="43.199871" lon="10.737188">
        <ele>276.7</ele>
      </trkpt>
      <trkpt lat="43.199988" lon="10.737245">
        <ele>276.7</ele>
      </trkpt>
      <trkpt lat="43.2003" lon="10.737593">
        <ele>276.9</ele>
      </trkpt>
      <trkpt lat="43.200359" lon="10.737633">
        <ele>276.9</ele>
      </trkpt>
      <trkpt lat="43.200417" lon="10.737651">
        <ele>277.0</ele>
      </trkpt>
      <trkpt lat="43.200781" lon="10.737636">
        <ele>277.1</ele>
      </trkpt>
      <trkpt lat="43.200821" lon="10.737634">
        <ele>277.1</ele>
      </trkpt>
      <trkpt lat="43.200817" lon="10.737573">
        <ele>280.0</ele>
      </trkpt>
      <trkpt lat="43.200865" lon="10.737659">
        <ele>277.1</ele>
      </trkpt>
      <trkpt lat="43.200821" lon="10.737634">
        <ele>277.2</ele>
      </trkpt>
      <trkpt lat="43.200781" lon="10.737636">
        <ele>277.2</ele>
      </trkpt>
      <trkpt lat="43.200417" lon="10.737651">
        <ele>277.3</ele>
      </trkpt>
      <trkpt lat="43.200359" lon="10.737633">
        <ele>277.4</ele>
      </trkpt>
      <trkpt lat="43.2003" lon="10.737593">
        <ele>277.4</ele>
      </trkpt>
      <trkpt lat="43.199988" lon="10.737245">
        <ele>277.2</ele>
      </trkpt>
      <trkpt lat="43.199871" lon="10.737188">
        <ele>277.1</ele>
      </trkpt>
      <trkpt lat="43.199749" lon="10.73717">
        <ele>277.0</ele>
      </trkpt>
      <trkpt lat="43.199628" lon="10.737188">
        <ele>276.9</ele>
      </trkpt>
      <trkpt lat="43.198875" lon="10.737531">
        <ele>276.2</ele>
      </trkpt>
      <trkpt lat="43.198773" lon="10.737577">
        <ele>276.1</ele>
      </trkpt>
      <trkpt lat="43.198346" lon="10.73773">
        <ele>275.8</ele>
      </trkpt>
      <trkpt lat="43.1983" lon="10.73783">
        <ele>275.8</ele>
      </trkpt>
      <trkpt lat="43.198075" lon="10.73785">
        <ele>275.6</ele>
      </trkpt>
      <trkpt lat="43.197802" lon="10.737915">
        <ele>275.5</ele>
      </trkpt>
      <trkpt lat="43.197459" lon="10.737921">
        <ele>275.3</ele>
      </trkpt>
      <trkpt lat="43.197397" lon="10.737911">
        <ele>275.3</ele>
      </trkpt>
      <trkpt lat="43.196994" lon="10.737864">
        <ele>275.1</ele>
      </trkpt>
      <trkpt lat="43.196877" lon="10.737811">
        <ele>275.0</ele>
      </trkpt>
      <trkpt lat="43.196835" lon="10.737777">
        <ele>275.0</ele>
      </trkpt>
      <trkpt lat="43.196766" lon="10.737687">
        <ele>274.8</ele>
      </trkpt>
      <trkpt lat="43.196747" lon="10.737593">
        <ele>274.6</ele>
      </trkpt>
      <trkpt lat="43.196701" lon="10.73726">
        <ele>273.9</ele>
      </trkpt>
      <trkpt lat="43.196663" lon="10.73714">
        <ele>273.6</ele>
      </trkpt>
      <trkpt lat="43.196551" lon="10.736987">
        <ele>273.1</ele>
      </trkpt>
      <trkpt lat="43.196333" lon="10.736869">
        <ele>272.4</ele>
      </trkpt>
      <trkpt lat="43.195523" lon="10.736544">
        <ele>270.0</ele>
      </trkpt>
      <trkpt lat="43.195307" lon="10.736412">
        <ele>269.1</ele>
      </trkpt>
      <trkpt lat="43.195024" lon="10.735808">
        <ele>267.2</ele>
      </trkpt>
      <trkpt lat="43.19486" lon="10.7353">
        <ele>265.7</ele>
      </trkpt>
      <trkpt lat="43.194851" lon="10.735049">
        <ele>265.0</ele>
      </trkpt>
      <trkpt lat="43.194931" lon="10.73466">
        <ele>263.9</ele>
      </trkpt>
      <trkpt lat="43.194933" lon="10.73455">
        <ele>263.6</ele>
      </trkpt>
      <trkpt lat="43.194877" lon="10.734364">
        <ele>263.1</ele>
      </trkpt>
      <trkpt lat="43.1942" lon="10.733726">
        <ele>259.1</ele>
      </trkpt>
      <trkpt lat="43.194104" lon="10.733636">
        <ele>258.6</ele>
      </trkpt>
      <trkpt lat="43.194083" lon="10.73361">
        <ele>258.4</ele>
      </trkpt>
      <trkpt lat="43.194026" lon="10.733688">
        <ele>258.0</ele>
      </trkpt>
      <trkpt lat="43.194003" lon="10.733767">
        <ele>257.7</ele>
      </trkpt>
      <trkpt lat="43.194001" lon="10.733852">
        <ele>257.4</ele>
      </trkpt>
      <trkpt lat="43.193773" lon="10.734466">
        <ele>255.0</ele>
      </trkpt>
      <trkpt lat="43.193399" lon="10.736164">
        <ele>250.6</ele>
      </trkpt>
      <trkpt lat="43.193337" lon="10.736368">
        <ele>250.1</ele>
      </trkpt>
      <trkpt lat="43.193283" lon="10.736456">
        <ele>249.8</ele>
      </trkpt>
      <trkpt lat="43.193156" lon="10.736578">
        <ele>249.3</ele>
      </trkpt>
      <trkpt lat="43.19267" lon="10.736659">
        <ele>248.4</ele>
      </trkpt>
      <trkpt lat="43.192487" lon="10.736771">
        <ele>248.4</ele>
      </trkpt>
      <trkpt lat="43.192362" lon="10.73697">
        <ele>248.3</ele>
      </trkpt>
      <trkpt lat="43.192089" lon="10.737786">
        <ele>248.1</ele>
      </trkpt>
      <trkpt lat="43.192014" lon="10.737939">
        <ele>248.0</ele>
      </trkpt>
      <trkpt lat="43.191855" lon="10.738113">
        <ele>247.9</ele>
      </trkpt>
      <trkpt lat="43.191657" lon="10.738169">
        <ele>247.8</ele>
      </trkpt>
      <trkpt lat="43.191195" lon="10.738182">
        <ele>246.6</ele>
      </trkpt>
      <trkpt lat="43.190695" lon="10.738337">
        <ele>245.3</ele>
      </trkpt>
      <trkpt lat="43.19038" lon="10.7385">
        <ele>244.4</ele>
      </trkpt>
      <trkpt lat="43.190095" lon="10.738767">
        <ele>243.5</ele>
      </trkpt>
      <trkpt lat="43.189933" lon="10.739026">
        <ele>242.9</ele>
      </trkpt>
      <trkpt lat="43.189137" lon="10.740584">
        <ele>239.7</ele>
      </trkpt>
      <trkpt lat="43.188913" lon="10.740979">
        <ele>239.0</ele>
      </trkpt>
      <trkpt lat="43.188682" lon="10.741286">
        <ele>238.9</ele>
      </trkpt>
      <trkpt lat="43.187846" lon="10.742212">
        <ele>238.3</ele>
      </trkpt>
      <trkpt lat="43.187773" lon="10.742263">
        <ele>238.2</ele>
      </trkpt>
      <trkpt lat="43.187618" lon="10.742326">
        <ele>238.1</ele>
      </trkpt>
      <trkpt lat="43.187535" lon="10.742333">
        <ele>238.1</ele>
      </trkpt>
      <trkpt lat="43.187387" lon="10.742247">
        <ele>237.9</ele>
      </trkpt>
      <trkpt lat="43.187248" lon="10.742065">
        <ele>237.7</ele>
      </trkpt>
      <trkpt lat="43.186995" lon="10.74133">
        <ele>237.1</ele>
      </trkpt>
      <trkpt lat="43.18687" lon="10.741115">
        <ele>236.9</ele>
      </trkpt>
      <trkpt lat="43.186634" lon="10.740932">
        <ele>236.7</ele>
      </trkpt>
      <trkpt lat="43.186077" lon="10.740716">
        <ele>236.0</ele>
      </trkpt>
      <trkpt lat="43.185851" lon="10.740518">
        <ele>235.5</ele>
      </trkpt>
      <trkpt lat="43.185756" lon="10.740365">
        <ele>235.3</ele>
      </trkpt>
      <trkpt lat="43.185629" lon="10.740003">
        <ele>234.8</ele>
      </trkpt>
      <trkpt lat="43.185619" lon="10.739851">
        <ele>234.7</ele>
      </trkpt>
      <trkpt lat="43.185691" lon="10.739307">
        <ele>234.0</ele>
      </trkpt>
      <trkpt lat="43.185699" lon="10.73902">
        <ele>233.7</ele>
      </trkpt>
      <trkpt lat="43.185659" lon="10.738856">
        <ele>233.5</ele>
      </trkpt>
      <trkpt lat="43.185466" lon="10.738395">
        <ele>231.7</ele>
      </trkpt>
      <trkpt lat="43.185403" lon="10.738169">
        <ele>230.8</ele>
      </trkpt>
      <trkpt lat="43.185176" lon="10.736811">
        <ele>225.8</ele>
      </trkpt>
      <trkpt lat="43.185031" lon="10.736383">
        <ele>224.4</ele>
      </trkpt>
      <trkpt lat="43.184871" lon="10.736113">
        <ele>223.8</ele>
      </trkpt>
      <trkpt lat="43.184623" lon="10.735891">
        <ele>223.2</ele>
      </trkpt>
      <trkpt lat="43.184364" lon="10.735782">
        <ele>222.6</ele>
      </trkpt>
      <trkpt lat="43.184103" lon="10.73578">
        <ele>222.1</ele>
      </trkpt>
      <trkpt lat="43.183994" lon="10.735831">
        <ele>221.9</ele>
      </trkpt>
      <trkpt lat="43.183878" lon="10.735927">
        <ele>221.6</ele>
      </trkpt>
      <trkpt lat="43.183795" lon="10.736043">
        <ele>221.3</ele>
      </trkpt>
      <trkpt lat="43.183591" lon="10.736664">
        <ele>220.3</ele>
      </trkpt>
      <trkpt lat="43.183505" lon="10.736769">
        <ele>220.1</ele>
      </trkpt>
      <trkpt lat="43.183414" lon="10.736828">
        <ele>219.8</ele>
      </trkpt>
      <trkpt lat="43.18328" lon="10.736857">
        <ele>219.6</ele>
      </trkpt>
      <trkpt lat="43.183142" lon="10.736818">
        <ele>219.3</ele>
      </trkpt>
      <trkpt lat="43.182243" lon="10.736362">
        <ele>217.2</ele>
      </trkpt>
      <trkpt lat="43.182066" lon="10.736306">
        <ele>217.0</ele>
      </trkpt>
      <trkpt lat="43.181614" lon="10.736282">
        <ele>217.0</ele>
      </trkpt>
      <trkpt lat="43.181482" lon="10.736299">
        <ele>216.9</ele>
      </trkpt>
      <trkpt lat="43.181349" lon="10.736363">
        <ele>216.9</ele>
      </trkpt>
      <trkpt lat="43.181232" lon="10.736456">
        <ele>216.9</ele>
      </trkpt>
      <trkpt lat="43.181045" lon="10.736746">
        <ele>216.9</ele>
      </trkpt>
      <trkpt lat="43.180465" lon="10.738625">
        <ele>219.1</ele>
      </trkpt>
      <trkpt lat="43.180352" lon="10.738893">
        <ele>219.7</ele>
      </trkpt>
      <trkpt lat="43.18021" lon="10.739004">
        <ele>220.1</ele>
      </trkpt>
      <trkpt lat="43.180111" lon="10.739014">
        <ele>220.4</ele>
      </trkpt>
      <trkpt lat="43.179941" lon="10.738931">
        <ele>220.9</ele>
      </trkpt>
      <trkpt lat="43.179855" lon="10.738821">
        <ele>221.2</ele>
      </trkpt>
      <trkpt lat="43.179363" lon="10.737729">
        <ele>217.3</ele>
      </trkpt>
      <trkpt lat="43.178758" lon="10.736997">
        <ele>213.3</ele>
      </trkpt>
      <trkpt lat="43.178284" lon="10.736751">
        <ele>211.6</ele>
      </trkpt>
      <trkpt lat="43.178013" lon="10.736529">
        <ele>210.8</ele>
      </trkpt>
      <trkpt lat="43.177797" lon="10.736485">
        <ele>210.2</ele>
      </trkpt>
      <trkpt lat="43.177623" lon="10.73664">
        <ele>209.7</ele>
      </trkpt>
      <trkpt lat="43.176952" lon="10.737652">
        <ele>207.5</ele>
      </trkpt>
      <trkpt lat="43.176793" lon="10.737749">
        <ele>207.2</ele>
      </trkpt>
      <trkpt lat="43.176673" lon="10.737766">
        <ele>207.0</ele>
      </trkpt>
      <trkpt lat="43.176529" lon="10.73772">
        <ele>206.8</ele>
      </trkpt>
      <trkpt lat="43.176283" lon="10.737566">
        <ele>206.4</ele>
      </trkpt>
      <trkpt lat="43.176088" lon="10.73752">
        <ele>206.1</ele>
      </trkpt>
      <trkpt lat="43.175995" lon="10.737541">
        <ele>206.0</ele>
      </trkpt>
      <trkpt lat="43.175837" lon="10.737691">
        <ele>205.7</ele>
      </trkpt>
      <trkpt lat="43.175575" lon="10.73819">
        <ele>205.2</ele>
      </trkpt>
      <trkpt lat="43.175481" lon="10.738283">
        <ele>205.1</ele>
      </trkpt>
      <trkpt lat="43.175373" lon="10.738332">
        <ele>205.1</ele>
      </trkpt>
      <trkpt lat="43.175236" lon="10.73834">
        <ele>205.0</ele>
      </trkpt>
      <trkpt lat="43.174958" lon="10.738306">
        <ele>204.8</ele>
      </trkpt>
      <trkpt lat="43.174712" lon="10.738338">
        <ele>204.7</ele>
      </trkpt>
      <trkpt lat="43.174574" lon="10.73855">
        <ele>204.6</ele>
      </trkpt>
      <trkpt lat="43.174461" lon="10.739013">
        <ele>204.4</ele>
      </trkpt>
      <trkpt lat="43.174386" lon="10.739177">
        <ele>204.3</ele>
      </trkpt>
      <trkpt lat="43.174205" lon="10.739341">
        <ele>204.3</ele>
      </trkpt>
      <trkpt lat="43.174018" lon="10.739344">
        <ele>204.3</ele>
      </trkpt>
      <trkpt lat="43.173927" lon="10.739293">
        <ele>204.3</ele>
      </trkpt>
      <trkpt lat="43.17383" lon="10.739189">
        <ele>204.3</ele>
      </trkpt>
      <trkpt lat="43.173476" lon="10.738585">
        <ele>204.3</ele>
      </trkpt>
      <trkpt lat="43.17338" lon="10.738487">
        <ele>204.3</ele>
      </trkpt>
      <trkpt lat="43.173059" lon="10.738267">
        <ele>204.4</ele>
      </trkpt>
      <trkpt lat="43.172925" lon="10.738133">
        <ele>204.4</ele>
      </trkpt>
      <trkpt lat="43.172563" lon="10.737506">
        <ele>203.8</ele>
      </trkpt>
      <trkpt lat="43.17246" lon="10.737408">
        <ele>203.6</ele>
      </trkpt>
      <trkpt lat="43.17204" lon="10.737188">
        <ele>203.1</ele>
      </trkpt>
      <trkpt lat="43.171945" lon="10.737107">
        <ele>203.0</ele>
      </trkpt>
      <trkpt lat="43.171798" lon="10.736803">
        <ele>202.7</ele>
      </trkpt>
      <trkpt lat="43.171569" lon="10.735775">
        <ele>201.2</ele>
      </trkpt>
      <trkpt lat="43.171444" lon="10.735446">
        <ele>200.5</ele>
      </trkpt>
      <trkpt lat="43.171275" lon="10.735131">
        <ele>199.8</ele>
      </trkpt>
      <trkpt lat="43.17057" lon="10.734062">
        <ele>197.2</ele>
      </trkpt>
      <trkpt lat="43.170466" lon="10.733924">
        <ele>196.9</ele>
      </trkpt>
      <trkpt lat="43.170291" lon="10.733846">
        <ele>196.5</ele>
      </trkpt>
      <trkpt lat="43.170144" lon="10.733904">
        <ele>196.1</ele>
      </trkpt>
      <trkpt lat="43.170029" lon="10.734011">
        <ele>195.7</ele>
      </trkpt>
      <trkpt lat="43.169385" lon="10.735031">
        <ele>193.6</ele>
      </trkpt>
      <trkpt lat="43.169261" lon="10.735185">
        <ele>193.6</ele>
      </trkpt>
      <trkpt lat="43.169117" lon="10.735271">
        <ele>193.6</ele>
      </trkpt>
      <trkpt lat="43.168912" lon="10.735265">
        <ele>193.5</ele>
      </trkpt>
      <trkpt lat="43.168778" lon="10.735176">
        <ele>193.5</ele>
      </trkpt>
      <trkpt lat="43.168522" lon="10.7348">
        <ele>193.4</ele>
      </trkpt>
      <trkpt lat="43.168405" lon="10.734713">
        <ele>193.4</ele>
      </trkpt>
      <trkpt lat="43.168319" lon="10.734683">
        <ele>193.4</ele>
      </trkpt>
      <trkpt lat="43.16794" lon="10.734715">
        <ele>193.3</ele>
      </trkpt>
      <trkpt lat="43.167847" lon="10.734699">
        <ele>192.9</ele>
      </trkpt>
      <trkpt lat="43.16769" lon="10.734614">
        <ele>192.0</ele>
      </trkpt>
      <trkpt lat="43.167617" lon="10.734527">
        <ele>191.4</ele>
      </trkpt>
      <trkpt lat="43.1675" lon="10.734266">
        <ele>190.2</ele>
      </trkpt>
      <trkpt lat="43.167344" lon="10.733497">
        <ele>186.9</ele>
      </trkpt>
      <trkpt lat="43.167263" lon="10.733264">
        <ele>185.8</ele>
      </trkpt>
      <trkpt lat="43.167114" lon="10.733126">
        <ele>184.8</ele>
      </trkpt>
      <trkpt lat="43.16676" lon="10.732978">
        <ele>182.4</ele>
      </trkpt>
      <trkpt lat="43.166634" lon="10.732873">
        <ele>181.1</ele>
      </trkpt>
      <trkpt lat="43.166534" lon="10.732755">
        <ele>180.0</ele>
      </trkpt>
      <trkpt lat="43.166349" lon="10.732456">
        <ele>177.5</ele>
      </trkpt>
      <trkpt lat="43.166136" lon="10.732226">
        <ele>175.1</ele>
      </trkpt>
      <trkpt lat="43.165861" lon="10.732113">
        <ele>172.6</ele>
      </trkpt>
      <trkpt lat="43.164555" lon="10.731724">
        <ele>162.7</ele>
      </trkpt>
      <trkpt lat="43.162321" lon="10.731076">
        <ele>148.9</ele>
      </trkpt>
      <trkpt lat="43.161329" lon="10.73076">
        <ele>142.6</ele>
      </trkpt>
      <trkpt lat="43.161129" lon="10.730702">
        <ele>141.3</ele>
      </trkpt>
      <trkpt lat="43.160993" lon="10.730655">
        <ele>140.4</ele>
      </trkpt>
      <trkpt lat="43.160785" lon="10.730544">
        <ele>138.9</ele>
      </trkpt>
      <trkpt lat="43.160406" lon="10.730063">
        <ele>135.4</ele>
      </trkpt>
      <trkpt lat="43.160201" lon="10.729948">
        <ele>134.0</ele>
      </trkpt>
      <trkpt lat="43.159709" lon="10.729767">
        <ele>131.0</ele>
      </trkpt>
      <trkpt lat="43.159486" lon="10.729635">
        <ele>129.6</ele>
      </trkpt>
      <trkpt lat="43.158998" lon="10.729079">
        <ele>125.9</ele>
      </trkpt>
      <trkpt lat="43.158522" lon="10.728694">
        <ele>122.9</ele>
      </trkpt>
      <trkpt lat="43.15591" lon="10.726975">
        <ele>112.4</ele>
      </trkpt>
      <trkpt lat="43.155645" lon="10.726796">
        <ele>111.5</ele>
      </trkpt>
      <trkpt lat="43.152573" lon="10.724738">
        <ele>107.3</ele>
      </trkpt>
      <trkpt lat="43.152517" lon="10.724699">
        <ele>107.3</ele>
      </trkpt>
      <trkpt lat="43.152112" lon="10.724485">
        <ele>107.1</ele>
      </trkpt>
      <trkpt lat="43.151832" lon="10.724398">
        <ele>107.8</ele>
      </trkpt>
      <trkpt lat="43.151488" lon="10.724403">
        <ele>108.8</ele>
      </trkpt>
      <trkpt lat="43.150573" lon="10.724559">
        <ele>111.4</ele>
      </trkpt>
      <trkpt lat="43.150371" lon="10.724594">
        <ele>112.0</ele>
      </trkpt>
      <trkpt lat="43.150231" lon="10.724681">
        <ele>112.0</ele>
      </trkpt>
      <trkpt lat="43.150152" lon="10.724788">
        <ele>111.9</ele>
      </trkpt>
      <trkpt lat="43.150083" lon="10.724934">
        <ele>111.8</ele>
      </trkpt>
      <trkpt lat="43.149985" lon="10.725353">
        <ele>111.5</ele>
      </trkpt>
      <trkpt lat="43.149876" lon="10.726159">
        <ele>111.0</ele>
      </trkpt>
      <trkpt lat="43.149625" lon="10.727927">
        <ele>109.4</ele>
      </trkpt>
      <trkpt lat="43.149569" lon="10.72819">
        <ele>109.1</ele>
      </trkpt>
      <trkpt lat="43.149482" lon="10.728381">
        <ele>108.9</ele>
      </trkpt>
      <trkpt lat="43.149301" lon="10.728596">
        <ele>108.5</ele>
      </trkpt>
      <trkpt lat="43.149147" lon="10.728729">
        <ele>108.2</ele>
      </trkpt>
      <trkpt lat="43.147786" lon="10.729799">
        <ele>106.3</ele>
      </trkpt>
      <trkpt lat="43.146719" lon="10.730858">
        <ele>104.2</ele>
      </trkpt>
      <trkpt lat="43.146561" lon="10.730971">
        <ele>103.9</ele>
      </trkpt>
      <trkpt lat="43.146243" lon="10.731105">
        <ele>103.3</ele>
      </trkpt>
      <trkpt lat="43.144862" lon="10.731524">
        <ele>101.9</ele>
      </trkpt>
      <trkpt lat="43.144332" lon="10.731621">
        <ele>101.7</ele>
      </trkpt>
      <trkpt lat="43.143648" lon="10.731635">
        <ele>100.5</ele>
      </trkpt>
      <trkpt lat="43.143453" lon="10.731681">
        <ele>100.0</ele>
      </trkpt>
      <trkpt lat="43.14282" lon="10.73202">
        <ele>98.3</ele>
      </trkpt>
      <trkpt lat="43.142636" lon="10.732077">
        <ele>97.8</ele>
      </trkpt>
      <trkpt lat="43.142461" lon="10.732088">
        <ele>97.4</ele>
      </trkpt>
      <trkpt lat="43.142187" lon="10.732042">
        <ele>96.7</ele>
      </trkpt>
      <trkpt lat="43.141994" lon="10.731962">
        <ele>96.2</ele>
      </trkpt>
      <trkpt lat="43.140552" lon="10.730903">
        <ele>92.5</ele>
      </trkpt>
      <trkpt lat="43.139181" lon="10.729886">
        <ele>92.4</ele>
      </trkpt>
      <trkpt lat="43.138966" lon="10.729607">
        <ele>92.4</ele>
      </trkpt>
      <trkpt lat="43.138759" lon="10.729202">
        <ele>92.3</ele>
      </trkpt>
      <trkpt lat="43.138521" lon="10.728902">
        <ele>92.3</ele>
      </trkpt>
      <trkpt lat="43.138207" lon="10.728692">
        <ele>92.2</ele>
      </trkpt>
      <trkpt lat="43.137695" lon="10.728528">
        <ele>92.1</ele>
      </trkpt>
      <trkpt lat="43.137461" lon="10.728353">
        <ele>91.7</ele>
      </trkpt>
      <trkpt lat="43.13726" lon="10.728114">
        <ele>91.3</ele>
      </trkpt>
      <trkpt lat="43.135718" lon="10.726071">
        <ele>88.6</ele>
      </trkpt>
      <trkpt lat="43.135427" lon="10.725687">
        <ele>88.2</ele>
      </trkpt>
      <trkpt lat="43.135112" lon="10.725282">
        <ele>87.7</ele>
      </trkpt>
      <trkpt lat="43.134779" lon="10.724849">
        <ele>87.5</ele>
      </trkpt>
      <trkpt lat="43.133506" lon="10.722999">
        <ele>86.8</ele>
      </trkpt>
      <trkpt lat="43.133184" lon="10.722663">
        <ele>86.5</ele>
      </trkpt>
      <trkpt lat="43.132648" lon="10.722231">
        <ele>86.1</ele>
      </trkpt>
      <trkpt lat="43.13228" lon="10.721892">
        <ele>85.8</ele>
      </trkpt>
      <trkpt lat="43.131999" lon="10.721545">
        <ele>85.4</ele>
      </trkpt>
      <trkpt lat="43.131491" lon="10.720775">
        <ele>84.7</ele>
      </trkpt>
      <trkpt lat="43.130836" lon="10.719869">
        <ele>83.7</ele>
      </trkpt>
      <trkpt lat="43.130321" lon="10.719265">
        <ele>82.9</ele>
      </trkpt>
      <trkpt lat="43.130179" lon="10.719141">
        <ele>82.7</ele>
      </trkpt>
      <trkpt lat="43.129952" lon="10.718967">
        <ele>82.4</ele>
      </trkpt>
      <trkpt lat="43.129671" lon="10.718796">
        <ele>82.0</ele>
      </trkpt>
      <trkpt lat="43.126857" lon="10.717371">
        <ele>78.1</ele>
      </trkpt>
      <trkpt lat="43.126249" lon="10.717141">
        <ele>77.3</ele>
      </trkpt>
      <trkpt lat="43.125491" lon="10.716984">
        <ele>76.7</ele>
      </trkpt>
      <trkpt lat="43.125422" lon="10.716994">
        <ele>76.7</ele>
      </trkpt>
      <trkpt lat="43.125327" lon="10.717528">
        <ele>76.4</ele>
      </trkpt>
      <trkpt lat="43.125228" lon="10.718116">
        <ele>76.1</ele>
      </trkpt>
      <trkpt lat="43.124996" lon="10.719397">
        <ele>76.6</ele>
      </trkpt>
      <trkpt lat="43.124947" lon="10.719558">
        <ele>76.7</ele>
      </trkpt>
      <trkpt lat="43.124856" lon="10.719772">
        <ele>76.8</ele>
      </trkpt>
      <trkpt lat="43.124757" lon="10.719927">
        <ele>76.9</ele>
      </trkpt>
      <trkpt lat="43.124657" lon="10.720071">
        <ele>77.0</ele>
      </trkpt>
      <trkpt lat="43.124529" lon="10.720189">
        <ele>77.1</ele>
      </trkpt>
      <trkpt lat="43.122633" lon="10.721455">
        <ele>79.1</ele>
      </trkpt>
      <trkpt lat="43.122481" lon="10.721523">
        <ele>79.4</ele>
      </trkpt>
      <trkpt lat="43.12214" lon="10.721573">
        <ele>80.0</ele>
      </trkpt>
      <trkpt lat="43.120653" lon="10.721301">
        <ele>81.8</ele>
      </trkpt>
      <trkpt lat="43.12047" lon="10.721251">
        <ele>81.7</ele>
      </trkpt>
      <trkpt lat="43.120312" lon="10.721166">
        <ele>81.7</ele>
      </trkpt>
      <trkpt lat="43.119991" lon="10.720933">
        <ele>81.5</ele>
      </trkpt>
      <trkpt lat="43.118188" lon="10.719283">
        <ele>78.1</ele>
      </trkpt>
      <trkpt lat="43.11806" lon="10.719185">
        <ele>77.8</ele>
      </trkpt>
      <trkpt lat="43.117923" lon="10.719129">
        <ele>77.5</ele>
      </trkpt>
      <trkpt lat="43.117609" lon="10.719177">
        <ele>77.0</ele>
      </trkpt>
      <trkpt lat="43.11634" lon="10.719786">
        <ele>75.7</ele>
      </trkpt>
      <trkpt lat="43.11518" lon="10.720173">
        <ele>75.4</ele>
      </trkpt>
      <trkpt lat="43.114829" lon="10.720246">
        <ele>75.4</ele>
      </trkpt>
      <trkpt lat="43.113975" lon="10.720333">
        <ele>74.9</ele>
      </trkpt>
      <trkpt lat="43.113566" lon="10.720456">
        <ele>74.5</ele>
      </trkpt>
      <trkpt lat="43.113351" lon="10.720577">
        <ele>74.2</ele>
      </trkpt>
      <trkpt lat="43.113215" lon="10.72069">
        <ele>74.0</ele>
      </trkpt>
      <trkpt lat="43.11308" lon="10.72082">
        <ele>73.9</ele>
      </trkpt>
      <trkpt lat="43.112974" lon="10.720966">
        <ele>73.7</ele>
      </trkpt>
      <trkpt lat="43.112797" lon="10.721301">
        <ele>73.4</ele>
      </trkpt>
      <trkpt lat="43.112733" lon="10.721473">
        <ele>73.1</ele>
      </trkpt>
      <trkpt lat="43.112668" lon="10.721751">
        <ele>72.8</ele>
      </trkpt>
      <trkpt lat="43.112591" lon="10.722907">
        <ele>71.3</ele>
      </trkpt>
      <trkpt lat="43.11257" lon="10.723098">
        <ele>71.1</ele>
      </trkpt>
      <trkpt lat="43.112519" lon="10.723278">
        <ele>70.8</ele>
      </trkpt>
      <trkpt lat="43.112451" lon="10.723429">
        <ele>70.6</ele>
      </trkpt>
      <trkpt lat="43.112355" lon="10.723573">
        <ele>70.4</ele>
      </trkpt>
      <trkpt lat="43.112207" lon="10.723704">
        <ele>70.2</ele>
      </trkpt>
      <trkpt lat="43.111708" lon="10.723999">
        <ele>69.8</ele>
      </trkpt>
      <trkpt lat="43.11089" lon="10.724449">
        <ele>69.1</ele>
      </trkpt>
      <trkpt lat="43.110633" lon="10.724604">
        <ele>68.9</ele>
      </trkpt>
      <trkpt lat="43.11029" lon="10.724878">
        <ele>69.1</ele>
      </trkpt>
      <trkpt lat="43.110007" lon="10.725175">
        <ele>69.3</ele>
      </trkpt>
      <trkpt lat="43.109855" lon="10.725375">
        <ele>69.4</ele>
      </trkpt>
      <trkpt lat="43.109681" lon="10.72564">
        <ele>69.5</ele>
      </trkpt>
      <trkpt lat="43.108727" lon="10.727313">
        <ele>70.7</ele>
      </trkpt>
      <trkpt lat="43.108365" lon="10.727106">
        <ele>71.0</ele>
      </trkpt>
      <trkpt lat="43.108133" lon="10.727006">
        <ele>71.3</ele>
      </trkpt>
      <trkpt lat="43.107313" lon="10.726747">
        <ele>70.9</ele>
      </trkpt>
      <trkpt lat="43.106435" lon="10.7265">
        <ele>70.2</ele>
      </trkpt>
      <trkpt lat="43.103892" lon="10.725938">
        <ele>68.0</ele>
      </trkpt>
      <trkpt lat="43.103505" lon="10.725888">
        <ele>67.9</ele>
      </trkpt>
      <trkpt lat="43.100381" lon="10.725999">
        <ele>67.0</ele>
      </trkpt>
      <trkpt lat="43.099253" lon="10.725959">
        <ele>65.1</ele>
      </trkpt>
      <trkpt lat="43.098918" lon="10.726012">
        <ele>64.5</ele>
      </trkpt>
      <trkpt lat="43.098552" lon="10.726143">
        <ele>63.7</ele>
      </trkpt>
      <trkpt lat="43.097673" lon="10.72655">
        <ele>61.8</ele>
      </trkpt>
      <trkpt lat="43.097571" lon="10.726594">
        <ele>61.6</ele>
      </trkpt>
      <trkpt lat="43.09676" lon="10.726961">
        <ele>60.8</ele>
      </trkpt>
      <trkpt lat="43.096556" lon="10.727059">
        <ele>60.6</ele>
      </trkpt>
      <trkpt lat="43.096052" lon="10.727294">
        <ele>60.3</ele>
      </trkpt>
      <trkpt lat="43.094006" lon="10.728217">
        <ele>59.6</ele>
      </trkpt>
      <trkpt lat="43.093679" lon="10.728326">
        <ele>59.5</ele>
      </trkpt>
      <trkpt lat="43.089511" lon="10.729436">
        <ele>58.7</ele>
      </trkpt>
      <trkpt lat="43.088398" lon="10.729724">
        <ele>58.2</ele>
      </trkpt>
      <trkpt lat="43.088047" lon="10.729819">
        <ele>57.8</ele>
      </trkpt>
      <trkpt lat="43.087778" lon="10.729882">
        <ele>57.5</ele>
      </trkpt>
      <trkpt lat="43.087466" lon="10.729859">
        <ele>57.2</ele>
      </trkpt>
      <trkpt lat="43.084168" lon="10.729152">
        <ele>52.2</ele>
      </trkpt>
      <trkpt lat="43.083886" lon="10.729088">
        <ele>51.8</ele>
      </trkpt>
      <trkpt lat="43.083613" lon="10.728973">
        <ele>51.4</ele>
      </trkpt>
      <trkpt lat="43.083296" lon="10.728661">
        <ele>50.9</ele>
      </trkpt>
      <trkpt lat="43.080752" lon="10.725478">
        <ele>49.6</ele>
      </trkpt>
      <trkpt lat="43.077201" lon="10.721052">
        <ele>47.1</ele>
      </trkpt>
      <trkpt lat="43.072131" lon="10.714726">
        <ele>44.7</ele>
      </trkpt>
      <trkpt lat="43.071883" lon="10.71439">
        <ele>44.6</ele>
      </trkpt>
      <trkpt lat="43.071804" lon="10.714149">
        <ele>44.6</ele>
      </trkpt>
      <trkpt lat="43.071707" lon="10.714135">
        <ele>44.6</ele>
      </trkpt>
      <trkpt lat="43.071617" lon="10.714165">
        <ele>44.6</ele>
      </trkpt>
      <trkpt lat="43.071545" lon="10.714337">
        <ele>44.6</ele>
      </trkpt>
      <trkpt lat="43.068527" lon="10.720795">
        <ele>44.9</ele>
      </trkpt>
      <trkpt lat="43.068457" lon="10.720949">
        <ele>44.9</ele>
      </trkpt>
      <trkpt lat="43.067952" lon="10.721982">
        <ele>45.0</ele>
      </trkpt>
      <trkpt lat="43.067775" lon="10.722232">
        <ele>45.1</ele>
      </trkpt>
      <trkpt lat="43.067572" lon="10.722431">
        <ele>45.1</ele>
      </trkpt>
      <trkpt lat="43.067564" lon="10.722434">
        <ele>45.1</ele>
      </trkpt>
      <trkpt lat="43.06708" lon="10.722802">
        <ele>45.3</ele>
      </trkpt>
      <trkpt lat="43.066642" lon="10.723126">
        <ele>45.4</ele>
      </trkpt>
      <trkpt lat="43.066149" lon="10.723364">
        <ele>45.6</ele>
      </trkpt>
      <trkpt lat="43.063205" lon="10.723828">
        <ele>45.2</ele>
      </trkpt>
      <trkpt lat="43.061984" lon="10.724">
        <ele>44.9</ele>
      </trkpt>
      <trkpt lat="43.061607" lon="10.723959">
        <ele>44.9</ele>
      </trkpt>
      <trkpt lat="43.060932" lon="10.723767">
        <ele>44.9</ele>
      </trkpt>
      <trkpt lat="43.0584" lon="10.722941">
        <ele>46.2</ele>
      </trkpt>
      <trkpt lat="43.055785" lon="10.722092">
        <ele>46.8</ele>
      </trkpt>
      <trkpt lat="43.055624" lon="10.72204">
        <ele>46.8</ele>
      </trkpt>
      <trkpt lat="43.055395" lon="10.721967">
        <ele>46.7</ele>
      </trkpt>
      <trkpt lat="43.055379" lon="10.721757">
        <ele>46.6</ele>
      </trkpt>
      <trkpt lat="43.054478" lon="10.720552">
        <ele>44.7</ele>
      </trkpt>
      <trkpt lat="43.048412" lon="10.712769">
        <ele>41.8</ele>
      </trkpt>
      <trkpt lat="43.047155" lon="10.71132">
        <ele>39.2</ele>
      </trkpt>
      <trkpt lat="43.046754" lon="10.710938">
        <ele>37.8</ele>
      </trkpt>
      <trkpt lat="43.045954" lon="10.710335">
        <ele>35.2</ele>
      </trkpt>
      <trkpt lat="43.04592" lon="10.71031">
        <ele>35.1</ele>
      </trkpt>
      <trkpt lat="43.044954" lon="10.709719">
        <ele>33.9</ele>
      </trkpt>
      <trkpt lat="43.044047" lon="10.709276">
        <ele>33.0</ele>
      </trkpt>
      <trkpt lat="43.043631" lon="10.709091">
        <ele>32.9</ele>
      </trkpt>
      <trkpt lat="43.043556" lon="10.709058">
        <ele>32.9</ele>
      </trkpt>
      <trkpt lat="43.04281" lon="10.708743">
        <ele>32.7</ele>
      </trkpt>
      <trkpt lat="43.042292" lon="10.708528">
        <ele>32.5</ele>
      </trkpt>
      <trkpt lat="43.040616" lon="10.707802">
        <ele>31.2</ele>
      </trkpt>
      <trkpt lat="43.040279" lon="10.707651">
        <ele>31.2</ele>
      </trkpt>
      <trkpt lat="43.040156" lon="10.7076">
        <ele>31.1</ele>
      </trkpt>
      <trkpt lat="43.039035" lon="10.707117">
        <ele>31.0</ele>
      </trkpt>
      <trkpt lat="43.038584" lon="10.706925">
        <ele>31.1</ele>
      </trkpt>
      <trkpt lat="43.038199" lon="10.706759">
        <ele>31.2</ele>
      </trkpt>
      <trkpt lat="43.036512" lon="10.706038">
        <ele>31.6</ele>
      </trkpt>
      <trkpt lat="43.03515" lon="10.705453">
        <ele>31.7</ele>
      </trkpt>
      <trkpt lat="43.032428" lon="10.70428">
        <ele>31.3</ele>
      </trkpt>
      <trkpt lat="43.028774" lon="10.702692">
        <ele>29.5</ele>
      </trkpt>
      <trkpt lat="43.02778" lon="10.702168">
        <ele>29.2</ele>
      </trkpt>
      <trkpt lat="43.026666" lon="10.701478">
        <ele>28.8</ele>
      </trkpt>
      <trkpt lat="43.024697" lon="10.699912">
        <ele>28.2</ele>
      </trkpt>
      <trkpt lat="43.024364" lon="10.699576">
        <ele>28.1</ele>
      </trkpt>
      <trkpt lat="43.02364" lon="10.698743">
        <ele>27.7</ele>
      </trkpt>
      <trkpt lat="43.022881" lon="10.697806">
        <ele>27.3</ele>
      </trkpt>
      <trkpt lat="43.021668" lon="10.695981">
        <ele>26.7</ele>
      </trkpt>
      <trkpt lat="43.021595" lon="10.695857">
        <ele>26.6</ele>
      </trkpt>
      <trkpt lat="43.021365" lon="10.695495">
        <ele>26.2</ele>
      </trkpt>
      <trkpt lat="43.021221" lon="10.695085">
        <ele>25.7</ele>
      </trkpt>
      <trkpt lat="43.021066" lon="10.693431">
        <ele>23.8</ele>
      </trkpt>
      <trkpt lat="43.021024" lon="10.692834">
        <ele>23.5</ele>
      </trkpt>
      <trkpt lat="43.021037" lon="10.692338">
        <ele>23.3</ele>
      </trkpt>
      <trkpt lat="43.021102" lon="10.691895">
        <ele>23.1</ele>
      </trkpt>
      <trkpt lat="43.021215" lon="10.691456">
        <ele>22.9</ele>
      </trkpt>
      <trkpt lat="43.021323" lon="10.691081">
        <ele>22.7</ele>
      </trkpt>
      <trkpt lat="43.022208" lon="10.687987">
        <ele>28.4</ele>
      </trkpt>
      <trkpt lat="43.022728" lon="10.685327">
        <ele>32.2</ele>
      </trkpt>
      <trkpt lat="43.022936" lon="10.684261">
        <ele>32.5</ele>
      </trkpt>
      <trkpt lat="43.023087" lon="10.683548">
        <ele>31.5</ele>
      </trkpt>
      <trkpt lat="43.023159" lon="10.683315">
        <ele>31.0</ele>
      </trkpt>
      <trkpt lat="43.023373" lon="10.682836">
        <ele>29.9</ele>
      </trkpt>
      <trkpt lat="43.023515" lon="10.682576">
        <ele>29.3</ele>
      </trkpt>
      <trkpt lat="43.024687" lon="10.680406">
        <ele>25.2</ele>
      </trkpt>
      <trkpt lat="43.024747" lon="10.68011">
        <ele>24.8</ele>
      </trkpt>
      <trkpt lat="43.024727" lon="10.67985">
        <ele>24.4</ele>
      </trkpt>
      <trkpt lat="43.024" lon="10.675796">
        <ele>19.6</ele>
      </trkpt>
      <trkpt lat="43.023959" lon="10.675639">
        <ele>19.4</ele>
      </trkpt>
      <trkpt lat="43.023884" lon="10.675501">
        <ele>19.2</ele>
      </trkpt>
      <trkpt lat="43.023754" lon="10.675375">
        <ele>19.0</ele>
      </trkpt>
      <trkpt lat="43.023555" lon="10.675318">
        <ele>18.8</ele>
      </trkpt>
      <trkpt lat="43.019518" lon="10.675086">
        <ele>17.5</ele>
      </trkpt>
      <trkpt lat="43.019228" lon="10.675061">
        <ele>17.4</ele>
      </trkpt>
      <trkpt lat="43.019052" lon="10.675004">
        <ele>17.3</ele>
      </trkpt>
      <trkpt lat="43.018957" lon="10.674894">
        <ele>17.2</ele>
      </trkpt>
      <trkpt lat="43.01882" lon="10.674515">
        <ele>17.1</ele>
      </trkpt>
      <trkpt lat="43.013427" lon="10.656677">
        <ele>13.8</ele>
      </trkpt>
      <trkpt lat="43.012611" lon="10.65405">
        <ele>13.3</ele>
      </trkpt>
      <trkpt lat="43.012601" lon="10.653533">
        <ele>14.9</ele>
      </trkpt>
      <trkpt lat="43.01274" lon="10.653498">
        <ele>14.9</ele>
      </trkpt>
      <trkpt lat="43.013018" lon="10.653389">
        <ele>14.5</ele>
      </trkpt>
      <trkpt lat="43.013104" lon="10.653369">
        <ele>14.4</ele>
      </trkpt>
      <trkpt lat="43.013255" lon="10.653369">
        <ele>14.3</ele>
      </trkpt>
      <trkpt lat="43.016516" lon="10.654097">
        <ele>15.0</ele>
      </trkpt>
      <trkpt lat="43.019048" lon="10.654678">
        <ele>14.1</ele>
      </trkpt>
      <trkpt lat="43.02246" lon="10.655449">
        <ele>14.3</ele>
      </trkpt>
      <trkpt lat="43.023169" lon="10.655601">
        <ele>14.1</ele>
      </trkpt>
      <trkpt lat="43.02334" lon="10.655621">
        <ele>14.2</ele>
      </trkpt>
      <trkpt lat="43.023575" lon="10.655601">
        <ele>14.3</ele>
      </trkpt>
      <trkpt lat="43.026344" lon="10.654698">
        <ele>14.5</ele>
      </trkpt>
      <trkpt lat="43.026622" lon="10.654612">
        <ele>14.3</ele>
      </trkpt>
      <trkpt lat="43.029606" lon="10.653625">
        <ele>15.2</ele>
      </trkpt>
      <trkpt lat="43.03042" lon="10.653369">
        <ele>16.9</ele>
      </trkpt>
      <trkpt lat="43.030829" lon="10.653218">
        <ele>16.5</ele>
      </trkpt>
      <trkpt lat="43.030935" lon="10.653175">
        <ele>16.4</ele>
      </trkpt>
      <trkpt lat="43.031171" lon="10.653003">
        <ele>16.1</ele>
      </trkpt>
      <trkpt lat="43.031543" lon="10.652667">
        <ele>16.6</ele>
      </trkpt>
      <trkpt lat="43.031561" lon="10.6527">
        <ele>16.6</ele>
      </trkpt>
      <trkpt lat="43.031543" lon="10.652667">
        <ele>16.6</ele>
      </trkpt>
      <trkpt lat="43.031623" lon="10.652596">
        <ele>16.9</ele>
      </trkpt>
      <trkpt lat="43.03276" lon="10.651523">
        <ele>18.3</ele>
      </trkpt>
      <trkpt lat="43.032866" lon="10.651351">
        <ele>18.3</ele>
      </trkpt>
      <trkpt lat="43.032952" lon="10.651159">
        <ele>18.1</ele>
      </trkpt>
      <trkpt lat="43.032975" lon="10.65103">
        <ele>18.0</ele>
      </trkpt>
      <trkpt lat="43.033018" lon="10.650858">
        <ele>18.0</ele>
      </trkpt>
      <trkpt lat="43.03321" lon="10.650085">
        <ele>17.9</ele>
      </trkpt>
      <trkpt lat="43.033253" lon="10.649936">
        <ele>17.8</ele>
      </trkpt>
      <trkpt lat="43.033296" lon="10.649827">
        <ele>17.8</ele>
      </trkpt>
      <trkpt lat="43.033381" lon="10.649721">
        <ele>17.7</ele>
      </trkpt>
      <trkpt lat="43.033553" lon="10.649592">
        <ele>17.4</ele>
      </trkpt>
      <trkpt lat="43.034155" lon="10.649248">
        <ele>16.4</ele>
      </trkpt>
      <trkpt lat="43.034498" lon="10.649013">
        <ele>16.0</ele>
      </trkpt>
      <trkpt lat="43.034905" lon="10.64867">
        <ele>16.9</ele>
      </trkpt>
      <trkpt lat="43.035678" lon="10.648005">
        <ele>18.3</ele>
      </trkpt>
      <trkpt lat="43.035721" lon="10.647962">
        <ele>18.3</ele>
      </trkpt>
      <trkpt lat="43.036279" lon="10.64749">
        <ele>17.7</ele>
      </trkpt>
      <trkpt lat="43.036365" lon="10.647381">
        <ele>17.7</ele>
      </trkpt>
      <trkpt lat="43.036836" lon="10.646587">
        <ele>16.8</ele>
      </trkpt>
      <trkpt lat="43.037116" lon="10.646052">
        <ele>17.0</ele>
      </trkpt>
      <trkpt lat="43.037245" lon="10.645751">
        <ele>16.7</ele>
      </trkpt>
      <trkpt lat="43.037351" lon="10.645364">
        <ele>16.4</ele>
      </trkpt>
      <trkpt lat="43.037437" lon="10.645021">
        <ele>16.3</ele>
      </trkpt>
      <trkpt lat="43.037523" lon="10.644528">
        <ele>16.4</ele>
      </trkpt>
      <trkpt lat="43.037545" lon="10.64442">
        <ele>16.5</ele>
      </trkpt>
      <trkpt lat="43.037609" lon="10.644271">
        <ele>16.5</ele>
      </trkpt>
      <trkpt lat="43.037631" lon="10.644228">
        <ele>16.5</ele>
      </trkpt>
      <trkpt lat="43.037846" lon="10.643992">
        <ele>16.8</ele>
      </trkpt>
      <trkpt lat="43.038531" lon="10.643219">
        <ele>17.5</ele>
      </trkpt>
      <trkpt lat="43.039175" lon="10.642511">
        <ele>16.6</ele>
      </trkpt>
      <trkpt lat="43.039476" lon="10.642168">
        <ele>16.6</ele>
      </trkpt>
      <trkpt lat="43.03984" lon="10.641759">
        <ele>17.5</ele>
      </trkpt>
      <trkpt lat="43.040155" lon="10.641379">
        <ele>18.9</ele>
      </trkpt>
      <trkpt lat="43.040871" lon="10.640516">
        <ele>20.5</ele>
      </trkpt>
      <trkpt lat="43.041386" lon="10.639936">
        <ele>22.8</ele>
      </trkpt>
      <trkpt lat="43.041621" lon="10.639636">
        <ele>23.8</ele>
      </trkpt>
      <trkpt lat="43.041879" lon="10.639293">
        <ele>24.7</ele>
      </trkpt>
      <trkpt lat="43.042029" lon="10.639035">
        <ele>24.9</ele>
      </trkpt>
      <trkpt lat="43.042094" lon="10.638949">
        <ele>24.9</ele>
      </trkpt>
      <trkpt lat="43.042501" lon="10.638198">
        <ele>25.6</ele>
      </trkpt>
      <trkpt lat="43.042609" lon="10.638413">
        <ele>25.6</ele>
      </trkpt>
      <trkpt lat="43.042738" lon="10.638777">
        <ele>25.7</ele>
      </trkpt>
      <trkpt lat="43.042707" lon="10.638689">
        <ele>25.7</ele>
      </trkpt>
      <trkpt lat="43.042609" lon="10.638413">
        <ele>25.6</ele>
      </trkpt>
      <trkpt lat="43.042501" lon="10.638198">
        <ele>25.6</ele>
      </trkpt>
      <trkpt lat="43.042395" lon="10.638004">
        <ele>25.7</ele>
      </trkpt>
      <trkpt lat="43.042158" lon="10.637532">
        <ele>26.1</ele>
      </trkpt>
      <trkpt lat="43.041944" lon="10.636953">
        <ele>26.5</ele>
      </trkpt>
      <trkpt lat="43.041836" lon="10.636695">
        <ele>26.1</ele>
      </trkpt>
      <trkpt lat="43.041687" lon="10.636266">
        <ele>24.9</ele>
      </trkpt>
      <trkpt lat="43.041535" lon="10.635924">
        <ele>24.0</ele>
      </trkpt>
      <trkpt lat="43.041086" lon="10.634871">
        <ele>23.4</ele>
      </trkpt>
      <trkpt lat="43.041043" lon="10.634765">
        <ele>23.3</ele>
      </trkpt>
      <trkpt lat="43.040656" lon="10.634035">
        <ele>22.0</ele>
      </trkpt>
      <trkpt lat="43.040098" lon="10.633006">
        <ele>21.7</ele>
      </trkpt>
      <trkpt lat="43.039626" lon="10.632104">
        <ele>21.0</ele>
      </trkpt>
      <trkpt lat="43.039433" lon="10.631674">
        <ele>20.7</ele>
      </trkpt>
      <trkpt lat="43.039348" lon="10.631439">
        <ele>20.6</ele>
      </trkpt>
      <trkpt lat="43.039261" lon="10.631096">
        <ele>20.5</ele>
      </trkpt>
      <trkpt lat="43.038854" lon="10.628799">
        <ele>19.0</ele>
      </trkpt>
      <trkpt lat="43.038789" lon="10.628521">
        <ele>18.9</ele>
      </trkpt>
      <trkpt lat="43.038682" lon="10.628263">
        <ele>18.5</ele>
      </trkpt>
      <trkpt lat="43.037737" lon="10.625989">
        <ele>16.8</ele>
      </trkpt>
      <trkpt lat="43.037222" lon="10.625001">
        <ele>17.6</ele>
      </trkpt>
      <trkpt lat="43.037094" lon="10.624743">
        <ele>17.5</ele>
      </trkpt>
      <trkpt lat="43.036922" lon="10.624228">
        <ele>18.2</ele>
      </trkpt>
      <trkpt lat="43.036644" lon="10.623371">
        <ele>21.5</ele>
      </trkpt>
      <trkpt lat="43.035893" lon="10.621181">
        <ele>16.2</ele>
      </trkpt>
      <trkpt lat="43.03587" lon="10.621074">
        <ele>16.0</ele>
      </trkpt>
      <trkpt lat="43.03557" lon="10.620281">
        <ele>14.4</ele>
      </trkpt>
      <trkpt lat="43.035441" lon="10.619874">
        <ele>14.3</ele>
      </trkpt>
      <trkpt lat="43.035271" lon="10.619187">
        <ele>15.5</ele>
      </trkpt>
      <trkpt lat="43.035249" lon="10.619101">
        <ele>15.8</ele>
      </trkpt>
      <trkpt lat="43.035142" lon="10.618328">
        <ele>17.1</ele>
      </trkpt>
      <trkpt lat="43.035056" lon="10.617749">
        <ele>15.6</ele>
      </trkpt>
      <trkpt lat="43.034842" lon="10.615217">
        <ele>16.2</ele>
      </trkpt>
      <trkpt lat="43.034819" lon="10.614723">
        <ele>16.3</ele>
      </trkpt>
      <trkpt lat="43.034819" lon="10.614015">
        <ele>16.5</ele>
      </trkpt>
      <trkpt lat="43.034862" lon="10.613242">
        <ele>16.3</ele>
      </trkpt>
      <trkpt lat="43.034905" lon="10.612877">
        <ele>16.0</ele>
      </trkpt>
      <trkpt lat="43.034927" lon="10.612814">
        <ele>16.0</ele>
      </trkpt>
      <trkpt lat="43.034927" lon="10.612771">
        <ele>16.0</ele>
      </trkpt>
      <trkpt lat="43.034991" lon="10.612514">
        <ele>15.9</ele>
      </trkpt>
      <trkpt lat="43.035034" lon="10.612256">
        <ele>15.7</ele>
      </trkpt>
      <trkpt lat="43.035099" lon="10.611804">
        <ele>15.2</ele>
      </trkpt>
      <trkpt lat="43.035099" lon="10.611525">
        <ele>15.0</ele>
      </trkpt>
      <trkpt lat="43.035077" lon="10.611354">
        <ele>14.8</ele>
      </trkpt>
      <trkpt lat="43.034991" lon="10.610753">
        <ele>14.6</ele>
      </trkpt>
      <trkpt lat="43.034948" lon="10.610453">
        <ele>14.7</ele>
      </trkpt>
      <trkpt lat="43.034905" lon="10.610153">
        <ele>14.8</ele>
      </trkpt>
      <trkpt lat="43.034862" lon="10.60953">
        <ele>15.0</ele>
      </trkpt>
      <trkpt lat="43.034819" lon="10.609144">
        <ele>15.1</ele>
      </trkpt>
      <trkpt lat="43.034756" lon="10.608887">
        <ele>15.0</ele>
      </trkpt>
      <trkpt lat="43.034647" lon="10.608436">
        <ele>14.9</ele>
      </trkpt>
      <trkpt lat="43.034498" lon="10.606655">
        <ele>17.1</ele>
      </trkpt>
      <trkpt lat="43.034498" lon="10.606075">
        <ele>18.4</ele>
      </trkpt>
      <trkpt lat="43.034541" lon="10.605646">
        <ele>20.0</ele>
      </trkpt>
      <trkpt lat="43.034562" lon="10.605111">
        <ele>21.6</ele>
      </trkpt>
      <trkpt lat="43.034562" lon="10.604789">
        <ele>21.7</ele>
      </trkpt>
      <trkpt lat="43.034584" lon="10.604746">
        <ele>21.8</ele>
      </trkpt>
      <trkpt lat="43.034584" lon="10.604703">
        <ele>21.8</ele>
      </trkpt>
      <trkpt lat="43.034541" lon="10.604574">
        <ele>21.6</ele>
      </trkpt>
      <trkpt lat="43.034498" lon="10.604552">
        <ele>21.3</ele>
      </trkpt>
      <trkpt lat="43.034455" lon="10.604251">
        <ele>21.2</ele>
      </trkpt>
      <trkpt lat="43.034433" lon="10.604102">
        <ele>21.2</ele>
      </trkpt>
      <trkpt lat="43.034541" lon="10.603179">
        <ele>21.7</ele>
      </trkpt>
      <trkpt lat="43.034541" lon="10.603179">
        <ele>21.7</ele>
      </trkpt>
      <trkpt lat="43.03467" lon="10.60245">
        <ele>22.1</ele>
      </trkpt>
      <trkpt lat="43.034842" lon="10.601591">
        <ele>22.2</ele>
      </trkpt>
      <trkpt lat="43.034862" lon="10.601484">
        <ele>22.1</ele>
      </trkpt>
      <trkpt lat="43.034905" lon="10.601356">
        <ele>22.0</ele>
      </trkpt>
      <trkpt lat="43.034948" lon="10.601247">
        <ele>22.0</ele>
      </trkpt>
      <trkpt lat="43.034991" lon="10.601204">
        <ele>22.1</ele>
      </trkpt>
      <trkpt lat="43.035013" lon="10.601141">
        <ele>22.0</ele>
      </trkpt>
      <trkpt lat="43.034991" lon="10.601076">
        <ele>21.9</ele>
      </trkpt>
      <trkpt lat="43.034991" lon="10.600904">
        <ele>21.4</ele>
      </trkpt>
      <trkpt lat="43.035119" lon="10.600325">
        <ele>19.6</ele>
      </trkpt>
      <trkpt lat="43.035163" lon="10.600196">
        <ele>19.3</ele>
      </trkpt>
      <trkpt lat="43.035421" lon="10.599488">
        <ele>19.1</ele>
      </trkpt>
      <trkpt lat="43.035807" lon="10.598394">
        <ele>19.6</ele>
      </trkpt>
      <trkpt lat="43.03615" lon="10.597515">
        <ele>18.3</ele>
      </trkpt>
      <trkpt lat="43.036428" lon="10.596764">
        <ele>17.2</ele>
      </trkpt>
      <trkpt lat="43.036471" lon="10.596612">
        <ele>17.3</ele>
      </trkpt>
      <trkpt lat="43.036558" lon="10.596398">
        <ele>17.5</ele>
      </trkpt>
      <trkpt lat="43.036558" lon="10.596292">
        <ele>17.5</ele>
      </trkpt>
      <trkpt lat="43.036537" lon="10.596249">
        <ele>17.5</ele>
      </trkpt>
      <trkpt lat="43.036526" lon="10.596281">
        <ele>17.5</ele>
      </trkpt>
      <trkpt lat="43.036537" lon="10.596249">
        <ele>17.5</ele>
      </trkpt>
      <trkpt lat="43.036514" lon="10.596206">
        <ele>17.5</ele>
      </trkpt>
      <trkpt lat="43.036279" lon="10.595926">
        <ele>17.0</ele>
      </trkpt>
      <trkpt lat="43.036108" lon="10.595754">
        <ele>16.8</ele>
      </trkpt>
      <trkpt lat="43.035721" lon="10.595346">
        <ele>16.8</ele>
      </trkpt>
      <trkpt lat="43.035507" lon="10.595197">
        <ele>16.9</ele>
      </trkpt>
      <trkpt lat="43.035249" lon="10.595089">
        <ele>16.6</ele>
      </trkpt>
      <trkpt lat="43.035119" lon="10.595003">
        <ele>16.3</ele>
      </trkpt>
      <trkpt lat="43.034927" lon="10.594725">
        <ele>15.7</ele>
      </trkpt>
      <trkpt lat="43.034756" lon="10.594468">
        <ele>15.2</ele>
      </trkpt>
      <trkpt lat="43.035013" lon="10.594146">
        <ele>15.3</ele>
      </trkpt>
      <trkpt lat="43.035185" lon="10.593995">
        <ele>15.5</ele>
      </trkpt>
      <trkpt lat="43.035249" lon="10.593931">
        <ele>15.6</ele>
      </trkpt>
      <trkpt lat="43.035398" lon="10.593909">
        <ele>15.9</ele>
      </trkpt>
      <trkpt lat="43.035441" lon="10.593888">
        <ele>15.9</ele>
      </trkpt>
      <trkpt lat="43.035464" lon="10.593845">
        <ele>16.0</ele>
      </trkpt>
      <trkpt lat="43.035464" lon="10.593802">
        <ele>16.0</ele>
      </trkpt>
      <trkpt lat="43.035464" lon="10.593608">
        <ele>16.0</ele>
      </trkpt>
      <trkpt lat="43.035527" lon="10.593522">
        <ele>15.9</ele>
      </trkpt>
      <trkpt lat="43.036322" lon="10.592514">
        <ele>16.3</ele>
      </trkpt>
      <trkpt lat="43.036494" lon="10.592299">
        <ele>16.7</ele>
      </trkpt>
      <trkpt lat="43.036558" lon="10.592214">
        <ele>16.8</ele>
      </trkpt>
      <trkpt lat="43.037416" lon="10.591185">
        <ele>18.6</ele>
      </trkpt>
      <trkpt lat="43.037459" lon="10.591119">
        <ele>18.7</ele>
      </trkpt>
      <trkpt lat="43.038145" lon="10.590261">
        <ele>20.5</ele>
      </trkpt>
      <trkpt lat="43.038296" lon="10.590089">
        <ele>20.8</ele>
      </trkpt>
      <trkpt lat="43.039218" lon="10.588974">
        <ele>25.1</ele>
      </trkpt>
      <trkpt lat="43.039132" lon="10.588866">
        <ele>24.7</ele>
      </trkpt>
      <trkpt lat="43.038703" lon="10.588458">
        <ele>22.6</ele>
      </trkpt>
      <trkpt lat="43.03673" lon="10.586614">
        <ele>19.1</ele>
      </trkpt>
      <trkpt lat="43.036451" lon="10.586357">
        <ele>19.5</ele>
      </trkpt>
      <trkpt lat="43.034155" lon="10.584254">
        <ele>14.0</ele>
      </trkpt>
      <trkpt lat="43.033999" lon="10.584111">
        <ele>14.0</ele>
      </trkpt>
      <trkpt lat="43.031901" lon="10.582172">
        <ele>12.2</ele>
      </trkpt>
      <trkpt lat="43.031322" lon="10.581636">
        <ele>11.7</ele>
      </trkpt>
      <trkpt lat="43.02894" lon="10.579446">
        <ele>10.0</ele>
      </trkpt>
      <trkpt lat="43.028682" lon="10.579211">
        <ele>9.7</ele>
      </trkpt>
      <trkpt lat="43.02849" lon="10.579061">
        <ele>9.6</ele>
      </trkpt>
      <trkpt lat="43.028447" lon="10.579039">
        <ele>9.5</ele>
      </trkpt>
      <trkpt lat="43.027759" lon="10.578609">
        <ele>9.0</ele>
      </trkpt>
      <trkpt lat="43.027502" lon="10.578438">
        <ele>9.0</ele>
      </trkpt>
      <trkpt lat="43.027244" lon="10.57818">
        <ele>9.0</ele>
      </trkpt>
      <trkpt lat="43.026923" lon="10.577816">
        <ele>9.2</ele>
      </trkpt>
      <trkpt lat="43.026216" lon="10.576808">
        <ele>9.0</ele>
      </trkpt>
      <trkpt lat="43.026001" lon="10.57655">
        <ele>9.2</ele>
      </trkpt>
      <trkpt lat="43.025528" lon="10.576163">
        <ele>9.9</ele>
      </trkpt>
      <trkpt lat="43.025379" lon="10.576014">
        <ele>9.9</ele>
      </trkpt>
      <trkpt lat="43.025185" lon="10.575842">
        <ele>9.7</ele>
      </trkpt>
      <trkpt lat="43.024992" lon="10.575671">
        <ele>9.7</ele>
      </trkpt>
      <trkpt lat="43.024778" lon="10.575413">
        <ele>9.8</ele>
      </trkpt>
      <trkpt lat="43.024541" lon="10.575091">
        <ele>9.9</ele>
      </trkpt>
      <trkpt lat="43.024133" lon="10.574468">
        <ele>9.4</ele>
      </trkpt>
      <trkpt lat="43.023211" lon="10.573139">
        <ele>8.8</ele>
      </trkpt>
      <trkpt lat="43.023039" lon="10.572902">
        <ele>8.9</ele>
      </trkpt>
      <trkpt lat="43.02246" lon="10.572345">
        <ele>7.9</ele>
      </trkpt>
      <trkpt lat="43.022223" lon="10.572194">
        <ele>7.4</ele>
      </trkpt>
      <trkpt lat="43.021923" lon="10.572044">
        <ele>7.1</ele>
      </trkpt>
      <trkpt lat="43.021644" lon="10.571936">
        <ele>7.0</ele>
      </trkpt>
      <trkpt lat="43.021215" lon="10.571807">
        <ele>6.7</ele>
      </trkpt>
      <trkpt lat="43.021151" lon="10.5718">
        <ele>6.6</ele>
      </trkpt>
      <trkpt lat="43.021146" lon="10.571853">
        <ele>6.7</ele>
      </trkpt>
      <trkpt lat="43.021151" lon="10.5718">
        <ele>6.6</ele>
      </trkpt>
      <trkpt lat="43.019434" lon="10.571572">
        <ele>5.5</ele>
      </trkpt>
      <trkpt lat="43.019434" lon="10.571486">
        <ele>5.6</ele>
      </trkpt>
      <trkpt lat="43.019413" lon="10.571444">
        <ele>5.6</ele>
      </trkpt>
      <trkpt lat="43.019348" lon="10.571421">
        <ele>5.7</ele>
      </trkpt>
      <trkpt lat="43.019391" lon="10.571249">
        <ele>5.8</ele>
      </trkpt>
      <trkpt lat="43.02003" lon="10.569721">
        <ele>5.8</ele>
      </trkpt>
      <trkpt lat="43.020062" lon="10.569747">
        <ele>5.7</ele>
      </trkpt>
      <trkpt lat="43.02003" lon="10.569721">
        <ele>5.8</ele>
      </trkpt>
      <trkpt lat="43.020957" lon="10.567494">
        <ele>5.2</ele>
      </trkpt>
      <trkpt lat="43.021" lon="10.567366">
        <ele>5.4</ele>
      </trkpt>
      <trkpt lat="43.021043" lon="10.567151">
        <ele>5.6</ele>
      </trkpt>
      <trkpt lat="43.021172" lon="10.566294">
        <ele>5.2</ele>
      </trkpt>
      <trkpt lat="43.021472" lon="10.564404">
        <ele>5.9</ele>
      </trkpt>
      <trkpt lat="43.022117" lon="10.560242">
        <ele>4.0</ele>
      </trkpt>
      <trkpt lat="43.022309" lon="10.558976">
        <ele>3.6</ele>
      </trkpt>
      <trkpt lat="43.026473" lon="10.5605">
        <ele>4.7</ele>
      </trkpt>
      <trkpt lat="43.026516" lon="10.560457">
        <ele>4.7</ele>
      </trkpt>
      <trkpt lat="43.026559" lon="10.560371">
        <ele>4.6</ele>
      </trkpt>
      <trkpt lat="43.026602" lon="10.560135">
        <ele>4.6</ele>
      </trkpt>
      <trkpt lat="43.026645" lon="10.559148">
        <ele>4.3</ele>
      </trkpt>
      <trkpt lat="43.026837" lon="10.556723">
        <ele>4.0</ele>
      </trkpt>
      <trkpt lat="43.026837" lon="10.556659">
        <ele>4.0</ele>
      </trkpt>
      <trkpt lat="43.02688" lon="10.556573">
        <ele>4.0</ele>
      </trkpt>
      <trkpt lat="43.026923" lon="10.556508">
        <ele>4.0</ele>
      </trkpt>
      <trkpt lat="43.027008" lon="10.55653">
        <ele>4.0</ele>
      </trkpt>
      <trkpt lat="43.027074" lon="10.556551">
        <ele>4.0</ele>
      </trkpt>
      <trkpt lat="43.030377" lon="10.55889">
        <ele>6.6</ele>
      </trkpt>
      <trkpt lat="43.031107" lon="10.559426">
        <ele>8.1</ele>
      </trkpt>
      <trkpt lat="43.032244" lon="10.560264">
        <ele>8.1</ele>
      </trkpt>
      <trkpt lat="43.03231" lon="10.560349">
        <ele>8.0</ele>
      </trkpt>
      <trkpt lat="43.032352" lon="10.560435">
        <ele>8.0</ele>
      </trkpt>
      <trkpt lat="43.032373" lon="10.561078">
        <ele>7.3</ele>
      </trkpt>
      <trkpt lat="43.032352" lon="10.561336">
        <ele>7.5</ele>
      </trkpt>
      <trkpt lat="43.03233" lon="10.561444">
        <ele>7.5</ele>
      </trkpt>
      <trkpt lat="43.032267" lon="10.561637">
        <ele>7.7</ele>
      </trkpt>
      <trkpt lat="43.030892" lon="10.563848">
        <ele>9.0</ele>
      </trkpt>
      <trkpt lat="43.030463" lon="10.564576">
        <ele>8.4</ele>
      </trkpt>
      <trkpt lat="43.029005" lon="10.56329">
        <ele>7.6</ele>
      </trkpt>
      <trkpt lat="43.028911" lon="10.563448">
        <ele>7.4</ele>
      </trkpt>
      <trkpt lat="43.028911" lon="10.563448">
        <ele>7.4</ele>
      </trkpt>
    </trkseg>
  </trk>
</gpx>
